[{"id":1491985974254,"visibility":true,"collapse":false,"settings":{"admin_label":"","title":"","heading_selector":"h3","title_fontsize":"","title_fontweight":"","title_text_color":"","title_margin_top":"","title_margin_bottom":"","subtitle":"","subtitle_fontsize":"","title_position":"sppb-text-center","columns_equal_height":"0","fullscreen":"1","no_gutter":"1","id":"","class":"","padding":"128px 0px 128px 0px","margin":"0px 0px 0px 0px","color":"","background_color":"","background_image":"images/joomlabuff/finance/parallax/parallax-5.jpg","overlay":"","background_repeat":"no-repeat","background_size":"cover","background_attachment":"inherit","background_position":"0 0","background_video":"0","background_video_mp4":"","background_video_ogv":"","hidden_xs":"","hidden_sm":"","hidden_md":"","animation":"","animationduration":"300","animationdelay":"0"},"layout":"12","columns":[{"id":1491981043450,"class_name":"col-md-12","visibility":true,"settings":{},"addons":[{"id":1491981043453,"name":"heading","visibility":true,"settings":{"admin_label":"","title":"Contact","heading_selector":"h1","use_link":"0","title_link":"","link_new_tab":"0","title_fontsize":"","title_fontstyle":null,"title_fontweight":"","title_lineheight":"","title_letterspace":"0","title_margin":"0px 0px 0px 0px","title_padding":"0px 0px 0px 0px","alignment":"sppb-text-center","class":"text-uppercase text-color-light font-weight-bold center m-none","global_text_color":"","global_link_color":"","global_link_hover_color":"","global_use_background":"0","global_background_color":"","global_background_image":"","global_background_repeat":"no-repeat","global_background_size":"cover","global_background_attachment":"inherit","global_user_border":"0","global_border_width":"","global_border_color":"","global_boder_style":"none","global_border_radius":"","global_margin":"","global_padding":"","global_use_animation":"0","global_animation":"","global_animationduration":"300","global_animationdelay":"0","hidden_md":"0","hidden_sm":"0","hidden_xs":"0","acl":null}}]}]},{"id":1491985974257,"visibility":true,"collapse":false,"settings":{"padding":"50px 0px 50px 0px","margin":"0px 0px 0px 0px"},"layout":"3,3,3,3","columns":[{"id":1491985974258,"class_name":"col-md-3","visibility":true,"settings":{},"addons":[{"id":1491985974264,"name":"raw_html","visibility":true,"settings":{"admin_label":"","title":"","heading_selector":"h3","title_fontsize":"","title_lineheight":"","title_fontstyle":null,"title_letterspace":"0","title_fontweight":"","title_text_color":"","title_margin_top":"","title_margin_bottom":"","html":"<div class=\"custom-min-height-1 custom-center-xs\">\n\t\t\t\t\t\t\t<img src=\"images/joomlabuff/finance/icons/custom-icon-6.png\" alt=\"\" class=\"mb-md\">\n\t\t\t\t\t\t\t<h4 class=\"font-weight-semibold mb-md\">Address</h4>\n\t\t\t\t\t\t\t<p class=\"custom-text-color-1\">\n\t\t\t\t\t\t\t\t123 Porto Av<br>\n\t\t\t\t\t\t\t\tPorto, PT 12345<br>\n\t\t\t\t\t\t\t\tSecond Floor\n\t\t\t\t\t\t\t</p>\n\t\t\t\t\t\t</div>","class":"","global_text_color":"","global_link_color":"","global_link_hover_color":"","global_use_background":"0","global_background_color":"","global_background_image":"","global_background_repeat":"no-repeat","global_background_size":"cover","global_background_attachment":"inherit","global_user_border":"0","global_border_width":"","global_border_color":"","global_boder_style":"none","global_border_radius":"","global_margin":"","global_padding":"","global_use_animation":"0","global_animation":"","global_animationduration":"300","global_animationdelay":"0","hidden_md":"0","hidden_sm":"0","hidden_xs":"0","acl":null}}]},{"id":1491985974259,"class_name":"col-md-3","visibility":true,"settings":{},"addons":[{"id":1491985974269,"name":"raw_html","visibility":true,"settings":{"admin_label":"","title":"","heading_selector":"h3","title_fontsize":"","title_lineheight":"","title_fontstyle":null,"title_letterspace":"0","title_fontweight":"","title_text_color":"","title_margin_top":"","title_margin_bottom":"","html":"<div class=\"custom-min-height-1 custom-center-xs\">\n\t\t\t\t\t\t\t<img src=\"images/joomlabuff/finance/icons/custom-icon-7.png\" alt=\"\" class=\"mb-md\">\n\t\t\t\t\t\t\t<h4 class=\"font-weight-semibold mb-md\">Phone</h4>\n\t\t\t\t\t\t\t<ul class=\"custom-list-style-3\">\n\t\t\t\t\t\t\t\t<li>\n\t\t\t\t\t\t\t\t\t<span class=\"title text-color-dark\">Office <span class=\"custom-text-color-1 pull-right\">:</span></span>\n\t\t\t\t\t\t\t\t\t<span class=\"value\">\n\t\t\t\t\t\t\t\t\t\t<a href=\"tel:+18001234567\" class=\"custom-text-color-1\">800 123 4567</a>\n\t\t\t\t\t\t\t\t\t</span>\n\t\t\t\t\t\t\t\t</li>\n\t\t\t\t\t\t\t\t<li>\n\t\t\t\t\t\t\t\t\t<span class=\"title text-color-dark\">Sale <span class=\"custom-text-color-1 pull-right\">:</span></span>\n\t\t\t\t\t\t\t\t\t<span class=\"value\">\n\t\t\t\t\t\t\t\t\t\t<a href=\"tel:+18001234567\" class=\"custom-text-color-1\">800 123 4568</a>\n\t\t\t\t\t\t\t\t\t</span>\n\t\t\t\t\t\t\t\t</li>\n\t\t\t\t\t\t\t\t<li>\n\t\t\t\t\t\t\t\t\t<span class=\"title text-color-dark\">Admin <span class=\"custom-text-color-1 pull-right\">:</span></span>\n\t\t\t\t\t\t\t\t\t<span class=\"value\">\n\t\t\t\t\t\t\t\t\t\t<a href=\"tel:+18001234567\" class=\"custom-text-color-1\">800 123 4569</a>\n\t\t\t\t\t\t\t\t\t</span>\n\t\t\t\t\t\t\t\t</li>\n\t\t\t\t\t\t\t</ul>\n\t\t\t\t\t\t</div>","class":"","global_text_color":"","global_link_color":"","global_link_hover_color":"","global_use_background":"0","global_background_color":"","global_background_image":"","global_background_repeat":"no-repeat","global_background_size":"cover","global_background_attachment":"inherit","global_user_border":"0","global_border_width":"","global_border_color":"","global_boder_style":"none","global_border_radius":"","global_margin":"","global_padding":"","global_use_animation":"0","global_animation":"","global_animationduration":"300","global_animationdelay":"0","hidden_md":"0","hidden_sm":"0","hidden_xs":"0","acl":null}}]},{"id":1491985974260,"class_name":"col-md-3","visibility":true,"settings":{},"addons":[{"id":1491985974272,"name":"raw_html","visibility":true,"settings":{"admin_label":"","title":"","heading_selector":"h3","title_fontsize":"","title_lineheight":"","title_fontstyle":null,"title_letterspace":"0","title_fontweight":"","title_text_color":"","title_margin_top":"","title_margin_bottom":"","html":"<div class=\"custom-min-height-1 custom-center-xs\">\n\t\t\t\t\t\t\t<img src=\"images/joomlabuff/finance/icons/custom-icon-8.png\" alt=\"\" class=\"mb-md\">\n\t\t\t\t\t\t\t<h4 class=\"font-weight-semibold mb-md\">Email</h4>\n\t\t\t\t\t\t\t<ul class=\"custom-list\">\n\t\t\t\t\t\t\t\t<li>\n\t\t\t\t\t\t\t\t\t<a href=\"mail:you@domain.com\" class=\"custom-text-color-1\" title=\"Contact Us\">hello@finance.com</a>\n\t\t\t\t\t\t\t\t</li>\n\t\t\t\t\t\t\t\t<li>\n\t\t\t\t\t\t\t\t\t<a href=\"mail:you@domain.com\" class=\"custom-text-color-1\" title=\"Sales\">sales@finance.com</a>\n\t\t\t\t\t\t\t\t</li>\n\t\t\t\t\t\t\t\t<li>\n\t\t\t\t\t\t\t\t\t<a href=\"mail:you@domain.com\" class=\"custom-text-color-1\" title=\"Careers\">careers@finance.com</a>\n\t\t\t\t\t\t\t\t</li>\n\t\t\t\t\t\t\t</ul>\n\t\t\t\t\t\t</div>","class":"","global_text_color":"","global_link_color":"","global_link_hover_color":"","global_use_background":"0","global_background_color":"","global_background_image":"","global_background_repeat":"no-repeat","global_background_size":"cover","global_background_attachment":"inherit","global_user_border":"0","global_border_width":"","global_border_color":"","global_boder_style":"none","global_border_radius":"","global_margin":"","global_padding":"","global_use_animation":"0","global_animation":"","global_animationduration":"300","global_animationdelay":"0","hidden_md":"0","hidden_sm":"0","hidden_xs":"0","acl":null}}]},{"id":1491985974261,"class_name":"col-md-3","visibility":true,"settings":{},"addons":[{"id":1491985974277,"name":"raw_html","visibility":true,"settings":{"admin_label":"","title":"","heading_selector":"h3","title_fontsize":"","title_lineheight":"","title_fontstyle":null,"title_letterspace":"0","title_fontweight":"","title_text_color":"","title_margin_top":"","title_margin_bottom":"","html":"<div class=\"custom-min-height-1 custom-center-xs\">\n\t\t\t\t\t\t\t<img src=\"images/joomlabuff/finance/icons/custom-icon-9.png\" alt=\"\" class=\"mb-md\">\n\t\t\t\t\t\t\t<h4 class=\"font-weight-semibold mb-md\">Social media</h4>\n\t\t\t\t\t\t\t<ul class=\"custom-list\">\n\t\t\t\t\t\t\t\t<li>\n\t\t\t\t\t\t\t\t\t<i class=\"fa fa-facebook-square custom-text-color-1 mr-sm\"></i>\n\t\t\t\t\t\t\t\t\t<a href=\"http://www.facebook.com\" class=\"custom-text-color-1\" title=\"Facebook\">Facebook</a>\n\t\t\t\t\t\t\t\t</li>\n\t\t\t\t\t\t\t\t<li>\n\t\t\t\t\t\t\t\t\t<i class=\"fa fa-twitter-square custom-text-color-1 mr-sm\"></i>\n\t\t\t\t\t\t\t\t\t<a href=\"http://www.twitter.com\" class=\"custom-text-color-1\" title=\"Twitter\">Twitter</a>\n\t\t\t\t\t\t\t\t</li>\n\t\t\t\t\t\t\t\t<li>\n\t\t\t\t\t\t\t\t\t<i class=\"fa fa-linkedin-square custom-text-color-1 mr-sm\"></i>\n\t\t\t\t\t\t\t\t\t<a href=\"http://www.linkedin.com\" class=\"custom-text-color-1\" title=\"Linkedin\">Linkedin</a>\n\t\t\t\t\t\t\t\t</li>\n\t\t\t\t\t\t\t</ul>\n\t\t\t\t\t\t</div>","class":"","global_text_color":"","global_link_color":"","global_link_hover_color":"","global_use_background":"0","global_background_color":"","global_background_image":"","global_background_repeat":"no-repeat","global_background_size":"cover","global_background_attachment":"inherit","global_user_border":"0","global_border_width":"","global_border_color":"","global_boder_style":"none","global_border_radius":"","global_margin":"","global_padding":"","global_use_animation":"0","global_animation":"","global_animationduration":"300","global_animationdelay":"0","hidden_md":"0","hidden_sm":"0","hidden_xs":"0","acl":null}}]}]},{"id":1491985974278,"visibility":true,"collapse":false,"settings":{"admin_label":"","title":"Get In Touch","heading_selector":"h2","title_fontsize":"","title_fontweight":"","title_text_color":"rgba(255, 255, 255, 1)","title_margin_top":"","title_margin_bottom":"","subtitle":"send us your needs","subtitle_fontsize":"","title_position":"sppb-text-center","columns_equal_height":"0","fullscreen":"0","no_gutter":"0","id":"","class":"","padding":"50px 0px 50px 0px","margin":"0px 0px 0px 0px","color":"","background_color":"rgba(106, 128, 169, 1)","background_image":"","overlay":"","background_repeat":"no-repeat","background_size":"cover","background_attachment":"fixed","background_position":"0 0","background_video":"0","background_video_mp4":"","background_video_ogv":"","hidden_xs":"","hidden_sm":"","hidden_md":"","animation":"","animationduration":"300","animationdelay":"0"},"layout":"12","columns":[{"id":1491985974279,"class_name":"col-md-12","visibility":true,"settings":{},"addons":[{"id":1491985974282,"name":"module","visibility":true,"settings":{"admin_label":"Contact form","title":"","heading_selector":"h3","title_fontsize":"","title_lineheight":"","title_fontstyle":null,"title_letterspace":"0","title_fontweight":"","title_text_color":"","title_margin_top":"","title_margin_bottom":"","module_type":"module","id":"259","position":"","class":"","global_text_color":"","global_link_color":"","global_link_hover_color":"","global_use_background":"0","global_background_color":"","global_background_image":"","global_background_repeat":"no-repeat","global_background_size":"cover","global_background_attachment":"inherit","global_user_border":"0","global_border_width":"","global_border_color":"","global_boder_style":"none","global_border_radius":"","global_margin":"","global_padding":"","global_use_animation":"0","global_animation":"","global_animationduration":"300","global_animationdelay":"0","hidden_md":"0","hidden_sm":"0","hidden_xs":"0","acl":null}}]}]},{"id":1491985974285,"visibility":true,"collapse":false,"settings":{"admin_label":"","title":"","heading_selector":"h3","title_fontsize":"","title_fontweight":"","title_text_color":"","title_margin_top":"","title_margin_bottom":"","subtitle":"","subtitle_fontsize":"","title_position":"sppb-text-center","columns_equal_height":"0","fullscreen":"1","no_gutter":"1","id":"","class":"","padding":"0px 0px 0px 0px","margin":"0px 0px 0px 0px","color":"","background_color":"","background_image":"","overlay":"","background_repeat":"no-repeat","background_size":"cover","background_attachment":"fixed","background_position":"0 0","background_video":"0","background_video_mp4":"","background_video_ogv":"","hidden_xs":"","hidden_sm":"","hidden_md":"","animation":"","animationduration":"300","animationdelay":"0"},"layout":"12","columns":[{"id":1491985974286,"class_name":"col-md-12","visibility":true,"settings":{},"addons":[{"id":1491985974289,"name":"gmap","visibility":true,"settings":{"admin_label":"Google map","title":"","heading_selector":"h3","title_fontsize":"","title_lineheight":"","title_fontstyle":null,"title_letterspace":"0","title_fontweight":"","title_text_color":"","title_margin_top":"","title_margin_bottom":"","map":"40.712784, -74.005941","height":"500","type":"ROADMAP","zoom":"18","mousescroll":"false","class":"","global_text_color":"","global_link_color":"","global_link_hover_color":"","global_use_background":"0","global_background_color":"","global_background_image":"","global_background_repeat":"no-repeat","global_background_size":"cover","global_background_attachment":"inherit","global_user_border":"0","global_border_width":"","global_border_color":"","global_boder_style":"none","global_border_radius":"","global_margin":"","global_padding":"","global_use_animation":"0","global_animation":"","global_animationduration":"300","global_animationdelay":"0","hidden_md":"0","hidden_sm":"0","hidden_xs":"0","acl":null}}]}]},{"id":1491985974296,"visibility":true,"collapse":false,"settings":{"admin_label":"Footer","title":"","heading_selector":"h3","title_fontsize":"","title_fontweight":"","title_text_color":"","title_margin_top":"","title_margin_bottom":"","subtitle":"","subtitle_fontsize":"","title_position":"sppb-text-center","columns_equal_height":"0","fullscreen":"0","no_gutter":"0","id":"","class":"custom-footer background-color-light m-none","padding":"50px 0px 0px 0px","margin":"0px 0px 0px 0px","color":"","background_color":"","background_image":"","overlay":"","background_repeat":"no-repeat","background_size":"cover","background_attachment":"fixed","background_position":"0 0","background_video":"0","background_video_mp4":"","background_video_ogv":"","hidden_xs":"","hidden_sm":"","hidden_md":"","animation":"","animationduration":"300","animationdelay":"0"},"layout":"12","columns":[{"id":1491979592423,"class_name":"col-md-12","visibility":true,"settings":{},"addons":[{"id":1491979592429,"name":"raw_html","visibility":true,"settings":{"admin_label":"","title":"","heading_selector":"h3","title_fontsize":"","title_lineheight":"","title_fontstyle":null,"title_letterspace":"0","title_fontweight":"","title_text_color":"","title_margin_top":"","title_margin_bottom":"","html":"<div class=\"row\">\n\t\t\t\t\t\t<div class=\"col-md-2\">\n\t\t\t\t\t\t\t<a href=\"#\" class=\"text-decoration-none\">\n\t\t\t\t\t\t\t\t<img src=\"images/joomlabuff/finance/logo.png\" class=\"img-responsive\" alt=\"\" height=\"45\" width=\"100\">\n\t\t\t\t\t\t\t</a>\n\t\t\t\t\t\t</div>\n\t\t\t\t\t\t<div class=\"col-md-2 col-md-offset-1\">\n\t\t\t\t\t\t\t<h5 class=\"text-color-dark font-weight-bold mb-xs\">Customer Services</h5>\n\t\t\t\t\t\t\t<ul>\n\t\t\t\t\t\t\t\t<li>\n\t\t\t\t\t\t\t\t\t<a class=\"custom-text-color-1\" href=\"tel:+8001234567\" target=\"_blank\" title=\"Call Us\">\n\t\t\t\t\t\t\t\t\t\t800 123 4567\n\t\t\t\t\t\t\t\t\t</a>\n\t\t\t\t\t\t\t\t</li>\n\t\t\t\t\t\t\t\t<li>\n\t\t\t\t\t\t\t\t\t<a class=\"custom-text-color-1\" href=\"demo-finance-contact-us.html\" title=\"Contact Us\">\n\t\t\t\t\t\t\t\t\t\tContact Us\n\t\t\t\t\t\t\t\t\t</a>\n\t\t\t\t\t\t\t\t</li>\n\t\t\t\t\t\t\t</ul>\n\t\t\t\t\t\t</div>\n\t\t\t\t\t\t<div class=\"col-md-2 col-md-offset-1\">\n\t\t\t\t\t\t\t<h5 class=\"text-color-dark font-weight-bold mb-xs\">Company</h5>\n\t\t\t\t\t\t\t<ul>\n\t\t\t\t\t\t\t\t<li>\n\t\t\t\t\t\t\t\t\t<a class=\"custom-text-color-1\" href=\"demo-finance-company.html\" title=\"About Us\">\n\t\t\t\t\t\t\t\t\t\tAbout Us\n\t\t\t\t\t\t\t\t\t</a>\n\t\t\t\t\t\t\t\t</li>\n\t\t\t\t\t\t\t\t<li>\n\t\t\t\t\t\t\t\t\t<a class=\"custom-text-color-1\" href=\"demo-finance-team.html\" title=\"Team\">\n\t\t\t\t\t\t\t\t\t\tTeam\n\t\t\t\t\t\t\t\t\t</a>\n\t\t\t\t\t\t\t\t</li>\n\t\t\t\t\t\t\t</ul>\n\t\t\t\t\t\t</div>\n\t\t\t\t\t\t<div class=\"col-md-2\">\n\t\t\t\t\t\t\t<h5 class=\"text-color-dark font-weight-bold mb-xs\">Policies</h5>\n\t\t\t\t\t\t\t<ul>\n\t\t\t\t\t\t\t\t<li>\n\t\t\t\t\t\t\t\t\t<a class=\"custom-text-color-1\" href=\"#\" title=\"Privacy policy\">\n\t\t\t\t\t\t\t\t\t\tPrivacy policy\n\t\t\t\t\t\t\t\t\t</a>\n\t\t\t\t\t\t\t\t</li>\n\t\t\t\t\t\t\t\t<li>\n\t\t\t\t\t\t\t\t\t<a class=\"custom-text-color-1\" href=\"#\" title=\"Terms of Use\">\n\t\t\t\t\t\t\t\t\t\tTerms of Use\n\t\t\t\t\t\t\t\t\t</a>\n\t\t\t\t\t\t\t\t</li>\n\t\t\t\t\t\t\t</ul>\n\t\t\t\t\t\t</div>\n\t\t\t\t\t\t<div class=\"col-md-2\">\n\t\t\t\t\t\t\t<ul class=\"social-icons custom-social-icons\">\n\t\t\t\t\t\t\t\t<li class=\"social-icons-facebook\">\n\t\t\t\t\t\t\t\t\t<a href=\"http://www.facebook.com/\" target=\"_blank\" title=\"Facebook\">\n\t\t\t\t\t\t\t\t\t\t<i class=\"fa fa-facebook\"></i>\n\t\t\t\t\t\t\t\t\t</a>\n\t\t\t\t\t\t\t\t</li>\n\t\t\t\t\t\t\t\t<li class=\"social-icons-twitter\">\n\t\t\t\t\t\t\t\t\t<a href=\"http://www.twitter.com/\" target=\"_blank\" title=\"Twitter\">\n\t\t\t\t\t\t\t\t\t\t<i class=\"fa fa-twitter\"></i>\n\t\t\t\t\t\t\t\t\t</a>\n\t\t\t\t\t\t\t\t</li>\n\t\t\t\t\t\t\t\t<li class=\"social-icons-instagram\">\n\t\t\t\t\t\t\t\t\t<a href=\"http://www.instagram.com/\" target=\"_blank\" title=\"Instagram\">\n\t\t\t\t\t\t\t\t\t\t<i class=\"fa fa-instagram\"></i>\n\t\t\t\t\t\t\t\t\t</a>\n\t\t\t\t\t\t\t\t</li>\n\t\t\t\t\t\t\t</ul>\n\t\t\t\t\t\t</div>\n\t\t\t\t\t</div>","class":"","global_text_color":"","global_link_color":"","global_link_hover_color":"","global_use_background":"0","global_background_color":"","global_background_image":"","global_background_repeat":"no-repeat","global_background_size":"cover","global_background_attachment":"inherit","global_user_border":"0","global_border_width":"","global_border_color":"","global_boder_style":"none","global_border_radius":"","global_margin":"","global_padding":"","global_use_animation":"0","global_animation":"","global_animationduration":"300","global_animationdelay":"0","hidden_md":"0","hidden_sm":"0","hidden_xs":"0","acl":null}}]}]}]