[{"id":1491896722528,"visibility":true,"collapse":false,"settings":{"admin_label":"","title":"","heading_selector":"h3","title_fontsize":"","title_fontweight":"","title_text_color":"","title_margin_top":"","title_margin_bottom":"","subtitle":"","subtitle_fontsize":"","title_position":"sppb-text-center","columns_equal_height":"0","fullscreen":"1","no_gutter":"1","id":"","class":"","padding":"0px 0px 0px 0px","margin":"0px 0px 0px 0px","color":"","background_color":"","background_image":"","overlay":"","background_repeat":"no-repeat","background_size":"cover","background_attachment":"fixed","background_position":"0 0","background_video":"0","background_video_mp4":"","background_video_ogv":"","hidden_xs":"","hidden_sm":"","hidden_md":"","animation":"","animationduration":"300","animationdelay":"0"},"layout":"12","columns":[{"id":1491896722529,"class_name":"col-md-12","visibility":true,"settings":{},"addons":[{"id":1491897337201,"name":"module","visibility":true,"settings":{"admin_label":"finance slider","title":"","heading_selector":"h3","title_fontsize":"","title_lineheight":"","title_fontstyle":null,"title_letterspace":"0","title_fontweight":"","title_text_color":"","title_margin_top":"","title_margin_bottom":"","module_type":"module","id":"253","position":"","class":"","global_text_color":"","global_link_color":"","global_link_hover_color":"","global_use_background":"0","global_background_color":"","global_background_image":"","global_background_repeat":"no-repeat","global_background_size":"cover","global_background_attachment":"inherit","global_user_border":"0","global_border_width":"","global_border_color":"","global_boder_style":"none","global_border_radius":"","global_margin":"","global_padding":"","global_use_animation":"0","global_animation":"","global_animationduration":"300","global_animationdelay":"0","hidden_md":"0","hidden_sm":"0","hidden_xs":"0","acl":null}}]}]},{"id":1491897337204,"visibility":true,"collapse":false,"settings":{"admin_label":"","title":"","heading_selector":"h3","title_fontsize":"","title_fontweight":"","title_text_color":"","title_margin_top":"","title_margin_bottom":"","subtitle":"","subtitle_fontsize":"","title_position":"sppb-text-center","columns_equal_height":"0","fullscreen":"1","no_gutter":"1","id":"","class":"home-intro custom-home-intro","padding":"20px 0px 20px 0px","margin":"0px 0px 0px 0px","color":"","background_color":"rgba(37, 39, 44, 1)","background_image":"","overlay":"","background_repeat":"no-repeat","background_size":"cover","background_attachment":"fixed","background_position":"0 0","background_video":"0","background_video_mp4":"","background_video_ogv":"","hidden_xs":"","hidden_sm":"","hidden_md":"","animation":"","animationduration":"300","animationdelay":"0"},"layout":"12","columns":[{"id":1479706363937,"class_name":"col-md-12","visibility":true,"settings":{},"addons":[{"id":1479706363940,"name":"raw_html","visibility":true,"settings":{"admin_label":"call to action","title":"","heading_selector":"h3","title_fontsize":"","title_lineheight":"","title_fontstyle":null,"title_letterspace":"0","title_fontweight":"","title_text_color":"","title_margin_top":"","title_margin_bottom":"","html":"<div class=\"container\">\t\t\t\t\t\t\t\n<div class=\"col-md-8\">\n\t\t\t\t\t\t\t\t<p>\n\t\t\t\t\t\t\t\t\t The fastest way to grow your business with the leader in investments. \n\t\t\t\t\t\t\t\t\t<span class=\"text-color-primary\">Learn more about our strategy</span>\n\t\t\t\t\t\t\t\t</p>\n\t\t\t\t\t\t\t</div>\n\t\t\t\t\t\t\t<div class=\"col-md-4\">\n\t\t\t\t\t\t\t\t<div class=\"get-started\">\n\t\t\t\t\t\t\t\t\t<a href=\"#\" class=\"no-radius btn btn-lg btn-primary\">Get Started Now!</a>\n\t\t\t\t\t\t\t\t\t\n\t\t\t\t\t\t\t\t</div>\n\t\t\t\t\t\t\t</div>\n</div>","class":"","global_text_color":"","global_link_color":"","global_link_hover_color":"","global_use_background":"0","global_background_color":"","global_background_image":"","global_background_repeat":"no-repeat","global_background_size":"cover","global_background_attachment":"inherit","global_user_border":"0","global_border_width":"","global_border_color":"","global_boder_style":"none","global_border_radius":"","global_margin":"","global_padding":"","global_use_animation":"0","global_animation":"","global_animationduration":"300","global_animationdelay":"0","hidden_md":"0","hidden_sm":"0","hidden_xs":"0","acl":null}}]}]},{"id":1491897337211,"visibility":true,"collapse":false,"settings":{"admin_label":"","title":"","heading_selector":"h3","title_fontsize":"","title_fontweight":"","title_text_color":"","title_margin_top":"","title_margin_bottom":"","subtitle":"","subtitle_fontsize":"","title_position":"sppb-text-center","columns_equal_height":"0","fullscreen":"1","no_gutter":"1","id":"","class":"","padding":"0px 0px 0px 0px","margin":"0px 0px 0px 0px","color":"","background_color":"","background_image":"","overlay":"","background_repeat":"no-repeat","background_size":"cover","background_attachment":"fixed","background_position":"0 0","background_video":"0","background_video_mp4":"","background_video_ogv":"","hidden_xs":"","hidden_sm":"","hidden_md":"","animation":"","animationduration":"300","animationdelay":"0"},"layout":"12","columns":[{"id":1491897337212,"class_name":"col-md-12","visibility":true,"settings":{"color":"","background":"","background_image":"","overlay":"","background_repeat":"no-repeat","background_size":"cover","background_attachment":"scroll","background_position":"0 0","padding":"","class":"","sm_col":"","xs_col":"","hidden_xs":"","hidden_sm":"","hidden_md":"","animation":"","animationduration":"300","animationdelay":"0"},"addons":[{"id":1491897337213,"type":"inner_row","settings":{"admin_label":"","title":"","heading_selector":"h3","title_fontsize":"","title_fontweight":"","title_text_color":"","title_margin_top":"","title_margin_bottom":"","subtitle":"","subtitle_fontsize":"","title_position":"sppb-text-center","columns_equal_height":"0","fullscreen":"1","no_gutter":"1","id":"","class":"","padding":"0px 0px 0px 0px","margin":"0px 0px 0px 0px","color":"","background_color":"","background_image":"","overlay":"","background_repeat":"no-repeat","background_size":"cover","background_attachment":"fixed","background_position":"0 0","background_video":"0","background_video_mp4":"","background_video_ogv":"","hidden_xs":"","hidden_sm":"","hidden_md":"","animation":"","animationduration":"300","animationdelay":"0"},"layout":"6,6","visibility":true,"columns":[{"id":1491897337214,"class_name":"col-md-6","visibility":true,"settings":{"color":"","background":"","background_image":"images/joomlabuff/finance/parallax/parallax-1.jpg","overlay":"","background_repeat":"inherit","background_size":"cover","background_attachment":"fixed","background_position":"100% 50%","padding":"20 20 20 20","class":"","sm_col":"","xs_col":"","hidden_xs":"","hidden_sm":"","hidden_md":"","animation":"","animationduration":"300","animationdelay":"0"},"addons":[{"id":1491916945876,"name":"empty_space","visibility":true,"settings":{"admin_label":"","gap":"315","class":"","global_text_color":"","global_link_color":"","global_link_hover_color":"","global_use_background":"0","global_background_color":"","global_background_image":"","global_background_repeat":"no-repeat","global_background_size":"cover","global_background_attachment":"inherit","global_user_border":"0","global_border_width":"","global_border_color":"","global_boder_style":"none","global_border_radius":"","global_margin":"","global_padding":"","global_use_animation":"0","global_animation":"","global_animationduration":"300","global_animationdelay":"0","hidden_md":"0","hidden_sm":"0","hidden_xs":"0","acl":null}}]},{"id":1491897337217,"class_name":"col-md-6","visibility":true,"settings":{},"addons":[{"id":1491897337224,"name":"raw_html","visibility":true,"settings":{"admin_label":"","title":"","heading_selector":"h3","title_fontsize":"","title_lineheight":"","title_fontstyle":null,"title_letterspace":"0","title_fontweight":"","title_text_color":"","title_margin_top":"","title_margin_bottom":"","html":"<div class=\"section section-no-border match-height m-none\" style=\"height: 315px;\">\n\t\t\t\t\t\t\t<div class=\"t3-sl\">\n\t\t\t\t\t\t\t\t<div class=\"col-half-section col-half-section-left\">\n\t\t\t\t\t\t\t\t\t<h2 class=\"m-none text-uppercase font-weight-bold\">Leading Investment Firm</h2>\n\t\t\t\t\t\t\t\t\t<p class=\"text-md text-color-dark\">Meet Porto Finance</p>\n\t\t\t\t\t\t\t\t\t<p class=\"custom-text-color-1\">Lorem ipsum dolor sit amet, consectetur adipisicing elit. Animi quod nobis fugiat ipsum harum, eligendi nisi!</p>\n\t\t\t\t\t\t\t\t\t<a href=\"#\" class=\"btn btn-borders btn-primary custom-btn-style-2 font-weight-semibold text-color-dark text-uppercase\">Read More</a>\n\t\t\t\t\t\t\t\t</div>\n\t\t\t\t\t\t\t</div>\n\t\t\t\t\t\t</div>","class":"","global_text_color":"","global_link_color":"","global_link_hover_color":"","global_use_background":"0","global_background_color":"","global_background_image":"","global_background_repeat":"no-repeat","global_background_size":"cover","global_background_attachment":"inherit","global_user_border":"0","global_border_width":"","global_border_color":"","global_boder_style":"none","global_border_radius":"","global_margin":"","global_padding":"","global_use_animation":"0","global_animation":"","global_animationduration":"300","global_animationdelay":"0","hidden_md":"0","hidden_sm":"0","hidden_xs":"0","acl":null}}]}]}]}]},{"id":1491917590538,"visibility":true,"collapse":false,"settings":{"admin_label":"","title":"","heading_selector":"h3","title_fontsize":"","title_fontweight":"","title_text_color":"","title_margin_top":"","title_margin_bottom":"","subtitle":"","subtitle_fontsize":"","title_position":"sppb-text-center","columns_equal_height":"0","fullscreen":"1","no_gutter":"1","id":"","class":"","padding":"0px 0px 0px 0px","margin":"0px 0px 0px 0px","color":"","background_color":"","background_image":"","overlay":"","background_repeat":"no-repeat","background_size":"cover","background_attachment":"fixed","background_position":"0 0","background_video":"0","background_video_mp4":"","background_video_ogv":"","hidden_xs":"","hidden_sm":"","hidden_md":"","animation":"","animationduration":"300","animationdelay":"0"},"layout":"12","columns":[{"id":1491897337212,"class_name":"col-md-12","visibility":true,"settings":{"color":"","background":"","background_image":"","overlay":"","background_repeat":"no-repeat","background_size":"cover","background_attachment":"scroll","background_position":"0 0","padding":"","class":"","sm_col":"","xs_col":"","hidden_xs":"","hidden_sm":"","hidden_md":"","animation":"","animationduration":"300","animationdelay":"0"},"addons":[{"id":1491897337213,"type":"inner_row","settings":{"admin_label":"","title":"","heading_selector":"h3","title_fontsize":"","title_fontweight":"","title_text_color":"","title_margin_top":"","title_margin_bottom":"","subtitle":"","subtitle_fontsize":"","title_position":"sppb-text-center","columns_equal_height":"0","fullscreen":"1","no_gutter":"1","id":"","class":"","padding":"0px 0px 0px 0px","margin":"0px 0px 0px 0px","color":"","background_color":"","background_image":"","overlay":"","background_repeat":"no-repeat","background_size":"cover","background_attachment":"fixed","background_position":"0 0","background_video":"0","background_video_mp4":"","background_video_ogv":"","hidden_xs":"","hidden_sm":"","hidden_md":"","animation":"","animationduration":"300","animationdelay":"0"},"layout":"6,6","visibility":true,"columns":[{"id":1491897337217,"class_name":"col-md-6","visibility":true,"settings":{"color":"","background":"","background_image":"","overlay":"","background_repeat":"no-repeat","background_size":"cover","background_attachment":"scroll","background_position":"0 0","padding":"","class":"","sm_col":"","xs_col":"","hidden_xs":"","hidden_sm":"","hidden_md":"","animation":"","animationduration":"300","animationdelay":"0"},"addons":[{"id":1491897337224,"name":"raw_html","visibility":true,"settings":{"admin_label":"","title":"","heading_selector":"h3","title_fontsize":"","title_lineheight":"","title_fontstyle":null,"title_letterspace":"0","title_fontweight":"","title_text_color":"","title_margin_top":"","title_margin_bottom":"","html":"<div class=\"section section-no-border match-height m-none\" style=\"height: 315px;\">\n\t\t\t\t\t\t\t<div class=\"t3-sl\">\n\t\t\t\t\t\t\t\t<div class=\"col-half-section col-half-section-right custom-text-align-right\">\n\t\t\t\t\t\t\t\t\t<h2 class=\"m-none text-uppercase font-weight-bold\">Financial Services</h2>\n\t\t\t\t\t\t\t\t\t<p class=\"text-md text-color-dark\">What we can do for you</p>\n\t\t\t\t\t\t\t\t\t<p class=\"custom-text-color-1\">Lorem ipsum dolor sit amet, consectetur adipisicing elit. Ratione quisquam, aliquam dolore placeat dolorem libero harum.</p>\n\t\t\t\t\t\t\t\t\t<a href=\"#\" class=\"btn btn-borders btn-primary custom-btn-style-2 font-weight-semibold text-color-dark text-uppercase \">Read More</a>\n\t\t\t\t\t\t\t\t</div>\n\t\t\t\t\t\t\t</div>\n\t\t\t\t\t\t</div>","class":"","global_text_color":"","global_link_color":"","global_link_hover_color":"","global_use_background":"0","global_background_color":"","global_background_image":"","global_background_repeat":"no-repeat","global_background_size":"cover","global_background_attachment":"inherit","global_user_border":"0","global_border_width":"","global_border_color":"","global_boder_style":"none","global_border_radius":"","global_margin":"","global_padding":"","global_use_animation":"0","global_animation":"","global_animationduration":"300","global_animationdelay":"0","hidden_md":"0","hidden_sm":"0","hidden_xs":"0","acl":null}}]},{"id":1491917590590,"class_name":"col-md-6","visibility":true,"settings":{"color":"","background":"","background_image":"images/joomlabuff/finance/parallax/parallax-2.jpg","overlay":"","background_repeat":"repeat","background_size":"contain","background_attachment":"fixed","background_position":"100% 50%","padding":"","class":"","sm_col":"","xs_col":"","hidden_xs":"","hidden_sm":"","hidden_md":"","animation":"","animationduration":"300","animationdelay":"0"},"addons":[{"id":1491917590595,"name":"empty_space","visibility":true,"settings":{"admin_label":"","gap":"315","class":"","global_text_color":"","global_link_color":"","global_link_hover_color":"","global_use_background":"0","global_background_color":"","global_background_image":"","global_background_repeat":"no-repeat","global_background_size":"cover","global_background_attachment":"inherit","global_user_border":"0","global_border_width":"","global_border_color":"","global_boder_style":"none","global_border_radius":"","global_margin":"","global_padding":"","global_use_animation":"0","global_animation":"","global_animationduration":"300","global_animationdelay":"0","hidden_md":"0","hidden_sm":"0","hidden_xs":"0","acl":null}}]}]}]}]},{"id":1491917590640,"visibility":true,"collapse":false,"settings":{"admin_label":"","title":"","heading_selector":"h3","title_fontsize":"","title_fontweight":"","title_text_color":"","title_margin_top":"","title_margin_bottom":"","subtitle":"","subtitle_fontsize":"","title_position":"sppb-text-center","columns_equal_height":"0","fullscreen":"1","no_gutter":"1","id":"","class":"","padding":"0px 0px 0px 0px","margin":"0px 0px 0px 0px","color":"","background_color":"","background_image":"","overlay":"","background_repeat":"no-repeat","background_size":"cover","background_attachment":"fixed","background_position":"0 0","background_video":"0","background_video_mp4":"","background_video_ogv":"","hidden_xs":"","hidden_sm":"","hidden_md":"","animation":"","animationduration":"300","animationdelay":"0"},"layout":"12","columns":[{"id":1491897337212,"class_name":"col-md-12","visibility":true,"settings":{"color":"","background":"","background_image":"","overlay":"","background_repeat":"no-repeat","background_size":"cover","background_attachment":"scroll","background_position":"0 0","padding":"","class":"","sm_col":"","xs_col":"","hidden_xs":"","hidden_sm":"","hidden_md":"","animation":"","animationduration":"300","animationdelay":"0"},"addons":[{"id":1491897337213,"type":"inner_row","settings":{"admin_label":"","title":"","heading_selector":"h3","title_fontsize":"","title_fontweight":"","title_text_color":"","title_margin_top":"","title_margin_bottom":"","subtitle":"","subtitle_fontsize":"","title_position":"sppb-text-center","columns_equal_height":"0","fullscreen":"1","no_gutter":"1","id":"","class":"","padding":"0px 0px 0px 0px","margin":"0px 0px 0px 0px","color":"","background_color":"","background_image":"","overlay":"","background_repeat":"no-repeat","background_size":"cover","background_attachment":"fixed","background_position":"0 0","background_video":"0","background_video_mp4":"","background_video_ogv":"","hidden_xs":"","hidden_sm":"","hidden_md":"","animation":"","animationduration":"300","animationdelay":"0"},"layout":"6,6","visibility":true,"columns":[{"id":1491917590645,"class_name":"col-md-6","visibility":true,"settings":{"color":"","background":"","background_image":"images/joomlabuff/finance/parallax/parallax-3.jpg","overlay":"","background_repeat":"repeat","background_size":"cover","background_attachment":"fixed","background_position":"50% 50%","padding":"","class":"","sm_col":"","xs_col":"","hidden_xs":"","hidden_sm":"","hidden_md":"","animation":"","animationduration":"300","animationdelay":"0"},"addons":[{"id":1491917590650,"name":"empty_space","visibility":true,"settings":{"admin_label":"","gap":"315","class":"","global_text_color":"","global_link_color":"","global_link_hover_color":"","global_use_background":"0","global_background_color":"","global_background_image":"","global_background_repeat":"no-repeat","global_background_size":"cover","global_background_attachment":"inherit","global_user_border":"0","global_border_width":"","global_border_color":"","global_boder_style":"none","global_border_radius":"","global_margin":"","global_padding":"","global_use_animation":"0","global_animation":"","global_animationduration":"300","global_animationdelay":"0","hidden_md":"0","hidden_sm":"0","hidden_xs":"0","acl":null}}]},{"id":1491897337217,"class_name":"col-md-6","visibility":true,"settings":{},"addons":[{"id":1491897337224,"name":"raw_html","visibility":true,"settings":{"admin_label":"","title":"","heading_selector":"h3","title_fontsize":"","title_lineheight":"","title_fontstyle":null,"title_letterspace":"0","title_fontweight":"","title_text_color":"","title_margin_top":"","title_margin_bottom":"","html":"<div class=\"section section-no-border match-height m-none\" style=\"height: 315px;\">\n\t\t\t\t\t\t\t<div class=\"t3-sl\">\n\t\t\t\t\t\t\t\t<div class=\"col-half-section col-half-section-left\">\n\t\t\t\t\t\t\t\t\t<h2 class=\"m-none text-uppercase font-weight-bold\">Getting Started</h2>\n\t\t\t\t\t\t\t\t\t<p class=\"text-md text-color-dark\">Let's talk</p>\n\t\t\t\t\t\t\t\t\t<p class=\"custom-text-color-1\">Lorem ipsum dolor sit amet, consectetur adipisicing elit. Animi quod nobis fugiat ipsum harum, eligendi nisi!</p>\n\t\t\t\t\t\t\t\t\t<a href=\"#\" class=\"btn btn-borders btn-primary custom-btn-style-2 font-weight-semibold text-color-dark text-uppercase\">Read More</a>\n\t\t\t\t\t\t\t\t</div>\n\t\t\t\t\t\t\t</div>\n\t\t\t\t\t\t</div>","class":"","global_text_color":"","global_link_color":"","global_link_hover_color":"","global_use_background":"0","global_background_color":"","global_background_image":"","global_background_repeat":"no-repeat","global_background_size":"cover","global_background_attachment":"inherit","global_user_border":"0","global_border_width":"","global_border_color":"","global_boder_style":"none","global_border_radius":"","global_margin":"","global_padding":"","global_use_animation":"0","global_animation":"","global_animationduration":"300","global_animationdelay":"0","hidden_md":"0","hidden_sm":"0","hidden_xs":"0","acl":null}}]}]}]}]},{"id":1491917590638,"visibility":true,"collapse":false,"settings":{"admin_label":"","title":"","heading_selector":"h3","title_fontsize":"","title_fontweight":"","title_text_color":"","title_margin_top":"","title_margin_bottom":"","subtitle":"","subtitle_fontsize":"","title_position":"sppb-text-center","columns_equal_height":"0","fullscreen":"0","no_gutter":"0","id":"","class":"bg-brand","padding":"50px 0px 50px 0px","margin":"0px 0px 0px 0px","color":"","background_color":"","background_image":"","overlay":"","background_repeat":"no-repeat","background_size":"cover","background_attachment":"fixed","background_position":"0 0","background_video":"0","background_video_mp4":"","background_video_ogv":"","hidden_xs":"","hidden_sm":"","hidden_md":"","animation":"","animationduration":"300","animationdelay":"0"},"layout":"4,4,4","columns":[{"id":1491917590639,"class_name":"col-md-4","visibility":true,"settings":{"color":"","background":"","background_image":"","overlay":"","background_repeat":"no-repeat","background_size":"cover","background_attachment":"scroll","background_position":"0 0","padding":"","class":"pull-right","sm_col":"","xs_col":"","hidden_xs":"","hidden_sm":"","hidden_md":"","animation":"","animationduration":"300","animationdelay":"0"},"addons":[{"id":1491917590705,"name":"animated_number","visibility":true,"settings":{"admin_label":"Years in Business","number":"18","duration":"1000","font_size":"56","color":"rgba(255, 255, 255, 1)","counter_title":"Years in Business","title_font_size":"18","alignment":"sppb-text-center","class":"","global_text_color":"","global_link_color":"","global_link_hover_color":"","global_use_background":"0","global_background_color":"","global_background_image":"","global_background_repeat":"no-repeat","global_background_size":"cover","global_background_attachment":"inherit","global_user_border":"0","global_border_width":"","global_border_color":"","global_boder_style":"none","global_border_radius":"","global_margin":"","global_padding":"","global_use_animation":"0","global_animation":"","global_animationduration":"300","global_animationdelay":"0","hidden_md":"0","hidden_sm":"0","hidden_xs":"0","acl":null}}]},{"id":1491917590701,"class_name":"col-md-4","visibility":true,"settings":{},"addons":[{"id":1491917590708,"name":"animated_number","visibility":true,"settings":{"admin_label":"Clients and Partners","number":"200","duration":"1000","font_size":"56","color":"rgba(255, 255, 255, 1)","counter_title":"Clients and Partners","title_font_size":"18","alignment":"sppb-text-center","class":"","global_text_color":"","global_link_color":"","global_link_hover_color":"","global_use_background":"0","global_background_color":"","global_background_image":"","global_background_repeat":"no-repeat","global_background_size":"cover","global_background_attachment":"inherit","global_user_border":"0","global_border_width":"","global_border_color":"","global_boder_style":"none","global_border_radius":"","global_margin":"","global_padding":"","global_use_animation":"0","global_animation":"","global_animationduration":"300","global_animationdelay":"0","hidden_md":"0","hidden_sm":"0","hidden_xs":"0","acl":null}}]},{"id":1491917590702,"class_name":"col-md-4","visibility":true,"settings":{"color":"","background":"","background_image":"","overlay":"","background_repeat":"no-repeat","background_size":"cover","background_attachment":"scroll","background_position":"0 0","padding":"","class":"pull-left","sm_col":"","xs_col":"","hidden_xs":"","hidden_sm":"","hidden_md":"","animation":"","animationduration":"300","animationdelay":"0"},"addons":[{"id":1491917590711,"name":"animated_number","visibility":true,"settings":{"admin_label":"Billion invested","number":"15","duration":"1000","font_size":"56","color":"rgba(255, 255, 255, 1)","counter_title":"Billion invested","title_font_size":"18","alignment":"sppb-text-center","class":"","global_text_color":"","global_link_color":"","global_link_hover_color":"","global_use_background":"0","global_background_color":"","global_background_image":"","global_background_repeat":"no-repeat","global_background_size":"cover","global_background_attachment":"inherit","global_user_border":"0","global_border_width":"","global_border_color":"","global_boder_style":"none","global_border_radius":"","global_margin":"","global_padding":"","global_use_animation":"0","global_animation":"","global_animationduration":"300","global_animationdelay":"0","hidden_md":"0","hidden_sm":"0","hidden_xs":"0","acl":null}}]}]},{"id":1491917590722,"visibility":true,"collapse":false,"settings":{"padding":"50px 0px 50px 0px","margin":"0px 0px 0px 0px"},"layout":"12","columns":[{"id":1491917590723,"class_name":"col-md-12","visibility":true,"settings":{},"addons":[{"id":1491917590733,"type":"inner_row","settings":{},"layout":"12","visibility":true,"columns":[{"id":1491917590734,"class_name":"col-md-12","visibility":true,"settings":{},"addons":[{"id":1491917590726,"name":"portoteamadvanced","visibility":true,"settings":{"admin_label":"Invested your money with real Professionals","title":"Invested your money with real Professionals","description":"Meet our Team of Specialists","items":"4","loop":"0","mouseDrag":"1","autoplay":"0","autoplay_interval":"5000","nav":"0","dots":"0","style":"style3","enable_social_links":"1","sp_portoteamadvanced_item":[{"name":"John Doe","designation":" CEO","desc":"<p class=\"font-size-sm custom-line-height-1\">Lorem ipsum dolor sit amet, consectetur adipiscing elit. Nunc at elementum lacus. Fusce luctus urna ac mauris consequat, ac eleifend odio imperdiet. Sed euismod tempor orci, ullamcorper accumsan justo semper eu. Donec venenatis elit et euismod iaculis. Integer vehicula imperdiet metus at convallis. Donec ullamcorper at nunc lobortis ultricies. Nam tincidunt.</p>\n<p class=\"font-size-sm custom-line-height-1\">Lorem ipsum dolor sit amet, consectetur adipiscing elit. In imperdiet faucibus congue. Donec at volutpat nisl. Vestibulum ante ipsum primis in faucibus orci luctus et ultrices posuere cubilia Curae; Maecenas risus dui.</p>\n<p class=\"font-size-sm custom-line-height-1\">Lorem ipsum dolor sit amet, consectetur adipiscing elit. Mauris pellentesque at purus et auctor. Donec eget risus vitae lacus aliquam porttitor. Morbi pellentesque fermentum ex, nec sagittis augue mollis sit amet. Pellentesque vitae metus porttitor ipsum finibus tincidunt. Praesent sit amet fringilla nisi, in porttitor eros. Vivamus iaculis mattis purus, vitae dictum felis tempor nec. Maecenas eget fermentum turpis. Fusce dignissim leo sit amet aliquet facilisis. Sed erat arcu, ultricies a justo vitae, elementum egestas justo. Nunc bibendum, ex id dapibus fringilla, nisl quam tincidunt ligula, at luctus quam magna nec sem. Suspendisse vitae tempus velit, nec congue sapien.</p>","avatar":"images/joomlabuff/finance/team/team-1.jpg","avatar1":"","avatar2":"","facebook":"http://www.facebook.com/joomshaper","twitter":"http://twitter.com/joomshaper","google_plus":"http://plus.google.com/+Joomshapers","youtube":"","linkedin":"","pinterest":"","flickr":"","dribbble":"","behance":"","instagram":""},{"name":"Tom Doe","designation":"CTO","desc":"<p class=\"font-size-sm custom-line-height-1\">Lorem ipsum dolor sit amet, consectetur adipiscing elit. Nunc at elementum lacus. Fusce luctus urna ac mauris consequat, ac eleifend odio imperdiet. Sed euismod tempor orci, ullamcorper accumsan justo semper eu. Donec venenatis elit et euismod iaculis. Integer vehicula imperdiet metus at convallis. Donec ullamcorper at nunc lobortis ultricies. Nam tincidunt.</p>\n<p class=\"font-size-sm custom-line-height-1\">Lorem ipsum dolor sit amet, consectetur adipiscing elit. In imperdiet faucibus congue. Donec at volutpat nisl. Vestibulum ante ipsum primis in faucibus orci luctus et ultrices posuere cubilia Curae; Maecenas risus dui.</p>\n<p class=\"font-size-sm custom-line-height-1\">Lorem ipsum dolor sit amet, consectetur adipiscing elit. Mauris pellentesque at purus et auctor. Donec eget risus vitae lacus aliquam porttitor. Morbi pellentesque fermentum ex, nec sagittis augue mollis sit amet. Pellentesque vitae metus porttitor ipsum finibus tincidunt. Praesent sit amet fringilla nisi, in porttitor eros. Vivamus iaculis mattis purus, vitae dictum felis tempor nec. Maecenas eget fermentum turpis. Fusce dignissim leo sit amet aliquet facilisis. Sed erat arcu, ultricies a justo vitae, elementum egestas justo. Nunc bibendum, ex id dapibus fringilla, nisl quam tincidunt ligula, at luctus quam magna nec sem. Suspendisse vitae tempus velit, nec congue sapien.</p>","avatar":"images/joomlabuff/finance/team/team-2.jpg","avatar1":"","avatar2":"","facebook":"http://www.facebook.com/joomshaper","twitter":"http://twitter.com/joomshaper","google_plus":"http://plus.google.com/+Joomshapers","youtube":"","linkedin":"","pinterest":"","flickr":"","dribbble":"","behance":"","instagram":""},{"name":"Josh Doe","designation":"Writter","desc":"<p class=\"font-size-sm custom-line-height-1\">Lorem ipsum dolor sit amet, consectetur adipiscing elit. Nunc at elementum lacus. Fusce luctus urna ac mauris consequat, ac eleifend odio imperdiet. Sed euismod tempor orci, ullamcorper accumsan justo semper eu. Donec venenatis elit et euismod iaculis. Integer vehicula imperdiet metus at convallis. Donec ullamcorper at nunc lobortis ultricies. Nam tincidunt.</p>\n<p class=\"font-size-sm custom-line-height-1\">Lorem ipsum dolor sit amet, consectetur adipiscing elit. In imperdiet faucibus congue. Donec at volutpat nisl. Vestibulum ante ipsum primis in faucibus orci luctus et ultrices posuere cubilia Curae; Maecenas risus dui.</p>\n<p class=\"font-size-sm custom-line-height-1\">Lorem ipsum dolor sit amet, consectetur adipiscing elit. Mauris pellentesque at purus et auctor. Donec eget risus vitae lacus aliquam porttitor. Morbi pellentesque fermentum ex, nec sagittis augue mollis sit amet. Pellentesque vitae metus porttitor ipsum finibus tincidunt. Praesent sit amet fringilla nisi, in porttitor eros. Vivamus iaculis mattis purus, vitae dictum felis tempor nec. Maecenas eget fermentum turpis. Fusce dignissim leo sit amet aliquet facilisis. Sed erat arcu, ultricies a justo vitae, elementum egestas justo. Nunc bibendum, ex id dapibus fringilla, nisl quam tincidunt ligula, at luctus quam magna nec sem. Suspendisse vitae tempus velit, nec congue sapien.</p>","avatar":"images/joomlabuff/finance/team/team-3.jpg","avatar1":"","avatar2":"","facebook":"http://www.facebook.com/joomshaper","twitter":"http://twitter.com/joomshaper","google_plus":"http://plus.google.com/+Joomshapers","youtube":"","linkedin":"","pinterest":"","flickr":"","dribbble":"","behance":"","instagram":""},{"name":"Alen Doe","designation":"SEO Guy","desc":"<p class=\"font-size-sm custom-line-height-1\">Lorem ipsum dolor sit amet, consectetur adipiscing elit. Nunc at elementum lacus. Fusce luctus urna ac mauris consequat, ac eleifend odio imperdiet. Sed euismod tempor orci, ullamcorper accumsan justo semper eu. Donec venenatis elit et euismod iaculis. Integer vehicula imperdiet metus at convallis. Donec ullamcorper at nunc lobortis ultricies. Nam tincidunt.</p>\n<p class=\"font-size-sm custom-line-height-1\">Lorem ipsum dolor sit amet, consectetur adipiscing elit. In imperdiet faucibus congue. Donec at volutpat nisl. Vestibulum ante ipsum primis in faucibus orci luctus et ultrices posuere cubilia Curae; Maecenas risus dui.</p>\n<p class=\"font-size-sm custom-line-height-1\">Lorem ipsum dolor sit amet, consectetur adipiscing elit. Mauris pellentesque at purus et auctor. Donec eget risus vitae lacus aliquam porttitor. Morbi pellentesque fermentum ex, nec sagittis augue mollis sit amet. Pellentesque vitae metus porttitor ipsum finibus tincidunt. Praesent sit amet fringilla nisi, in porttitor eros. Vivamus iaculis mattis purus, vitae dictum felis tempor nec. Maecenas eget fermentum turpis. Fusce dignissim leo sit amet aliquet facilisis. Sed erat arcu, ultricies a justo vitae, elementum egestas justo. Nunc bibendum, ex id dapibus fringilla, nisl quam tincidunt ligula, at luctus quam magna nec sem. Suspendisse vitae tempus velit, nec congue sapien.</p>","avatar":"images/joomlabuff/finance/team/team-4.jpg","avatar1":"","avatar2":"","facebook":"http://www.facebook.com/joomshaper","twitter":"http://twitter.com/joomshaper","google_plus":"http://plus.google.com/+Joomshapers","youtube":"","linkedin":"","pinterest":"","flickr":"","dribbble":"","behance":"","instagram":""}],"class":"","global_text_color":"","global_link_color":"","global_link_hover_color":"","global_use_background":"0","global_background_color":"","global_background_image":"","global_background_repeat":"no-repeat","global_background_size":"cover","global_background_attachment":"inherit","global_user_border":"0","global_border_width":"","global_border_color":"","global_boder_style":"none","global_border_radius":"","global_margin":"","global_padding":"","global_use_animation":"0","global_animation":"","global_animationduration":"300","global_animationdelay":"0","hidden_md":"0","hidden_sm":"0","hidden_xs":"0","acl":null}},{"id":1491917590739,"name":"button","visibility":true,"settings":{"admin_label":"View more","text":"View more","alignment":"sppb-text-center","fontstyle":null,"letterspace":"0","url":"#","target":"","type":"primary","appearance":"","background_color":"#444444","color":"#ffffff","background_color_hover":"#222222","color_hover":"#ffffff","size":"lg","shape":"square","block":"","icon":"","icon_position":"left","class":"","global_text_color":"","global_link_color":"","global_link_hover_color":"","global_use_background":"0","global_background_color":"","global_background_image":"","global_background_repeat":"no-repeat","global_background_size":"cover","global_background_attachment":"inherit","global_user_border":"0","global_border_width":"","global_border_color":"","global_boder_style":"none","global_border_radius":"","global_margin":"20px 0 20px 0","global_padding":"","global_use_animation":"0","global_animation":"","global_animationduration":"300","global_animationdelay":"0","hidden_md":"0","hidden_sm":"0","hidden_xs":"0","acl":null}}]}]}]}]},{"id":1491917590748,"visibility":true,"collapse":false,"settings":{"admin_label":"Why choose us?","title":"Why choose us?","heading_selector":"h2","title_fontsize":"","title_fontweight":"","title_text_color":"","title_margin_top":"","title_margin_bottom":"","subtitle":"3 Basic Steps to Succeed","subtitle_fontsize":"","title_position":"sppb-text-center","columns_equal_height":"0","fullscreen":"0","no_gutter":"0","id":"","class":"","padding":"50px 0px 50px 0px","margin":"0px 0px 0px 0px","color":"","background_color":"rgba(229, 237, 241, 1)","background_image":"","overlay":"","background_repeat":"no-repeat","background_size":"cover","background_attachment":"fixed","background_position":"0 0","background_video":"0","background_video_mp4":"","background_video_ogv":"","hidden_xs":"","hidden_sm":"","hidden_md":"","animation":"","animationduration":"300","animationdelay":"0"},"layout":"4,4,4","columns":[{"id":1491917590749,"class_name":"col-md-4","visibility":true,"settings":{},"addons":[{"id":1491917590754,"name":"raw_html","visibility":true,"settings":{"admin_label":"","title":"","heading_selector":"h3","title_fontsize":"","title_lineheight":"","title_fontstyle":null,"title_letterspace":"0","title_fontweight":"","title_text_color":"","title_margin_top":"","title_margin_bottom":"","html":"\t\t\t\t\t\t\t<img src=\"images/joomlabuff/finance/why-choose-us/why-choose-us-icon-1.png\" class=\"img-responsive custom-center-img-responsive mb-md\" alt=\"\">\n\t\t\t\t\t\t\t<h4 class=\"text-uppercase font-weight-bold mb-lg\">Product</h4>\n\t\t\t\t\t\t\t<p class=\"custom-text-color-1\">Lorem ipsum dolor sit amet, consectetur adipisicing elit. Recusandae aliquam numquam, aspernatur expedita ipsa molestiae.</p>\t","class":"center","global_text_color":"","global_link_color":"","global_link_hover_color":"","global_use_background":"0","global_background_color":"","global_background_image":"","global_background_repeat":"no-repeat","global_background_size":"cover","global_background_attachment":"inherit","global_user_border":"0","global_border_width":"","global_border_color":"","global_boder_style":"none","global_border_radius":"","global_margin":"","global_padding":"","global_use_animation":"0","global_animation":"","global_animationduration":"300","global_animationdelay":"0","hidden_md":"0","hidden_sm":"0","hidden_xs":"0","acl":null}}]},{"id":1491917590750,"class_name":"col-md-4","visibility":true,"settings":{},"addons":[{"id":1491933533436,"name":"raw_html","visibility":true,"settings":{"admin_label":"","title":"","heading_selector":"h3","title_fontsize":"","title_lineheight":"","title_fontstyle":null,"title_letterspace":"0","title_fontweight":"","title_text_color":"","title_margin_top":"","title_margin_bottom":"","html":"\t\t\t\t\t\t\t<img src=\"images/joomlabuff/finance/why-choose-us/why-choose-us-icon-2.png\" class=\"img-responsive custom-center-img-responsive mb-md\" alt=\"\">\n\t\t\t\t\t\t\t<h4 class=\"text-uppercase font-weight-bold mb-lg\">Process</h4>\n\t\t\t\t\t\t\t<p class=\"custom-text-color-1\">Lorem ipsum dolor sit amet, consectetur adipisicing elit. Animi incidunt voluptatem, suscipit, dignissimos voluptas sint.</p>\t\n\t\t\t\t\t\t","class":"center","global_text_color":"","global_link_color":"","global_link_hover_color":"","global_use_background":"0","global_background_color":"","global_background_image":"","global_background_repeat":"no-repeat","global_background_size":"cover","global_background_attachment":"inherit","global_user_border":"0","global_border_width":"","global_border_color":"","global_boder_style":"none","global_border_radius":"","global_margin":"","global_padding":"","global_use_animation":"0","global_animation":"","global_animationduration":"300","global_animationdelay":"0","hidden_md":"0","hidden_sm":"0","hidden_xs":"0","acl":null}}]},{"id":1491917590751,"class_name":"col-md-4","visibility":true,"settings":{},"addons":[{"id":1491933533439,"name":"raw_html","visibility":true,"settings":{"admin_label":"","title":"","heading_selector":"h3","title_fontsize":"","title_lineheight":"","title_fontstyle":null,"title_letterspace":"0","title_fontweight":"","title_text_color":"","title_margin_top":"","title_margin_bottom":"","html":"<img src=\"images/joomlabuff/finance/why-choose-us/why-choose-us-icon-3.png\" class=\"img-responsive custom-center-img-responsive mb-md\" alt=\"\">\n\t\t\t\t\t\t\t<h4 class=\"text-uppercase font-weight-bold mb-lg\">People</h4>\n\t\t\t\t\t\t\t<p class=\"custom-text-color-1\">Lorem ipsum dolor sit amet, consectetur adipisicing elit. Adipisci, libero blanditiis voluptatum ratione at, necessitatibus!</p>\t\n\t\t\t\t\t\t","class":"center","global_text_color":"","global_link_color":"","global_link_hover_color":"","global_use_background":"0","global_background_color":"","global_background_image":"","global_background_repeat":"no-repeat","global_background_size":"cover","global_background_attachment":"inherit","global_user_border":"0","global_border_width":"","global_border_color":"","global_boder_style":"none","global_border_radius":"","global_margin":"","global_padding":"","global_use_animation":"0","global_animation":"","global_animationduration":"300","global_animationdelay":"0","hidden_md":"0","hidden_sm":"0","hidden_xs":"0","acl":null}}]}]},{"id":1491933533444,"visibility":true,"collapse":false,"settings":{"admin_label":"Testimonials","title":"Testimonials","heading_selector":"h2","title_fontsize":"","title_fontweight":"","title_text_color":"","title_margin_top":"","title_margin_bottom":"","subtitle":"Cases of Success","subtitle_fontsize":"","title_position":"sppb-text-center","columns_equal_height":"0","fullscreen":"0","no_gutter":"0","id":"","class":"","padding":"50px 0px 50px 0px","margin":"0px 0px 0px 0px","color":"","background_color":"","background_image":"","overlay":"","background_repeat":"no-repeat","background_size":"cover","background_attachment":"fixed","background_position":"0 0","background_video":"0","background_video_mp4":"","background_video_ogv":"","hidden_xs":"","hidden_sm":"","hidden_md":"","animation":"","animationduration":"300","animationdelay":"0"},"layout":"12","columns":[{"id":1491933533445,"class_name":"col-md-12","visibility":true,"settings":{},"addons":[{"id":1491933533448,"name":"testimonialporto","visibility":true,"settings":{"admin_label":"Testimonials","title":"","heading_selector":"h3","items":"1","margin":"30","loop":"0","mouseDrag":"1","autoplay":"0","autoplay_interval":"5000","nav":"0","dots":"1","class":"","style":"style5-animate","sp_testimonialporto_item":[{"title":"John Doe","desc":"CEO & Founder","avatar":"images/joomlabuff/finance/testimonials/testimonial-author-1.jpg","avatar_style":"sppb-img-circle","avatar_position":"bottom","message":"<p class=\"custom-primary-font custom-text-color-1\">Lorem ipsum dolor sit amet, consectetur adipisicing elit. Voluptates quam quo maiores exercitationem, itaque ratione quibusdam autem deserunt debitis? Accusamus quaerat deserunt provident architecto molestiae illo numquam veniam, ipsa rem labore culpa libero sit, soluta maxime autem. Repellat nobis consequuntur unde eius sint delectus sit, illum aut. Quos, cum, voluptas?</p>","url":"#","link_target":""},{"title":"priya","desc":"Founder","avatar":"images/joomlabuff/finance/testimonials/testimonial-author-2.jpg","avatar_style":"sppb-img-circle","avatar_position":"bottom","message":"<p class=\"custom-primary-font custom-text-color-1\">Lorem ipsum dolor sit amet, consectetur adipisicing elit. Voluptates quam quo maiores exercitationem, itaque ratione quibusdam autem deserunt debitis? Accusamus quaerat deserunt provident architecto molestiae illo numquam veniam, ipsa rem labore culpa libero sit, soluta maxime autem. Repellat nobis consequuntur unde eius sint delectus sit, illum aut. Quos, cum, voluptas?</p>\n<p>Accusamus quaerat deserunt provident architecto molestiae illo numquam veniam, ipsa rem labore culpa libero sit, soluta maxime autem. Repellat nobis consequuntur unde eius sint delectus sit, illum aut. Quos, cum, voluptas?","url":"#","link_target":""}],"global_text_color":"","global_link_color":"","global_link_hover_color":"","global_use_background":"0","global_background_color":"","global_background_image":"","global_background_repeat":"no-repeat","global_background_size":"cover","global_background_attachment":"inherit","global_user_border":"0","global_border_width":"","global_border_color":"","global_boder_style":"none","global_border_radius":"","global_margin":"","global_padding":"","global_use_animation":"0","global_animation":"","global_animationduration":"300","global_animationdelay":"0","hidden_md":"0","hidden_sm":"0","hidden_xs":"0","acl":null}}]}]},{"id":1491935554957,"visibility":true,"collapse":false,"settings":{"admin_label":"From our Blog","title":"From our Blog","heading_selector":"h2","title_fontsize":"","title_fontweight":"","title_text_color":"rgba(255, 255, 255, 1)","title_margin_top":"","title_margin_bottom":"","subtitle":"Latest News","subtitle_fontsize":"","title_position":"sppb-text-center","columns_equal_height":"0","fullscreen":"0","no_gutter":"0","id":"","class":"","padding":"50px 0px 50px 0px","margin":"0px 0px 0px 0px","color":"","background_color":"rgba(23, 37, 54, 1)","background_image":"","overlay":"","background_repeat":"no-repeat","background_size":"cover","background_attachment":"fixed","background_position":"0 0","background_video":"0","background_video_mp4":"","background_video_ogv":"","hidden_xs":"","hidden_sm":"","hidden_md":"","animation":"","animationduration":"300","animationdelay":"0"},"layout":"12","columns":[{"id":1491935554958,"class_name":"col-md-12","visibility":true,"settings":{},"addons":[{"id":1491935554961,"name":"module","visibility":true,"settings":{"admin_label":"","title":"","heading_selector":"h3","title_fontsize":"","title_lineheight":"","title_fontstyle":null,"title_letterspace":"0","title_fontweight":"","title_text_color":"","title_margin_top":"","title_margin_bottom":"","module_type":"module","id":"255","position":"","class":"","global_text_color":"","global_link_color":"","global_link_hover_color":"","global_use_background":"0","global_background_color":"","global_background_image":"","global_background_repeat":"no-repeat","global_background_size":"cover","global_background_attachment":"inherit","global_user_border":"0","global_border_width":"","global_border_color":"","global_boder_style":"none","global_border_radius":"","global_margin":"","global_padding":"","global_use_animation":"0","global_animation":"","global_animationduration":"300","global_animationdelay":"0","hidden_md":"0","hidden_sm":"0","hidden_xs":"0","acl":null}}]}]},{"id":1491975723809,"visibility":true,"collapse":false,"settings":{"admin_label":"","title":"","heading_selector":"h3","title_fontsize":"","title_fontweight":"","title_text_color":"","title_margin_top":"","title_margin_bottom":"","subtitle":"","subtitle_fontsize":"","title_position":"sppb-text-center","columns_equal_height":"0","fullscreen":"1","no_gutter":"1","id":"","class":"","padding":"0px 0px 0px 0px","margin":"0px 0px 0px 0px","color":"","background_color":"","background_image":"","overlay":"","background_repeat":"no-repeat","background_size":"cover","background_attachment":"fixed","background_position":"0 0","background_video":"0","background_video_mp4":"","background_video_ogv":"","hidden_xs":"","hidden_sm":"","hidden_md":"","animation":"","animationduration":"300","animationdelay":"0"},"layout":"12","columns":[{"id":1491975723810,"class_name":"col-md-12","visibility":true,"settings":{"color":"","background":"","background_image":"","overlay":"","background_repeat":"no-repeat","background_size":"cover","background_attachment":"scroll","background_position":"0 0","padding":"","class":"","sm_col":"","xs_col":"","hidden_xs":"","hidden_sm":"","hidden_md":"","animation":"","animationduration":"300","animationdelay":"0"},"addons":[{"id":1491975723811,"type":"inner_row","settings":{"admin_label":"","title":"","heading_selector":"h3","title_fontsize":"","title_fontweight":"","title_text_color":"","title_margin_top":"","title_margin_bottom":"","subtitle":"","subtitle_fontsize":"","title_position":"sppb-text-center","columns_equal_height":"0","fullscreen":"1","no_gutter":"1","id":"","class":"","padding":"0px 0px 0px 0px","margin":"0px 0px 0px 0px","color":"","background_color":"","background_image":"","overlay":"","background_repeat":"no-repeat","background_size":"cover","background_attachment":"fixed","background_position":"0 0","background_video":"0","background_video_mp4":"","background_video_ogv":"","hidden_xs":"","hidden_sm":"","hidden_md":"","animation":"","animationduration":"300","animationdelay":"0"},"layout":"6,6","visibility":true,"columns":[{"id":1491975723812,"class_name":"col-md-6","visibility":true,"settings":{"color":"","background":"rgba(106, 128, 169, 1)","background_image":"","overlay":"","background_repeat":"no-repeat","background_size":"cover","background_attachment":"scroll","background_position":"0 0","padding":"60px 30px 66px 90px","class":"","sm_col":"","xs_col":"","hidden_xs":"","hidden_sm":"","hidden_md":"","animation":"","animationduration":"300","animationdelay":"0"},"addons":[{"id":1491975723841,"name":"raw_html","visibility":true,"settings":{"admin_label":"","title":"","heading_selector":"h3","title_fontsize":"","title_lineheight":"","title_fontstyle":null,"title_letterspace":"0","title_fontweight":"","title_text_color":"","title_margin_top":"","title_margin_bottom":"","html":"<h2 class=\"text-uppercase text-color-light font-weight-bold m-none\">We call you back</h2>\n<p class=\"text-md custom-text-color-2 mb-md\">Request a Call</p>","class":"","global_text_color":"","global_link_color":"","global_link_hover_color":"","global_use_background":"0","global_background_color":"","global_background_image":"","global_background_repeat":"no-repeat","global_background_size":"cover","global_background_attachment":"inherit","global_user_border":"0","global_border_width":"","global_border_color":"","global_boder_style":"none","global_border_radius":"","global_margin":"","global_padding":"","global_use_animation":"0","global_animation":"","global_animationduration":"300","global_animationdelay":"0","hidden_md":"0","hidden_sm":"0","hidden_xs":"0","acl":null}},{"id":1491975723820,"name":"module","visibility":true,"settings":{"admin_label":"We call you back","title":"","heading_selector":"h3","title_fontsize":"","title_lineheight":"","title_fontstyle":null,"title_letterspace":"0","title_fontweight":"","title_text_color":"","title_margin_top":"","title_margin_bottom":"","module_type":"module","id":"256","position":"","class":"","global_text_color":"","global_link_color":"","global_link_hover_color":"","global_use_background":"0","global_background_color":"","global_background_image":"","global_background_repeat":"no-repeat","global_background_size":"cover","global_background_attachment":"inherit","global_user_border":"0","global_border_width":"","global_border_color":"","global_boder_style":"none","global_border_radius":"","global_margin":"","global_padding":"","global_use_animation":"0","global_animation":"","global_animationduration":"300","global_animationdelay":"0","hidden_md":"0","hidden_sm":"0","hidden_xs":"0","acl":null}}]},{"id":1491975723815,"class_name":"col-md-6","visibility":true,"settings":{"color":"","background":"","background_image":"","overlay":"","background_repeat":"no-repeat","background_size":"cover","background_attachment":"scroll","background_position":"0 0","padding":"","class":"","sm_col":"","xs_col":"","hidden_xs":"","hidden_sm":"","hidden_md":"","animation":"","animationduration":"300","animationdelay":"0"},"addons":[{"id":1491975723870,"name":"raw_html","visibility":true,"settings":{"admin_label":"","title":"","heading_selector":"h3","title_fontsize":"","title_lineheight":"","title_fontstyle":null,"title_letterspace":"0","title_fontweight":"","title_text_color":"","title_margin_top":"","title_margin_bottom":"","html":"<div class=\"col-half-section col-half-section-left\">\n\t\t\t\t\t\t\t\t\t<h2 class=\"text-uppercase text-color-light font-weight-bold m-none\">Let's Talk Business</h2>\n\t\t\t\t\t\t\t\t\t<p class=\"text-md custom-text-color-2 mb-xlg\">Talk to a Specialist</p>\n\t\t\t\t\t\t\t\t\t<p class=\"custom-text-color-2 custom-padding-right-1 mb-xlg\">Lorem ipsum dolor sit amet, consectetur adipisicing elit. Deleniti eligendi nulla impedit delectus earum, aut aperiam, quam aliquid provident dignissimos nesc? Doloremque, quae, officiis!</p>\n\t\t\t\t\t\t\t\t\t<a href=\"tel:+18001234567\" class=\"text-decoration-none\">\n\t\t\t\t\t\t\t\t\t\t<span class=\"feature-box custom-feature-box custom-opacity-effect-1 mb-md\">\n\t\t\t\t\t\t\t\t\t\t\t<span class=\"feature-box-info\">\n\t\t\t\t\t\t\t\t\t\t\t\t<label class=\"font-weight-semibold text-uppercase text-color-light pb-xs\">Call us Now</label>\n\t\t\t\t\t\t\t\t\t\t\t\t<strong class=\"font-weight-normal custom-text-color-2\">800 123 4567</strong>\n\t\t\t\t\t\t\t\t\t\t\t</span>\n\t\t\t\t\t\t\t\t\t\t</span>\n\t\t\t\t\t\t\t\t\t</a>\n\t\t\t\t\t\t\t\t\t<a href=\"mailto:you@domain.com\" class=\"text-decoration-none\">\n\t\t\t\t\t\t\t\t\t\t<span class=\"feature-box custom-feature-box custom-opacity-effect-1 mb-md\">\n\t\t\t\t\t\t\t\t\t\t\t<span class=\"feature-box-info\">\n\t\t\t\t\t\t\t\t\t\t\t\t<label class=\"font-weight-semibold text-uppercase text-color-light pb-xs\">Send an Email</label>\n\t\t\t\t\t\t\t\t\t\t\t\t<strong class=\"font-weight-normal custom-text-color-2\">you@domain.com</strong>\n\t\t\t\t\t\t\t\t\t\t\t</span>\n\t\t\t\t\t\t\t\t\t\t</span>\n\t\t\t\t\t\t\t\t\t</a>\n\t\t\t\t\t\t\t\t</div>","class":"","global_text_color":"","global_link_color":"","global_link_hover_color":"","global_use_background":"1","global_background_color":"rgba(37, 39, 44, 1)","global_background_image":"images/joomlabuff/finance/contact/lets-talk-bg.png","global_background_repeat":"no-repeat","global_background_size":"cover","global_background_attachment":"inherit","global_user_border":"0","global_border_width":"","global_border_color":"","global_boder_style":"none","global_border_radius":"","global_margin":"","global_padding":"60px 0px 60px 0px","global_use_animation":"0","global_animation":"","global_animationduration":"300","global_animationdelay":"0","hidden_md":"0","hidden_sm":"0","hidden_xs":"0","acl":null}}]}]}]}]},{"id":1491979592422,"visibility":true,"collapse":false,"settings":{"admin_label":"","title":"","heading_selector":"h3","title_fontsize":"","title_fontweight":"","title_text_color":"","title_margin_top":"","title_margin_bottom":"","subtitle":"","subtitle_fontsize":"","title_position":"sppb-text-center","columns_equal_height":"0","fullscreen":"0","no_gutter":"0","id":"","class":"custom-footer background-color-light m-none","padding":"50px 0px 0px 0px","margin":"0px 0px 0px 0px","color":"","background_color":"","background_image":"","overlay":"","background_repeat":"no-repeat","background_size":"cover","background_attachment":"fixed","background_position":"0 0","background_video":"0","background_video_mp4":"","background_video_ogv":"","hidden_xs":"","hidden_sm":"","hidden_md":"","animation":"","animationduration":"300","animationdelay":"0"},"layout":"12","columns":[{"id":1491979592423,"class_name":"col-md-12","visibility":true,"settings":{},"addons":[{"id":1491979592429,"name":"raw_html","visibility":true,"settings":{"admin_label":"","title":"","heading_selector":"h3","title_fontsize":"","title_lineheight":"","title_fontstyle":null,"title_letterspace":"0","title_fontweight":"","title_text_color":"","title_margin_top":"","title_margin_bottom":"","html":"<div class=\"row\">\n\t\t\t\t\t\t<div class=\"col-md-2\">\n\t\t\t\t\t\t\t<a href=\"#\" class=\"text-decoration-none\">\n\t\t\t\t\t\t\t\t<img src=\"images/joomlabuff/finance/logo.png\" class=\"img-responsive\" alt=\"\" height=\"45\" width=\"100\">\n\t\t\t\t\t\t\t</a>\n\t\t\t\t\t\t</div>\n\t\t\t\t\t\t<div class=\"col-md-2 col-md-offset-1\">\n\t\t\t\t\t\t\t<h5 class=\"text-color-dark font-weight-bold mb-xs\">Customer Services</h5>\n\t\t\t\t\t\t\t<ul>\n\t\t\t\t\t\t\t\t<li>\n\t\t\t\t\t\t\t\t\t<a class=\"custom-text-color-1\" href=\"tel:+8001234567\" target=\"_blank\" title=\"Call Us\">\n\t\t\t\t\t\t\t\t\t\t800 123 4567\n\t\t\t\t\t\t\t\t\t</a>\n\t\t\t\t\t\t\t\t</li>\n\t\t\t\t\t\t\t\t<li>\n\t\t\t\t\t\t\t\t\t<a class=\"custom-text-color-1\" href=\"demo-finance-contact-us.html\" title=\"Contact Us\">\n\t\t\t\t\t\t\t\t\t\tContact Us\n\t\t\t\t\t\t\t\t\t</a>\n\t\t\t\t\t\t\t\t</li>\n\t\t\t\t\t\t\t</ul>\n\t\t\t\t\t\t</div>\n\t\t\t\t\t\t<div class=\"col-md-2 col-md-offset-1\">\n\t\t\t\t\t\t\t<h5 class=\"text-color-dark font-weight-bold mb-xs\">Company</h5>\n\t\t\t\t\t\t\t<ul>\n\t\t\t\t\t\t\t\t<li>\n\t\t\t\t\t\t\t\t\t<a class=\"custom-text-color-1\" href=\"demo-finance-company.html\" title=\"About Us\">\n\t\t\t\t\t\t\t\t\t\tAbout Us\n\t\t\t\t\t\t\t\t\t</a>\n\t\t\t\t\t\t\t\t</li>\n\t\t\t\t\t\t\t\t<li>\n\t\t\t\t\t\t\t\t\t<a class=\"custom-text-color-1\" href=\"demo-finance-team.html\" title=\"Team\">\n\t\t\t\t\t\t\t\t\t\tTeam\n\t\t\t\t\t\t\t\t\t</a>\n\t\t\t\t\t\t\t\t</li>\n\t\t\t\t\t\t\t</ul>\n\t\t\t\t\t\t</div>\n\t\t\t\t\t\t<div class=\"col-md-2\">\n\t\t\t\t\t\t\t<h5 class=\"text-color-dark font-weight-bold mb-xs\">Policies</h5>\n\t\t\t\t\t\t\t<ul>\n\t\t\t\t\t\t\t\t<li>\n\t\t\t\t\t\t\t\t\t<a class=\"custom-text-color-1\" href=\"#\" title=\"Privacy policy\">\n\t\t\t\t\t\t\t\t\t\tPrivacy policy\n\t\t\t\t\t\t\t\t\t</a>\n\t\t\t\t\t\t\t\t</li>\n\t\t\t\t\t\t\t\t<li>\n\t\t\t\t\t\t\t\t\t<a class=\"custom-text-color-1\" href=\"#\" title=\"Terms of Use\">\n\t\t\t\t\t\t\t\t\t\tTerms of Use\n\t\t\t\t\t\t\t\t\t</a>\n\t\t\t\t\t\t\t\t</li>\n\t\t\t\t\t\t\t</ul>\n\t\t\t\t\t\t</div>\n\t\t\t\t\t\t<div class=\"col-md-2\">\n\t\t\t\t\t\t\t<ul class=\"social-icons custom-social-icons\">\n\t\t\t\t\t\t\t\t<li class=\"social-icons-facebook\">\n\t\t\t\t\t\t\t\t\t<a href=\"http://www.facebook.com/\" target=\"_blank\" title=\"Facebook\">\n\t\t\t\t\t\t\t\t\t\t<i class=\"fa fa-facebook\"></i>\n\t\t\t\t\t\t\t\t\t</a>\n\t\t\t\t\t\t\t\t</li>\n\t\t\t\t\t\t\t\t<li class=\"social-icons-twitter\">\n\t\t\t\t\t\t\t\t\t<a href=\"http://www.twitter.com/\" target=\"_blank\" title=\"Twitter\">\n\t\t\t\t\t\t\t\t\t\t<i class=\"fa fa-twitter\"></i>\n\t\t\t\t\t\t\t\t\t</a>\n\t\t\t\t\t\t\t\t</li>\n\t\t\t\t\t\t\t\t<li class=\"social-icons-instagram\">\n\t\t\t\t\t\t\t\t\t<a href=\"http://www.instagram.com/\" target=\"_blank\" title=\"Instagram\">\n\t\t\t\t\t\t\t\t\t\t<i class=\"fa fa-instagram\"></i>\n\t\t\t\t\t\t\t\t\t</a>\n\t\t\t\t\t\t\t\t</li>\n\t\t\t\t\t\t\t</ul>\n\t\t\t\t\t\t</div>\n\t\t\t\t\t</div>","class":"","global_text_color":"","global_link_color":"","global_link_hover_color":"","global_use_background":"0","global_background_color":"","global_background_image":"","global_background_repeat":"no-repeat","global_background_size":"cover","global_background_attachment":"inherit","global_user_border":"0","global_border_width":"","global_border_color":"","global_boder_style":"none","global_border_radius":"","global_margin":"","global_padding":"","global_use_animation":"0","global_animation":"","global_animationduration":"300","global_animationdelay":"0","hidden_md":"0","hidden_sm":"0","hidden_xs":"0","acl":null}}]}]}]