[{"id":1491984693589,"visibility":true,"collapse":false,"settings":{"admin_label":"","title":"","heading_selector":"h3","title_fontsize":"","title_fontweight":"","title_text_color":"","title_margin_top":"","title_margin_bottom":"","subtitle":"","subtitle_fontsize":"","title_position":"sppb-text-center","columns_equal_height":"0","fullscreen":"1","no_gutter":"1","id":"","class":"","padding":"128px 0px 128px 0px","margin":"0px 0px 0px 0px","color":"","background_color":"","background_image":"images/joomlabuff/finance/parallax/parallax-8.jpg","overlay":"","background_repeat":"no-repeat","background_size":"cover","background_attachment":"inherit","background_position":"0 0","background_video":"0","background_video_mp4":"","background_video_ogv":"","hidden_xs":"","hidden_sm":"","hidden_md":"","animation":"","animationduration":"300","animationdelay":"0"},"layout":"12","columns":[{"id":1491981043450,"class_name":"col-md-12","visibility":true,"settings":{},"addons":[{"id":1491981043453,"name":"heading","visibility":true,"settings":{"admin_label":"","title":"Team","heading_selector":"h1","use_link":"0","title_link":"","link_new_tab":"0","title_fontsize":"","title_fontstyle":null,"title_fontweight":"","title_lineheight":"","title_letterspace":"0","title_margin":"0px 0px 0px 0px","title_padding":"0px 0px 0px 0px","alignment":"sppb-text-center","class":"text-uppercase text-color-light font-weight-bold center m-none","global_text_color":"","global_link_color":"","global_link_hover_color":"","global_use_background":"0","global_background_color":"","global_background_image":"","global_background_repeat":"no-repeat","global_background_size":"cover","global_background_attachment":"inherit","global_user_border":"0","global_border_width":"","global_border_color":"","global_boder_style":"none","global_border_radius":"","global_margin":"","global_padding":"","global_use_animation":"0","global_animation":"","global_animationduration":"300","global_animationdelay":"0","hidden_md":"0","hidden_sm":"0","hidden_xs":"0","acl":null}}]}]},{"id":1491984693594,"visibility":true,"collapse":false,"settings":{"admin_label":"","title":"","heading_selector":"h3","title_fontsize":"","title_fontweight":"","title_text_color":"","title_margin_top":"","title_margin_bottom":"","subtitle":"","subtitle_fontsize":"","title_position":"sppb-text-center","columns_equal_height":"0","fullscreen":"0","no_gutter":"0","id":"","class":"","padding":"50px 0px 50px 0px","margin":"0px 0px 0px 0px","color":"","background_color":"","background_image":"","overlay":"","background_repeat":"no-repeat","background_size":"cover","background_attachment":"fixed","background_position":"0 0","background_video":"0","background_video_mp4":"","background_video_ogv":"","hidden_xs":"","hidden_sm":"","hidden_md":"","animation":"","animationduration":"300","animationdelay":"0"},"layout":"12","columns":[{"id":1491917590723,"class_name":"col-md-12","visibility":true,"settings":{},"addons":[{"id":1491917590733,"type":"inner_row","settings":{},"layout":"12","visibility":true,"columns":[{"id":1491917590734,"class_name":"col-md-12","visibility":true,"settings":{},"addons":[{"id":1491917590726,"name":"portoteamadvanced","visibility":true,"settings":{"admin_label":"Invested your money with real Professionals","title":"Invested your money with real Professionals","description":"Meet our Team of Specialists","items":"4","loop":"0","mouseDrag":"1","autoplay":"0","autoplay_interval":"5000","nav":"0","dots":"0","style":"style3","enable_social_links":"1","sp_portoteamadvanced_item":[{"name":"John Doe","designation":" CEO","desc":"<p class=\"font-size-sm custom-line-height-1\">Lorem ipsum dolor sit amet, consectetur adipiscing elit. Nunc at elementum lacus. Fusce luctus urna ac mauris consequat, ac eleifend odio imperdiet. Sed euismod tempor orci, ullamcorper accumsan justo semper eu. Donec venenatis elit et euismod iaculis. Integer vehicula imperdiet metus at convallis. Donec ullamcorper at nunc lobortis ultricies. Nam tincidunt.</p>\n<p class=\"font-size-sm custom-line-height-1\">Lorem ipsum dolor sit amet, consectetur adipiscing elit. In imperdiet faucibus congue. Donec at volutpat nisl. Vestibulum ante ipsum primis in faucibus orci luctus et ultrices posuere cubilia Curae; Maecenas risus dui.</p>\n<p class=\"font-size-sm custom-line-height-1\">Lorem ipsum dolor sit amet, consectetur adipiscing elit. Mauris pellentesque at purus et auctor. Donec eget risus vitae lacus aliquam porttitor. Morbi pellentesque fermentum ex, nec sagittis augue mollis sit amet. Pellentesque vitae metus porttitor ipsum finibus tincidunt. Praesent sit amet fringilla nisi, in porttitor eros. Vivamus iaculis mattis purus, vitae dictum felis tempor nec. Maecenas eget fermentum turpis. Fusce dignissim leo sit amet aliquet facilisis. Sed erat arcu, ultricies a justo vitae, elementum egestas justo. Nunc bibendum, ex id dapibus fringilla, nisl quam tincidunt ligula, at luctus quam magna nec sem. Suspendisse vitae tempus velit, nec congue sapien.</p>","avatar":"images/joomlabuff/finance/team/team-1.jpg","facebook":"http://www.facebook.com/joomshaper","twitter":"http://twitter.com/joomshaper","google_plus":"http://plus.google.com/+Joomshapers","youtube":"","linkedin":"","pinterest":"","flickr":"","dribbble":"","behance":"","instagram":""},{"name":"Tom Doe","designation":"CTO","desc":"<p class=\"font-size-sm custom-line-height-1\">Lorem ipsum dolor sit amet, consectetur adipiscing elit. Nunc at elementum lacus. Fusce luctus urna ac mauris consequat, ac eleifend odio imperdiet. Sed euismod tempor orci, ullamcorper accumsan justo semper eu. Donec venenatis elit et euismod iaculis. Integer vehicula imperdiet metus at convallis. Donec ullamcorper at nunc lobortis ultricies. Nam tincidunt.</p>\n<p class=\"font-size-sm custom-line-height-1\">Lorem ipsum dolor sit amet, consectetur adipiscing elit. In imperdiet faucibus congue. Donec at volutpat nisl. Vestibulum ante ipsum primis in faucibus orci luctus et ultrices posuere cubilia Curae; Maecenas risus dui.</p>\n<p class=\"font-size-sm custom-line-height-1\">Lorem ipsum dolor sit amet, consectetur adipiscing elit. Mauris pellentesque at purus et auctor. Donec eget risus vitae lacus aliquam porttitor. Morbi pellentesque fermentum ex, nec sagittis augue mollis sit amet. Pellentesque vitae metus porttitor ipsum finibus tincidunt. Praesent sit amet fringilla nisi, in porttitor eros. Vivamus iaculis mattis purus, vitae dictum felis tempor nec. Maecenas eget fermentum turpis. Fusce dignissim leo sit amet aliquet facilisis. Sed erat arcu, ultricies a justo vitae, elementum egestas justo. Nunc bibendum, ex id dapibus fringilla, nisl quam tincidunt ligula, at luctus quam magna nec sem. Suspendisse vitae tempus velit, nec congue sapien.</p>","avatar":"images/joomlabuff/finance/team/team-2.jpg","facebook":"http://www.facebook.com/joomshaper","twitter":"http://twitter.com/joomshaper","google_plus":"http://plus.google.com/+Joomshapers","youtube":"","linkedin":"","pinterest":"","flickr":"","dribbble":"","behance":"","instagram":""},{"name":"Josh Doe","designation":"Writter","desc":"<p class=\"font-size-sm custom-line-height-1\">Lorem ipsum dolor sit amet, consectetur adipiscing elit. Nunc at elementum lacus. Fusce luctus urna ac mauris consequat, ac eleifend odio imperdiet. Sed euismod tempor orci, ullamcorper accumsan justo semper eu. Donec venenatis elit et euismod iaculis. Integer vehicula imperdiet metus at convallis. Donec ullamcorper at nunc lobortis ultricies. Nam tincidunt.</p>\n<p class=\"font-size-sm custom-line-height-1\">Lorem ipsum dolor sit amet, consectetur adipiscing elit. In imperdiet faucibus congue. Donec at volutpat nisl. Vestibulum ante ipsum primis in faucibus orci luctus et ultrices posuere cubilia Curae; Maecenas risus dui.</p>\n<p class=\"font-size-sm custom-line-height-1\">Lorem ipsum dolor sit amet, consectetur adipiscing elit. Mauris pellentesque at purus et auctor. Donec eget risus vitae lacus aliquam porttitor. Morbi pellentesque fermentum ex, nec sagittis augue mollis sit amet. Pellentesque vitae metus porttitor ipsum finibus tincidunt. Praesent sit amet fringilla nisi, in porttitor eros. Vivamus iaculis mattis purus, vitae dictum felis tempor nec. Maecenas eget fermentum turpis. Fusce dignissim leo sit amet aliquet facilisis. Sed erat arcu, ultricies a justo vitae, elementum egestas justo. Nunc bibendum, ex id dapibus fringilla, nisl quam tincidunt ligula, at luctus quam magna nec sem. Suspendisse vitae tempus velit, nec congue sapien.</p>","avatar":"images/joomlabuff/finance/team/team-3.jpg","facebook":"http://www.facebook.com/joomshaper","twitter":"http://twitter.com/joomshaper","google_plus":"http://plus.google.com/+Joomshapers","youtube":"","linkedin":"","pinterest":"","flickr":"","dribbble":"","behance":"","instagram":""},{"name":"Alen Doe","designation":"SEO Guy","desc":"<p class=\"font-size-sm custom-line-height-1\">Lorem ipsum dolor sit amet, consectetur adipiscing elit. Nunc at elementum lacus. Fusce luctus urna ac mauris consequat, ac eleifend odio imperdiet. Sed euismod tempor orci, ullamcorper accumsan justo semper eu. Donec venenatis elit et euismod iaculis. Integer vehicula imperdiet metus at convallis. Donec ullamcorper at nunc lobortis ultricies. Nam tincidunt.</p>\n<p class=\"font-size-sm custom-line-height-1\">Lorem ipsum dolor sit amet, consectetur adipiscing elit. In imperdiet faucibus congue. Donec at volutpat nisl. Vestibulum ante ipsum primis in faucibus orci luctus et ultrices posuere cubilia Curae; Maecenas risus dui.</p>\n<p class=\"font-size-sm custom-line-height-1\">Lorem ipsum dolor sit amet, consectetur adipiscing elit. Mauris pellentesque at purus et auctor. Donec eget risus vitae lacus aliquam porttitor. Morbi pellentesque fermentum ex, nec sagittis augue mollis sit amet. Pellentesque vitae metus porttitor ipsum finibus tincidunt. Praesent sit amet fringilla nisi, in porttitor eros. Vivamus iaculis mattis purus, vitae dictum felis tempor nec. Maecenas eget fermentum turpis. Fusce dignissim leo sit amet aliquet facilisis. Sed erat arcu, ultricies a justo vitae, elementum egestas justo. Nunc bibendum, ex id dapibus fringilla, nisl quam tincidunt ligula, at luctus quam magna nec sem. Suspendisse vitae tempus velit, nec congue sapien.</p>","avatar":"images/joomlabuff/finance/team/team-4.jpg","facebook":"http://www.facebook.com/joomshaper","twitter":"http://twitter.com/joomshaper","google_plus":"http://plus.google.com/+Joomshapers","youtube":"","linkedin":"","pinterest":"","flickr":"","dribbble":"","behance":"","instagram":""},{"name":"Marshell Doe","designation":"Analyst","desc":"<p class=\"font-size-sm custom-line-height-1\">Lorem ipsum dolor sit amet, consectetur adipiscing elit. Nunc at elementum lacus. Fusce luctus urna ac mauris consequat, ac eleifend odio imperdiet. Sed euismod tempor orci, ullamcorper accumsan justo semper eu. Donec venenatis elit et euismod iaculis. Integer vehicula imperdiet metus at convallis. Donec ullamcorper at nunc lobortis ultricies. Nam tincidunt.</p>\n<p class=\"font-size-sm custom-line-height-1\">Lorem ipsum dolor sit amet, consectetur adipiscing elit. In imperdiet faucibus congue. Donec at volutpat nisl. Vestibulum ante ipsum primis in faucibus orci luctus et ultrices posuere cubilia Curae; Maecenas risus dui.</p>\n<p class=\"font-size-sm custom-line-height-1\">Lorem ipsum dolor sit amet, consectetur adipiscing elit. Mauris pellentesque at purus et auctor. Donec eget risus vitae lacus aliquam porttitor. Morbi pellentesque fermentum ex, nec sagittis augue mollis sit amet. Pellentesque vitae metus porttitor ipsum finibus tincidunt. Praesent sit amet fringilla nisi, in porttitor eros. Vivamus iaculis mattis purus, vitae dictum felis tempor nec. Maecenas eget fermentum turpis. Fusce dignissim leo sit amet aliquet facilisis. Sed erat arcu, ultricies a justo vitae, elementum egestas justo. Nunc bibendum, ex id dapibus fringilla, nisl quam tincidunt ligula, at luctus quam magna nec sem. Suspendisse vitae tempus velit, nec congue sapien.</p>","avatar":"images/joomlabuff/finance/team/team-5.jpg","facebook":"http://www.facebook.com/joomshaper","twitter":"http://twitter.com/joomshaper","google_plus":"http://plus.google.com/+Joomshapers","youtube":"","linkedin":"","pinterest":"","flickr":"","dribbble":"","behance":"","instagram":""},{"name":"Greg Doe","designation":"Analyst","desc":"<p class=\"font-size-sm custom-line-height-1\">Lorem ipsum dolor sit amet, consectetur adipiscing elit. Nunc at elementum lacus. Fusce luctus urna ac mauris consequat, ac eleifend odio imperdiet. Sed euismod tempor orci, ullamcorper accumsan justo semper eu. Donec venenatis elit et euismod iaculis. Integer vehicula imperdiet metus at convallis. Donec ullamcorper at nunc lobortis ultricies. Nam tincidunt.</p>\n<p class=\"font-size-sm custom-line-height-1\">Lorem ipsum dolor sit amet, consectetur adipiscing elit. In imperdiet faucibus congue. Donec at volutpat nisl. Vestibulum ante ipsum primis in faucibus orci luctus et ultrices posuere cubilia Curae; Maecenas risus dui.</p>\n<p class=\"font-size-sm custom-line-height-1\">Lorem ipsum dolor sit amet, consectetur adipiscing elit. Mauris pellentesque at purus et auctor. Donec eget risus vitae lacus aliquam porttitor. Morbi pellentesque fermentum ex, nec sagittis augue mollis sit amet. Pellentesque vitae metus porttitor ipsum finibus tincidunt. Praesent sit amet fringilla nisi, in porttitor eros. Vivamus iaculis mattis purus, vitae dictum felis tempor nec. Maecenas eget fermentum turpis. Fusce dignissim leo sit amet aliquet facilisis. Sed erat arcu, ultricies a justo vitae, elementum egestas justo. Nunc bibendum, ex id dapibus fringilla, nisl quam tincidunt ligula, at luctus quam magna nec sem. Suspendisse vitae tempus velit, nec congue sapien.</p>","avatar":"images/joomlabuff/finance/team/team-6.jpg","facebook":"http://www.facebook.com/joomshaper","twitter":"http://twitter.com/joomshaper","google_plus":"http://plus.google.com/+Joomshapers","youtube":"","linkedin":"","pinterest":"","flickr":"","dribbble":"","behance":"","instagram":""},{"name":"Kate Doe","designation":"Analyst","desc":"<p class=\"font-size-sm custom-line-height-1\">Lorem ipsum dolor sit amet, consectetur adipiscing elit. Nunc at elementum lacus. Fusce luctus urna ac mauris consequat, ac eleifend odio imperdiet. Sed euismod tempor orci, ullamcorper accumsan justo semper eu. Donec venenatis elit et euismod iaculis. Integer vehicula imperdiet metus at convallis. Donec ullamcorper at nunc lobortis ultricies. Nam tincidunt.</p>\n<p class=\"font-size-sm custom-line-height-1\">Lorem ipsum dolor sit amet, consectetur adipiscing elit. In imperdiet faucibus congue. Donec at volutpat nisl. Vestibulum ante ipsum primis in faucibus orci luctus et ultrices posuere cubilia Curae; Maecenas risus dui.</p>\n<p class=\"font-size-sm custom-line-height-1\">Lorem ipsum dolor sit amet, consectetur adipiscing elit. Mauris pellentesque at purus et auctor. Donec eget risus vitae lacus aliquam porttitor. Morbi pellentesque fermentum ex, nec sagittis augue mollis sit amet. Pellentesque vitae metus porttitor ipsum finibus tincidunt. Praesent sit amet fringilla nisi, in porttitor eros. Vivamus iaculis mattis purus, vitae dictum felis tempor nec. Maecenas eget fermentum turpis. Fusce dignissim leo sit amet aliquet facilisis. Sed erat arcu, ultricies a justo vitae, elementum egestas justo. Nunc bibendum, ex id dapibus fringilla, nisl quam tincidunt ligula, at luctus quam magna nec sem. Suspendisse vitae tempus velit, nec congue sapien.</p>","avatar":"images/joomlabuff/finance/team/team-7.jpg","facebook":"http://www.facebook.com/joomshaper","twitter":"http://twitter.com/joomshaper","google_plus":"http://plus.google.com/+Joomshapers","youtube":"","linkedin":"","pinterest":"","flickr":"","dribbble":"","behance":"","instagram":""},{"name":"Kumar","designation":"Analyst","desc":"<p class=\"font-size-sm custom-line-height-1\">Lorem ipsum dolor sit amet, consectetur adipiscing elit. Nunc at elementum lacus. Fusce luctus urna ac mauris consequat, ac eleifend odio imperdiet. Sed euismod tempor orci, ullamcorper accumsan justo semper eu. Donec venenatis elit et euismod iaculis. Integer vehicula imperdiet metus at convallis. Donec ullamcorper at nunc lobortis ultricies. Nam tincidunt.</p>\n<p class=\"font-size-sm custom-line-height-1\">Lorem ipsum dolor sit amet, consectetur adipiscing elit. In imperdiet faucibus congue. Donec at volutpat nisl. Vestibulum ante ipsum primis in faucibus orci luctus et ultrices posuere cubilia Curae; Maecenas risus dui.</p>\n<p class=\"font-size-sm custom-line-height-1\">Lorem ipsum dolor sit amet, consectetur adipiscing elit. Mauris pellentesque at purus et auctor. Donec eget risus vitae lacus aliquam porttitor. Morbi pellentesque fermentum ex, nec sagittis augue mollis sit amet. Pellentesque vitae metus porttitor ipsum finibus tincidunt. Praesent sit amet fringilla nisi, in porttitor eros. Vivamus iaculis mattis purus, vitae dictum felis tempor nec. Maecenas eget fermentum turpis. Fusce dignissim leo sit amet aliquet facilisis. Sed erat arcu, ultricies a justo vitae, elementum egestas justo. Nunc bibendum, ex id dapibus fringilla, nisl quam tincidunt ligula, at luctus quam magna nec sem. Suspendisse vitae tempus velit, nec congue sapien.</p>","avatar":"images/joomlabuff/finance/team/team-8.jpg","facebook":"http://www.facebook.com/joomshaper","twitter":"http://twitter.com/joomshaper","google_plus":"http://plus.google.com/+Joomshapers","youtube":"","linkedin":"","pinterest":"","flickr":"","dribbble":"","behance":"","instagram":""}],"class":"","global_text_color":"","global_link_color":"","global_link_hover_color":"","global_use_background":"0","global_background_color":"","global_background_image":"","global_background_repeat":"no-repeat","global_background_size":"cover","global_background_attachment":"inherit","global_user_border":"0","global_border_width":"","global_border_color":"","global_boder_style":"none","global_border_radius":"","global_margin":"","global_padding":"","global_use_animation":"0","global_animation":"","global_animationduration":"300","global_animationdelay":"0","hidden_md":"0","hidden_sm":"0","hidden_xs":"0","acl":null}}]}]}]}]},{"id":1491984693618,"visibility":true,"collapse":false,"settings":{"admin_label":"","title":"","heading_selector":"h3","title_fontsize":"","title_fontweight":"","title_text_color":"","title_margin_top":"","title_margin_bottom":"","subtitle":"","subtitle_fontsize":"","title_position":"sppb-text-center","columns_equal_height":"0","fullscreen":"0","no_gutter":"0","id":"","class":"","padding":"160px 0px 160px 0px","margin":"0px 0px 0px 0px","color":"","background_color":"","background_image":"images/joomlabuff/finance/parallax/parallax-4.jpg","overlay":"","background_repeat":"no-repeat","background_size":"cover","background_attachment":"fixed","background_position":"0 0","background_video":"0","background_video_mp4":"","background_video_ogv":"","hidden_xs":"","hidden_sm":"","hidden_md":"","animation":"","animationduration":"300","animationdelay":"0"},"layout":"12","columns":[{"id":1491981219952,"class_name":"col-md-12","visibility":true,"settings":{},"addons":[{"id":1491981219955,"name":"raw_html","visibility":true,"settings":{"admin_label":"","title":"","heading_selector":"h3","title_fontsize":"","title_lineheight":"","title_fontstyle":null,"title_letterspace":"0","title_fontweight":"","title_text_color":"","title_margin_top":"","title_margin_bottom":"","html":"<div class=\"row center\">\n\t\t\t\t\t\t<div class=\"col-md-12\">\n\t\t\t\t\t\t\t<h2 class=\"m-none custom-text-size-1 text-color-light font-weight-semibold\">Let's talk Business</h2>\n\t\t\t\t\t\t\t<p class=\"custom-bottom-bar text-md custom-text-color-4 mb-xlg\">Talk to a Specialist</p>\n\t\t\t\t\t\t</div>\n\t\t\t\t\t</div>\n\t\t\t\t\t<div class=\"row mt-sm\">\n\t\t\t\t\t\t<div class=\"col-md-3 col-md-offset-3 custom-right-border\">\n\t\t\t\t\t\t\t<a href=\"tel:+18001234567\" class=\"custom-text-color-4 custom-hover-opacity text-decoration-none\">\n\t\t\t\t\t\t\t\t<div class=\"custom-contact-item center\">\n\t\t\t\t\t\t\t\t\t<i class=\"icon-call-in icons\"></i>\n\t\t\t\t\t\t\t\t\t<span class=\"title text-uppercase font-weight-bold\">Call Us Now</span>\n\t\t\t\t\t\t\t\t\t<span class=\"content text-color-light\">800 123 4567</span>\n\t\t\t\t\t\t\t\t</div>\n\t\t\t\t\t\t\t</a>\n\t\t\t\t\t\t</div>\n\t\t\t\t\t\t<div class=\"col-md-3\">\n\t\t\t\t\t\t\t<a href=\"mailto:you@domain.com\" class=\"custom-text-color-4 custom-hover-opacity text-decoration-none\">\n\t\t\t\t\t\t\t\t<div class=\"custom-contact-item center\">\n\t\t\t\t\t\t\t\t\t<i class=\"icon-envelope icons\"></i>\n\t\t\t\t\t\t\t\t\t<span class=\"title text-uppercase font-weight-bold\">Send An Email</span>\n\t\t\t\t\t\t\t\t\t<span class=\"content text-color-light\">you@domain.com</span>\n\t\t\t\t\t\t\t\t</div>\n\t\t\t\t\t\t\t</a>\n\t\t\t\t\t\t</div>\n\t\t\t\t\t</div>","class":"","global_text_color":"","global_link_color":"","global_link_hover_color":"","global_use_background":"0","global_background_color":"","global_background_image":"","global_background_repeat":"no-repeat","global_background_size":"cover","global_background_attachment":"inherit","global_user_border":"0","global_border_width":"","global_border_color":"","global_boder_style":"none","global_border_radius":"","global_margin":"","global_padding":"","global_use_animation":"0","global_animation":"","global_animationduration":"300","global_animationdelay":"0","hidden_md":"0","hidden_sm":"0","hidden_xs":"0","acl":null}}]}]},{"id":1491984693625,"visibility":true,"collapse":false,"settings":{"admin_label":"Footer","title":"","heading_selector":"h3","title_fontsize":"","title_fontweight":"","title_text_color":"","title_margin_top":"","title_margin_bottom":"","subtitle":"","subtitle_fontsize":"","title_position":"sppb-text-center","columns_equal_height":"0","fullscreen":"0","no_gutter":"0","id":"","class":"custom-footer background-color-light m-none","padding":"50px 0px 0px 0px","margin":"0px 0px 0px 0px","color":"","background_color":"","background_image":"","overlay":"","background_repeat":"no-repeat","background_size":"cover","background_attachment":"fixed","background_position":"0 0","background_video":"0","background_video_mp4":"","background_video_ogv":"","hidden_xs":"","hidden_sm":"","hidden_md":"","animation":"","animationduration":"300","animationdelay":"0"},"layout":"12","columns":[{"id":1491979592423,"class_name":"col-md-12","visibility":true,"settings":{},"addons":[{"id":1491979592429,"name":"raw_html","visibility":true,"settings":{"admin_label":"","title":"","heading_selector":"h3","title_fontsize":"","title_lineheight":"","title_fontstyle":null,"title_letterspace":"0","title_fontweight":"","title_text_color":"","title_margin_top":"","title_margin_bottom":"","html":"<div class=\"row\">\n\t\t\t\t\t\t<div class=\"col-md-2\">\n\t\t\t\t\t\t\t<a href=\"#\" class=\"text-decoration-none\">\n\t\t\t\t\t\t\t\t<img src=\"images/joomlabuff/finance/logo.png\" class=\"img-responsive\" alt=\"\" height=\"45\" width=\"100\">\n\t\t\t\t\t\t\t</a>\n\t\t\t\t\t\t</div>\n\t\t\t\t\t\t<div class=\"col-md-2 col-md-offset-1\">\n\t\t\t\t\t\t\t<h5 class=\"text-color-dark font-weight-bold mb-xs\">Customer Services</h5>\n\t\t\t\t\t\t\t<ul>\n\t\t\t\t\t\t\t\t<li>\n\t\t\t\t\t\t\t\t\t<a class=\"custom-text-color-1\" href=\"tel:+8001234567\" target=\"_blank\" title=\"Call Us\">\n\t\t\t\t\t\t\t\t\t\t800 123 4567\n\t\t\t\t\t\t\t\t\t</a>\n\t\t\t\t\t\t\t\t</li>\n\t\t\t\t\t\t\t\t<li>\n\t\t\t\t\t\t\t\t\t<a class=\"custom-text-color-1\" href=\"demo-finance-contact-us.html\" title=\"Contact Us\">\n\t\t\t\t\t\t\t\t\t\tContact Us\n\t\t\t\t\t\t\t\t\t</a>\n\t\t\t\t\t\t\t\t</li>\n\t\t\t\t\t\t\t</ul>\n\t\t\t\t\t\t</div>\n\t\t\t\t\t\t<div class=\"col-md-2 col-md-offset-1\">\n\t\t\t\t\t\t\t<h5 class=\"text-color-dark font-weight-bold mb-xs\">Company</h5>\n\t\t\t\t\t\t\t<ul>\n\t\t\t\t\t\t\t\t<li>\n\t\t\t\t\t\t\t\t\t<a class=\"custom-text-color-1\" href=\"demo-finance-company.html\" title=\"About Us\">\n\t\t\t\t\t\t\t\t\t\tAbout Us\n\t\t\t\t\t\t\t\t\t</a>\n\t\t\t\t\t\t\t\t</li>\n\t\t\t\t\t\t\t\t<li>\n\t\t\t\t\t\t\t\t\t<a class=\"custom-text-color-1\" href=\"demo-finance-team.html\" title=\"Team\">\n\t\t\t\t\t\t\t\t\t\tTeam\n\t\t\t\t\t\t\t\t\t</a>\n\t\t\t\t\t\t\t\t</li>\n\t\t\t\t\t\t\t</ul>\n\t\t\t\t\t\t</div>\n\t\t\t\t\t\t<div class=\"col-md-2\">\n\t\t\t\t\t\t\t<h5 class=\"text-color-dark font-weight-bold mb-xs\">Policies</h5>\n\t\t\t\t\t\t\t<ul>\n\t\t\t\t\t\t\t\t<li>\n\t\t\t\t\t\t\t\t\t<a class=\"custom-text-color-1\" href=\"#\" title=\"Privacy policy\">\n\t\t\t\t\t\t\t\t\t\tPrivacy policy\n\t\t\t\t\t\t\t\t\t</a>\n\t\t\t\t\t\t\t\t</li>\n\t\t\t\t\t\t\t\t<li>\n\t\t\t\t\t\t\t\t\t<a class=\"custom-text-color-1\" href=\"#\" title=\"Terms of Use\">\n\t\t\t\t\t\t\t\t\t\tTerms of Use\n\t\t\t\t\t\t\t\t\t</a>\n\t\t\t\t\t\t\t\t</li>\n\t\t\t\t\t\t\t</ul>\n\t\t\t\t\t\t</div>\n\t\t\t\t\t\t<div class=\"col-md-2\">\n\t\t\t\t\t\t\t<ul class=\"social-icons custom-social-icons\">\n\t\t\t\t\t\t\t\t<li class=\"social-icons-facebook\">\n\t\t\t\t\t\t\t\t\t<a href=\"http://www.facebook.com/\" target=\"_blank\" title=\"Facebook\">\n\t\t\t\t\t\t\t\t\t\t<i class=\"fa fa-facebook\"></i>\n\t\t\t\t\t\t\t\t\t</a>\n\t\t\t\t\t\t\t\t</li>\n\t\t\t\t\t\t\t\t<li class=\"social-icons-twitter\">\n\t\t\t\t\t\t\t\t\t<a href=\"http://www.twitter.com/\" target=\"_blank\" title=\"Twitter\">\n\t\t\t\t\t\t\t\t\t\t<i class=\"fa fa-twitter\"></i>\n\t\t\t\t\t\t\t\t\t</a>\n\t\t\t\t\t\t\t\t</li>\n\t\t\t\t\t\t\t\t<li class=\"social-icons-instagram\">\n\t\t\t\t\t\t\t\t\t<a href=\"http://www.instagram.com/\" target=\"_blank\" title=\"Instagram\">\n\t\t\t\t\t\t\t\t\t\t<i class=\"fa fa-instagram\"></i>\n\t\t\t\t\t\t\t\t\t</a>\n\t\t\t\t\t\t\t\t</li>\n\t\t\t\t\t\t\t</ul>\n\t\t\t\t\t\t</div>\n\t\t\t\t\t</div>","class":"","global_text_color":"","global_link_color":"","global_link_hover_color":"","global_use_background":"0","global_background_color":"","global_background_image":"","global_background_repeat":"no-repeat","global_background_size":"cover","global_background_attachment":"inherit","global_user_border":"0","global_border_width":"","global_border_color":"","global_boder_style":"none","global_border_radius":"","global_margin":"","global_padding":"","global_use_animation":"0","global_animation":"","global_animationduration":"300","global_animationdelay":"0","hidden_md":"0","hidden_sm":"0","hidden_xs":"0","acl":null}}]}]}]