[{"id":1482338887236,"visibility":true,"collapse":false,"settings":{"admin_label":"","title":"","heading_selector":"h3","title_fontsize":"","title_fontweight":"","title_text_color":"","title_margin_top":"","title_margin_bottom":"","subtitle":"","subtitle_fontsize":"","title_position":"sppb-text-center","columns_equal_height":"0","fullscreen":"1","no_gutter":"1","id":"hero-unit","class":"","padding":"0px 0px 0px 0px","margin":"0px 0px 0px 0px","color":"","background_color":"","background_image":"","overlay":"","background_repeat":"no-repeat","background_size":"cover","background_attachment":"fixed","background_position":"0 0","background_video":"0","background_video_mp4":"","background_video_ogv":"","hidden_xs":"","hidden_sm":"","hidden_md":"","animation":"","animationduration":"300","animationdelay":"0"},"layout":"12","columns":[{"id":1482338887237,"class_name":"col-md-12","visibility":true,"settings":{},"addons":[{"id":1482338887240,"name":"module","visibility":true,"settings":{"admin_label":"Slideshow","title":"","heading_selector":"h3","title_fontsize":"","title_lineheight":"","title_fontstyle":null,"title_letterspace":"0","title_fontweight":"","title_text_color":"","title_margin_top":"","title_margin_bottom":"","module_type":"module","id":"167","position":"","class":"jb-slideshow","global_text_color":"","global_link_color":"","global_link_hover_color":"","global_use_background":"0","global_background_color":"","global_background_image":"","global_background_repeat":"no-repeat","global_background_size":"cover","global_background_attachment":"inherit","global_user_border":"0","global_border_width":"","global_border_color":"","global_boder_style":"none","global_border_radius":"","global_margin":"","global_padding":"","global_use_animation":"0","global_animation":"","global_animationduration":"300","global_animationdelay":"0","hidden_md":"0","hidden_sm":"0","hidden_xs":"0","acl":null}},{"id":1482340160940,"name":"empty_space","visibility":true,"settings":{"admin_label":"","gap":"0","class":"slider-border","global_text_color":"","global_link_color":"","global_link_hover_color":"","global_use_background":"0","global_background_color":"","global_background_image":"","global_background_repeat":"no-repeat","global_background_size":"cover","global_background_attachment":"inherit","global_user_border":"0","global_border_width":"","global_border_color":"","global_boder_style":"none","global_border_radius":"","global_margin":"","global_padding":"","global_use_animation":"0","global_animation":"","global_animationduration":"300","global_animationdelay":"0","hidden_md":"0","hidden_sm":"0","hidden_xs":"0","acl":null}}]}]},{"id":1482338887217,"visibility":true,"collapse":false,"settings":{"admin_label":"Bride and Groom","title":"","heading_selector":"h3","title_fontsize":"","title_fontweight":"","title_text_color":"","title_margin_top":"","title_margin_bottom":"","subtitle":"","subtitle_fontsize":"","title_position":"sppb-text-center","columns_equal_height":"0","fullscreen":"0","no_gutter":"0","id":"","class":"bride-groom","padding":"50px 0px 50px 0px","margin":"0px 0px 0px 0px","color":"","background_color":"","background_image":"","overlay":"","background_repeat":"no-repeat","background_size":"cover","background_attachment":"fixed","background_position":"0 0","background_video":"0","background_video_mp4":"","background_video_ogv":"","hidden_xs":"","hidden_sm":"","hidden_md":"","animation":"","animationduration":"300","animationdelay":"0"},"layout":"6,6","columns":[{"id":1482338887218,"class_name":"col-md-6","visibility":true,"settings":{},"addons":[{"id":1482338887222,"name":"raw_html","visibility":true,"settings":{"admin_label":"","title":"","heading_selector":"h3","title_fontsize":"","title_lineheight":"","title_fontstyle":null,"title_letterspace":"0","title_fontweight":"","title_text_color":"","title_margin_top":"","title_margin_bottom":"","html":"<div class=\"thumb-bride-groom center\">\n\t\t\t\t\t\t\t\t\t<div class=\"bride-groom-bg\">\n\t\t\t\t\t\t\t\t\t\t<div class=\"bride-groom-photo\">\n\t\t\t\t\t\t\t\t\t\t\t<img src=\"images/joomlabuff/wedding/bride-groom/bride.jpg\" alt=\"\">\n\t\t\t\t\t\t\t\t\t\t</div>\n\t\t\t\t\t\t\t\t\t</div>\n\t\t\t\t\t\t\t\t\t<div class=\"bride-groom-infos\">\n\t\t\t\t\t\t\t\t\t\t<h2 class=\"font-weight-normal m-none\">Jessica</h2>\n\t\t\t\t\t\t\t\t\t\t<span class=\"text-uppercase text-color-primary font-weight-semibold\">The Bride</span>\n\t\t\t\t\t\t\t\t\t\t<p class=\"mt-lg plr-100\">\n\t\t\t\t\t\t\t\t\t\t\tLorem ipsum dolor sit amet, consectetur adipiscing elit. Curabitur pellentesque neque eget diam posuere porta. Quisque ut nulla at nunc...\n\t\t\t\t\t\t\t\t\t\t</p>\n\t\t\t\t\t\t\t\t\t</div>\n\t\t\t\t\t\t\t\t\t<ul class=\"social-icons mt-xlg pt-sm\">\n\t\t\t\t\t\t\t\t\t\t<li class=\"social-icons-facebook\">\n\t\t\t\t\t\t\t\t\t\t\t<a href=\"http://www.facebook.com/\" target=\"_blank\" title=\"Facebook\">\n\t\t\t\t\t\t\t\t\t\t\t\t<i class=\"fa fa-facebook\"></i>\n\t\t\t\t\t\t\t\t\t\t\t</a>\n\t\t\t\t\t\t\t\t\t\t</li>\n\t\t\t\t\t\t\t\t\t\t<li class=\"social-icons-twitter\">\n\t\t\t\t\t\t\t\t\t\t\t<a href=\"http://www.twitter.com/\" target=\"_blank\" title=\"Twitter\">\n\t\t\t\t\t\t\t\t\t\t\t\t<i class=\"fa fa-twitter\"></i>\n\t\t\t\t\t\t\t\t\t\t\t</a>\n\t\t\t\t\t\t\t\t\t\t</li>\n\t\t\t\t\t\t\t\t\t\t<li class=\"social-icons-instagram\">\n\t\t\t\t\t\t\t\t\t\t\t<a href=\"http://www.instagram.com/\" target=\"_blank\" title=\"Instagram\">\n\t\t\t\t\t\t\t\t\t\t\t\t<i class=\"fa fa-instagram\"></i>\n\t\t\t\t\t\t\t\t\t\t\t</a>\n\t\t\t\t\t\t\t\t\t\t</li>\n\t\t\t\t\t\t\t\t\t</ul>\n\t\t\t\t\t\t\t\t</div>","class":"","global_text_color":"","global_link_color":"","global_link_hover_color":"","global_use_background":"0","global_background_color":"","global_background_image":"","global_background_repeat":"no-repeat","global_background_size":"cover","global_background_attachment":"inherit","global_user_border":"0","global_border_width":"","global_border_color":"","global_boder_style":"none","global_border_radius":"","global_margin":"","global_padding":"","global_use_animation":"1","global_animation":"fadeInLeft","global_animationduration":"300","global_animationdelay":"0","hidden_md":"0","hidden_sm":"0","hidden_xs":"0","acl":null}}]},{"id":1482338887219,"class_name":"col-md-6","visibility":true,"settings":{},"addons":[{"id":1482338887225,"name":"raw_html","visibility":true,"settings":{"admin_label":"","title":"","heading_selector":"h3","title_fontsize":"","title_lineheight":"","title_fontstyle":null,"title_letterspace":"0","title_fontweight":"","title_text_color":"","title_margin_top":"","title_margin_bottom":"","html":"<div class=\"thumb-bride-groom center\">\n\t\t\t\t\t\t\t\t\t<div class=\"bride-groom-bg groom-background-style\">\n\t\t\t\t\t\t\t\t\t\t<div class=\"bride-groom-photo\">\n\t\t\t\t\t\t\t\t\t\t\t<img src=\"images/joomlabuff/wedding/bride-groom/groom.jpg\" alt=\"\">\n\t\t\t\t\t\t\t\t\t\t</div>\n\t\t\t\t\t\t\t\t\t</div>\n\t\t\t\t\t\t\t\t\t<div class=\"bride-groom-infos\">\n\t\t\t\t\t\t\t\t\t\t<h2 class=\"font-weight-normal m-none\">John</h2>\n\t\t\t\t\t\t\t\t\t\t<span class=\"text-uppercase text-color-primary font-weight-semibold\">The Groom</span>\n\t\t\t\t\t\t\t\t\t\t<p class=\"mt-lg plr-100\">\n\t\t\t\t\t\t\t\t\t\t\tLorem ipsum dolor sit amet, consectetur adipiscing elit. Curabitur pellentesque neque eget diam posuere porta. Quisque ut nulla at nunc...\n\t\t\t\t\t\t\t\t\t\t</p>\n\t\t\t\t\t\t\t\t\t</div>\n\t\t\t\t\t\t\t\t\t<ul class=\"social-icons mt-xlg pt-sm\">\n\t\t\t\t\t\t\t\t\t\t<li class=\"social-icons-facebook\">\n\t\t\t\t\t\t\t\t\t\t\t<a href=\"http://www.facebook.com/\" target=\"_blank\" title=\"Facebook\">\n\t\t\t\t\t\t\t\t\t\t\t\t<i class=\"fa fa-facebook\"></i>\n\t\t\t\t\t\t\t\t\t\t\t</a>\n\t\t\t\t\t\t\t\t\t\t</li>\n\t\t\t\t\t\t\t\t\t\t<li class=\"social-icons-twitter\">\n\t\t\t\t\t\t\t\t\t\t\t<a href=\"http://www.twitter.com/\" target=\"_blank\" title=\"Twitter\">\n\t\t\t\t\t\t\t\t\t\t\t\t<i class=\"fa fa-twitter\"></i>\n\t\t\t\t\t\t\t\t\t\t\t</a>\n\t\t\t\t\t\t\t\t\t\t</li>\n\t\t\t\t\t\t\t\t\t\t<li class=\"social-icons-instagram\">\n\t\t\t\t\t\t\t\t\t\t\t<a href=\"http://www.instagram.com/\" target=\"_blank\" title=\"Instagram\">\n\t\t\t\t\t\t\t\t\t\t\t\t<i class=\"fa fa-instagram\"></i>\n\t\t\t\t\t\t\t\t\t\t\t</a>\n\t\t\t\t\t\t\t\t\t\t</li>\n\t\t\t\t\t\t\t\t\t</ul>\n\t\t\t\t\t\t\t\t</div>","class":"","global_text_color":"","global_link_color":"","global_link_hover_color":"","global_use_background":"0","global_background_color":"","global_background_image":"","global_background_repeat":"no-repeat","global_background_size":"cover","global_background_attachment":"inherit","global_user_border":"0","global_border_width":"","global_border_color":"","global_boder_style":"none","global_border_radius":"","global_margin":"","global_padding":"","global_use_animation":"1","global_animation":"fadeInRight","global_animationduration":"300","global_animationdelay":"0","hidden_md":"0","hidden_sm":"0","hidden_xs":"0","acl":null}}]}]},{"id":1482338887226,"visibility":true,"collapse":false,"settings":{"admin_label":"Counting down for the Special Day","title":"Counting down for the Special Day","heading_selector":"h2","title_fontsize":"","title_fontweight":"","title_text_color":"","title_margin_top":"","title_margin_bottom":"","subtitle":"","subtitle_fontsize":"","title_position":"sppb-text-center","columns_equal_height":"0","fullscreen":"0","no_gutter":"0","id":"","class":"text-white","padding":"100px 0px 100px 0px","margin":"0px 0px 0px 0px","color":"","background_color":"","background_image":"images/joomlabuff/wedding/countdown/countdown-parallax-bg.jpg","overlay":"","background_repeat":"no-repeat","background_size":"cover","background_attachment":"fixed","background_position":"0 0","background_video":"0","background_video_mp4":"","background_video_ogv":"","hidden_xs":"","hidden_sm":"","hidden_md":"","animation":"","animationduration":"300","animationdelay":"0"},"layout":"12","columns":[{"id":1482338887227,"class_name":"col-md-12","visibility":true,"settings":{},"addons":[{"id":1482338887230,"name":"countdown","visibility":true,"settings":{"admin_label":"Count","title":"","heading_selector":"h3","title_fontsize":"","title_lineheight":"","title_fontstyle":null,"title_letterspace":"0","title_fontweight":"","title_text_color":"","title_margin_top":"","title_margin_bottom":"","date":"2018/05/25","time":"20:23","finish_text":"Finally we are here","counter_height":"80","counter_width":"80","counter_font_size":"36","counter_text_color":"#ffffff","counter_background_color":"#0089e6","counter_user_border":"0","counter_border_width":"1","counter_border_color":"#e5e5e5","counter_border_style":"solid","counter_border_radius":"4","label_font_size":"14","label_color":"","class":"","global_text_color":"","global_link_color":"","global_link_hover_color":"","global_use_background":"0","global_background_color":"","global_background_image":"","global_background_repeat":"no-repeat","global_background_size":"cover","global_background_attachment":"inherit","global_user_border":"0","global_border_width":"","global_border_color":"","global_boder_style":"none","global_border_radius":"","global_margin":"","global_padding":"","global_use_animation":"0","global_animation":"","global_animationduration":"300","global_animationdelay":"0","hidden_md":"0","hidden_sm":"0","hidden_xs":"0","acl":null}}]}]},{"id":1482338887231,"visibility":true,"collapse":false,"settings":{"admin_label":"The Wedding","title":"The Wedding","heading_selector":"h3","title_fontsize":"","title_fontweight":"","title_text_color":"","title_margin_top":"","title_margin_bottom":"","subtitle":"Lorem ipsum dolor sit amet, consectetur adipiscing elit. Curabitur pellentesque neque eget diam posuere porta. Quisque ut nulla at nunc lacinia. Proin adipisci.","subtitle_fontsize":"","title_position":"sppb-text-center","columns_equal_height":"0","fullscreen":"0","no_gutter":"0","id":"wedding","class":"the-wedding section section-overlay custom-overlay-1 m-none pb-xlg","padding":"100px 0px 100px 0px","margin":"0px 0px 0px 0px","color":"","background_color":"rgba(251, 249, 243, 1)","background_image":"","overlay":"","background_repeat":"no-repeat","background_size":"cover","background_attachment":"fixed","background_position":"0 0","background_video":"0","background_video_mp4":"","background_video_ogv":"","hidden_xs":"","hidden_sm":"","hidden_md":"","animation":"","animationduration":"300","animationdelay":"0"},"layout":"6,6","columns":[{"id":1482338887232,"class_name":"col-md-6","visibility":true,"settings":{},"addons":[{"id":1482346982419,"name":"portoevents","visibility":true,"settings":{"admin_label":"Main Ceremony","event_image":"images/joomlabuff/wedding/the-wedding/the-wedding-ceremony.jpg","event_icon_image":"images/joomlabuff/wedding/the-wedding/icon-heart-white-border.png","title":"Main Ceremony","event_date":"Saturday, 10th June 2017","event_timings":"8:00 PM - 9:00 PM","event_address_1":" Porto Church ","event_address_2":"123 Porto Street, New York NY","map":"40.712784, -74.005941","height":"200","type":"ROADMAP","zoom":"18","mousescroll":"true","heading_selector":"h3","title_fontsize":"","title_lineheight":"","title_fontstyle":null,"title_letterspace":"0","title_fontweight":"","title_text_color":"","title_margin_top":"","title_margin_bottom":"","class":"","width":"200","global_text_color":"","global_link_color":"","global_link_hover_color":"","global_use_background":"0","global_background_color":"","global_background_image":"","global_background_repeat":"no-repeat","global_background_size":"cover","global_background_attachment":"inherit","global_user_border":"0","global_border_width":"","global_border_color":"","global_boder_style":"none","global_border_radius":"","global_margin":"50px 0 100px 0","global_padding":"","global_use_animation":"1","global_animation":"fadeInLeft","global_animationduration":"500","global_animationdelay":"100","hidden_md":"0","hidden_sm":"0","hidden_xs":"0","acl":null}}]},{"id":1482346982414,"class_name":"col-md-6","visibility":true,"settings":{},"addons":[{"id":1482346982426,"name":"portoevents","visibility":true,"settings":{"admin_label":"Wedding Party","event_image":"images/joomlabuff/wedding/the-wedding/the-wedding-party.jpg","event_icon_image":"images/joomlabuff/wedding/the-wedding/icon-heart-white-border.png","title":"Wedding Party","event_date":"Saturday, 10th June 2017","event_timings":"8:00 PM - 9:00 PM","event_address_1":" Porto Church ","event_address_2":"123 Porto Street, New York NY","map":"40.712784, -74.005941","height":"200","type":"ROADMAP","zoom":"18","mousescroll":"true","heading_selector":"h3","title_fontsize":"","title_lineheight":"","title_fontstyle":null,"title_letterspace":"0","title_fontweight":"","title_text_color":"","title_margin_top":"","title_margin_bottom":"","class":"","width":"200","global_text_color":"","global_link_color":"","global_link_hover_color":"","global_use_background":"0","global_background_color":"","global_background_image":"","global_background_repeat":"no-repeat","global_background_size":"cover","global_background_attachment":"inherit","global_user_border":"0","global_border_width":"","global_border_color":"","global_boder_style":"none","global_border_radius":"","global_margin":"50px 0 100px 0","global_padding":"","global_use_animation":"1","global_animation":"fadeInRight","global_animationduration":"500","global_animationdelay":"100","hidden_md":"0","hidden_sm":"0","hidden_xs":"0","acl":null}}]}]},{"id":1482338887241,"visibility":true,"collapse":false,"settings":{"admin_label":"","title":"","heading_selector":"h3","title_fontsize":"","title_fontweight":"","title_text_color":"","title_margin_top":"","title_margin_bottom":"","subtitle":"","subtitle_fontsize":"","title_position":"sppb-text-center","columns_equal_height":"0","fullscreen":"0","no_gutter":"0","id":"","class":"","padding":"100px 0px 100px 0px","margin":"0px 0px 0px 0px","color":"","background_color":"","background_image":"images/joomlabuff/wedding/testimonial/testimonial-parallax-bg.jpg","overlay":"","background_repeat":"no-repeat","background_size":"cover","background_attachment":"fixed","background_position":"0 0","background_video":"0","background_video_mp4":"","background_video_ogv":"","hidden_xs":"","hidden_sm":"","hidden_md":"","animation":"","animationduration":"300","animationdelay":"0"},"layout":"12","columns":[{"id":1482338887242,"class_name":"col-md-12","visibility":true,"settings":{},"addons":[{"id":1482346982437,"name":"testimonialporto","visibility":true,"settings":{"admin_label":"Testimonials","title":"","heading_selector":"h3","items":"1","margin":"30","loop":"1","mouseDrag":"1","autoplay":"0","autoplay_interval":"5000","nav":"0","dots":"0","class":"testimonials","style":"style2","sp_testimonialporto_item":[{"title":"John","desc":"The Groom","avatar":"","avatar_style":"sppb-img-circle","avatar_position":"top","message":"<p>Lorem ipsum dolor sit amet, consectetur adipiscing elit. Curabitur pellentesque neque eget diam posuere porta. Quisque ut nulla at nunc lacinia. Proin adipiscing porta tellus, ut feugiat nibh adipiscing sit amet. In eu justo a felis faucibus ornare vel id metus. Vestibulum.</p>","url":"","link_target":""}],"global_text_color":"","global_link_color":"","global_link_hover_color":"","global_use_background":"0","global_background_color":"","global_background_image":"","global_background_repeat":"no-repeat","global_background_size":"cover","global_background_attachment":"inherit","global_user_border":"0","global_border_width":"","global_border_color":"","global_boder_style":"none","global_border_radius":"","global_margin":"","global_padding":"","global_use_animation":"0","global_animation":"","global_animationduration":"300","global_animationdelay":"0","hidden_md":"0","hidden_sm":"0","hidden_xs":"0","acl":null}}]}]},{"id":1482351498926,"visibility":true,"collapse":false,"settings":{"admin_label":"","title":"Our History in Photos","heading_selector":"h3","title_fontsize":"","title_fontweight":"","title_text_color":"","title_margin_top":"","title_margin_bottom":"","subtitle":"Lorem ipsum dolor sit amet, consectetur adipiscing elit. Curabitur pellentesque neque eget diam posuere porta. Quisque ut nulla at nunc lacinia. Proin adipisc. ","subtitle_fontsize":"","title_position":"sppb-text-center","columns_equal_height":"0","fullscreen":"0","no_gutter":"0","id":"photos","class":"","padding":"100px 0px 0px 0px","margin":"0px 0px 0px 0px","color":"","background_color":"","background_image":"","overlay":"","background_repeat":"no-repeat","background_size":"cover","background_attachment":"fixed","background_position":"0 0","background_video":"0","background_video_mp4":"","background_video_ogv":"","hidden_xs":"","hidden_sm":"","hidden_md":"","animation":"","animationduration":"300","animationdelay":"0"},"layout":"12","columns":[{"id":1482351498927,"class_name":"col-md-12","visibility":true,"settings":{},"addons":[{"id":1482351498930,"name":"empty_space","visibility":true,"settings":{"admin_label":"","gap":"20","class":"","global_text_color":"","global_link_color":"","global_link_hover_color":"","global_use_background":"0","global_background_color":"","global_background_image":"","global_background_repeat":"no-repeat","global_background_size":"cover","global_background_attachment":"inherit","global_user_border":"0","global_border_width":"","global_border_color":"","global_boder_style":"none","global_border_radius":"","global_margin":"","global_padding":"","global_use_animation":"0","global_animation":"","global_animationduration":"300","global_animationdelay":"0","hidden_md":"0","hidden_sm":"0","hidden_xs":"0","acl":null}}]}]},{"id":1482351498907,"visibility":true,"collapse":false,"settings":{"admin_label":"","title":"","heading_selector":"h3","title_fontsize":"","title_fontweight":"","title_text_color":"","title_margin_top":"","title_margin_bottom":"","subtitle":"","subtitle_fontsize":"","title_position":"sppb-text-center","columns_equal_height":"0","fullscreen":"0","no_gutter":"0","id":"","class":"","padding":"0px 0px 50px 0px","margin":"0px 0px 0px 0px","color":"","background_color":"","background_image":"","overlay":"","background_repeat":"no-repeat","background_size":"cover","background_attachment":"fixed","background_position":"0 0","background_video":"0","background_video_mp4":"","background_video_ogv":"","hidden_xs":"","hidden_sm":"","hidden_md":"","animation":"","animationduration":"300","animationdelay":"0"},"layout":"6,3,3","columns":[{"id":1482351498908,"class_name":"col-md-6","visibility":true,"settings":{},"addons":[{"id":1482351498911,"name":"wgallery","visibility":true,"settings":{"admin_label":"Our History in Photos","title":"","heading_selector":"h3","title_fontsize":"","title_lineheight":"","title_fontstyle":null,"title_letterspace":"0","title_fontweight":"","title_text_color":"","title_margin_top":"","title_margin_bottom":"","class":"","sp_gallery_item":[{"title":"Meeting Wedding Couple","thumb":"images/joomlabuff/wedding/history/history-1.jpg","fav_count":"1800"}],"width":"200","height":"200","global_text_color":"","global_link_color":"","global_link_hover_color":"","global_use_background":"0","global_background_color":"","global_background_image":"","global_background_repeat":"no-repeat","global_background_size":"cover","global_background_attachment":"inherit","global_user_border":"0","global_border_width":"","global_border_color":"","global_boder_style":"none","global_border_radius":"","global_margin":"","global_padding":"","global_use_animation":"0","global_animation":"","global_animationduration":"300","global_animationdelay":"0","hidden_md":"0","hidden_sm":"0","hidden_xs":"0","acl":null}}]},{"id":1482351498935,"class_name":"col-md-3","visibility":true,"settings":{},"addons":[{"id":1482351498939,"name":"wgallery","visibility":true,"settings":{"admin_label":"Our History in Photos","title":"","heading_selector":"h3","title_fontsize":"","title_lineheight":"","title_fontstyle":null,"title_letterspace":"0","title_fontweight":"","title_text_color":"","title_margin_top":"","title_margin_bottom":"","class":"","sp_gallery_item":[{"title":"Wedding time","thumb":"images/joomlabuff/wedding/history/history-2.jpg","fav_count":"1200"}],"width":"200","height":"200","global_text_color":"","global_link_color":"","global_link_hover_color":"","global_use_background":"0","global_background_color":"","global_background_image":"","global_background_repeat":"no-repeat","global_background_size":"cover","global_background_attachment":"inherit","global_user_border":"0","global_border_width":"","global_border_color":"","global_boder_style":"none","global_border_radius":"","global_margin":"","global_padding":"","global_use_animation":"0","global_animation":"","global_animationduration":"300","global_animationdelay":"0","hidden_md":"0","hidden_sm":"0","hidden_xs":"0","acl":null}}]},{"id":1482351498936,"class_name":"col-md-3","visibility":true,"settings":{},"addons":[{"id":1482351498942,"name":"wgallery","visibility":true,"settings":{"admin_label":"Our History in Photos","title":"","heading_selector":"h3","title_fontsize":"","title_lineheight":"","title_fontstyle":null,"title_letterspace":"0","title_fontweight":"","title_text_color":"","title_margin_top":"","title_margin_bottom":"","class":"","sp_gallery_item":[{"title":"Wedding party","thumb":"images/joomlabuff/wedding/history/history-3.jpg","fav_count":"1500"}],"width":"200","height":"200","global_text_color":"","global_link_color":"","global_link_hover_color":"","global_use_background":"0","global_background_color":"","global_background_image":"","global_background_repeat":"no-repeat","global_background_size":"cover","global_background_attachment":"inherit","global_user_border":"0","global_border_width":"","global_border_color":"","global_boder_style":"none","global_border_radius":"","global_margin":"","global_padding":"","global_use_animation":"0","global_animation":"","global_animationduration":"300","global_animationdelay":"0","hidden_md":"0","hidden_sm":"0","hidden_xs":"0","acl":null}}]}]},{"id":1482351498951,"visibility":true,"collapse":false,"settings":{"admin_label":"","title":"","heading_selector":"h3","title_fontsize":"","title_fontweight":"","title_text_color":"","title_margin_top":"","title_margin_bottom":"","subtitle":"","subtitle_fontsize":"","title_position":"sppb-text-center","columns_equal_height":"0","fullscreen":"0","no_gutter":"0","id":"","class":"","padding":"0px 0px 50px 0px","margin":"0px 0px 0px 0px","color":"","background_color":"","background_image":"","overlay":"","background_repeat":"no-repeat","background_size":"cover","background_attachment":"fixed","background_position":"0 0","background_video":"0","background_video_mp4":"","background_video_ogv":"","hidden_xs":"","hidden_sm":"","hidden_md":"","animation":"","animationduration":"300","animationdelay":"0"},"layout":"12","columns":[{"id":1482351498952,"class_name":"col-md-12","visibility":true,"settings":{},"addons":[{"id":1482351498955,"name":"raw_html","visibility":true,"settings":{"admin_label":"","title":"","heading_selector":"h3","title_fontsize":"","title_lineheight":"","title_fontstyle":null,"title_letterspace":"0","title_fontweight":"","title_text_color":"","title_margin_top":"","title_margin_bottom":"","html":"<div class=\"col-md-12 center\">\n<button class=\"btn btn-secondary btn-xs custom-border-radius font-size-md text-color-light text-uppercase outline-none p-md pl-xlg pr-xlg m-auto mb-xlg mt-xlg\" type=\"button\">View More</button>\n</div>","class":"","global_text_color":"","global_link_color":"","global_link_hover_color":"","global_use_background":"0","global_background_color":"","global_background_image":"","global_background_repeat":"no-repeat","global_background_size":"cover","global_background_attachment":"inherit","global_user_border":"0","global_border_width":"","global_border_color":"","global_boder_style":"none","global_border_radius":"","global_margin":"","global_padding":"","global_use_animation":"0","global_animation":"","global_animationduration":"300","global_animationdelay":"0","hidden_md":"0","hidden_sm":"0","hidden_xs":"0","acl":null}}]}]},{"id":1482351498956,"visibility":true,"collapse":false,"settings":{"admin_label":"","title":"Guestbook","heading_selector":"h3","title_fontsize":"","title_fontweight":"","title_text_color":"","title_margin_top":"","title_margin_bottom":"","subtitle":"","subtitle_fontsize":"","title_position":"sppb-text-center","columns_equal_height":"0","fullscreen":"0","no_gutter":"0","id":"book","class":"text-white","padding":"100px 0px 100px 0px","margin":"0px 0px 0px 0px","color":"","background_color":"","background_image":"images/joomlabuff/wedding/guestbook/guestbook-parallax-bg.jpg","overlay":"","background_repeat":"no-repeat","background_size":"cover","background_attachment":"fixed","background_position":"0 0","background_video":"0","background_video_mp4":"","background_video_ogv":"","hidden_xs":"","hidden_sm":"","hidden_md":"","animation":"","animationduration":"300","animationdelay":"0"},"layout":"6,6","columns":[{"id":1482351498957,"class_name":"col-md-6","visibility":true,"settings":{"color":"","background":"","background_image":"","overlay":"","background_repeat":"no-repeat","background_size":"cover","background_attachment":"scroll","background_position":"0 0","padding":"50px 0 0 0","class":"","sm_col":"","xs_col":"","hidden_xs":"","hidden_sm":"","hidden_md":"","animation":"","animationduration":"300","animationdelay":"0"},"addons":[{"id":1482385544826,"name":"module","visibility":true,"settings":{"admin_label":"Guestbook form","title":"","heading_selector":"h3","title_fontsize":"","title_lineheight":"","title_fontstyle":null,"title_letterspace":"0","title_fontweight":"","title_text_color":"","title_margin_top":"","title_margin_bottom":"","module_type":"module","id":"168","position":"","class":"","global_text_color":"","global_link_color":"","global_link_hover_color":"","global_use_background":"0","global_background_color":"","global_background_image":"","global_background_repeat":"no-repeat","global_background_size":"cover","global_background_attachment":"inherit","global_user_border":"0","global_border_width":"","global_border_color":"","global_boder_style":"none","global_border_radius":"","global_margin":"","global_padding":"","global_use_animation":"0","global_animation":"","global_animationduration":"300","global_animationdelay":"0","hidden_md":"0","hidden_sm":"0","hidden_xs":"0","acl":null}}]},{"id":1482351498958,"class_name":"col-md-6","visibility":true,"settings":{"color":"","background":"","background_image":"","overlay":"","background_repeat":"no-repeat","background_size":"cover","background_attachment":"scroll","background_position":"0 0","padding":"50px 0 0 0","class":"wedding-testimonials","sm_col":"","xs_col":"","hidden_xs":"","hidden_sm":"","hidden_md":"","animation":"","animationduration":"300","animationdelay":"0"},"addons":[{"id":1482385544829,"name":"testimonialporto","visibility":true,"settings":{"admin_label":"guest book testimonials","title":"","heading_selector":"h3","items":"1","margin":"30","loop":"1","mouseDrag":"1","autoplay":"1","autoplay_interval":"5000","nav":"1","dots":"0","class":"guestbook-messages background-color-light","style":"style6","sp_testimonialporto_item":[{"title":"John Doe","desc":"","avatar":"","avatar_style":"sppb-img-circle","avatar_position":"top","message":"<p>Lorem ipsum dolor sit amet, consectetur adipiscing elit. Curabitur pellentesque neque eget diam posuere porta. Quisque ut nulla...</p>","url":"","link_target":""},{"title":"John Doe","desc":"","avatar":"","avatar_style":"sppb-img-circle","avatar_position":"top","message":"<p>Lorem ipsum dolor sit amet, consectetur adipiscing elit. Curabitur pellentesque neque eget diam posuere porta. Quisque ut nulla...</p>","url":"","link_target":""}],"global_text_color":"","global_link_color":"","global_link_hover_color":"","global_use_background":"0","global_background_color":"","global_background_image":"","global_background_repeat":"no-repeat","global_background_size":"cover","global_background_attachment":"inherit","global_user_border":"0","global_border_width":"","global_border_color":"","global_boder_style":"none","global_border_radius":"","global_margin":"","global_padding":"","global_use_animation":"0","global_animation":"","global_animationduration":"300","global_animationdelay":"0","hidden_md":"0","hidden_sm":"0","hidden_xs":"0","acl":null}}]}]},{"id":1482422522728,"visibility":true,"collapse":false,"settings":{"admin_label":"our blog","title":"Our Blog","heading_selector":"h3","title_fontsize":"","title_fontweight":"","title_text_color":"","title_margin_top":"","title_margin_bottom":"","subtitle":"","subtitle_fontsize":"","title_position":"sppb-text-center","columns_equal_height":"0","fullscreen":"0","no_gutter":"0","id":"wedding-blog","class":"","padding":"100px 0px 100px 0px","margin":"0px 0px 0px 0px","color":"","background_color":"","background_image":"","overlay":"","background_repeat":"no-repeat","background_size":"cover","background_attachment":"fixed","background_position":"0 0","background_video":"0","background_video_mp4":"","background_video_ogv":"","hidden_xs":"","hidden_sm":"","hidden_md":"","animation":"","animationduration":"300","animationdelay":"0"},"layout":"12","columns":[{"id":1482422522729,"class_name":"col-md-12","visibility":true,"settings":{"color":"","background":"","background_image":"","overlay":"","background_repeat":"no-repeat","background_size":"cover","background_attachment":"scroll","background_position":"0 0","padding":"20px 0 0 0","class":"","sm_col":"","xs_col":"","hidden_xs":"","hidden_sm":"","hidden_md":"","animation":"","animationduration":"300","animationdelay":"0"},"addons":[{"id":1482422522732,"name":"module","visibility":true,"settings":{"admin_label":" Our Blog","title":"","heading_selector":"h3","title_fontsize":"","title_lineheight":"","title_fontstyle":null,"title_letterspace":"0","title_fontweight":"","title_text_color":"","title_margin_top":"","title_margin_bottom":"","module_type":"module","id":"169","position":"","class":"","global_text_color":"","global_link_color":"","global_link_hover_color":"","global_use_background":"0","global_background_color":"","global_background_image":"","global_background_repeat":"no-repeat","global_background_size":"cover","global_background_attachment":"inherit","global_user_border":"0","global_border_width":"","global_border_color":"","global_boder_style":"none","global_border_radius":"","global_margin":"","global_padding":"","global_use_animation":"0","global_animation":"","global_animationduration":"300","global_animationdelay":"0","hidden_md":"0","hidden_sm":"0","hidden_xs":"0","acl":null}}]}]},{"id":1482440210892,"visibility":true,"collapse":false,"settings":{"admin_label":"Sign your RSVP","title":"Sign your RSVP","heading_selector":"h3","title_fontsize":"","title_fontweight":"","title_text_color":"","title_margin_top":"","title_margin_bottom":"","subtitle":"Are you Attending?","subtitle_fontsize":"","title_position":"sppb-text-center","columns_equal_height":"0","fullscreen":"0","no_gutter":"0","id":"rsvp","class":"rsvp section section-overlay custom-overlay-1 m-none pb-xlg","padding":"50px 0px 50px 0px","margin":"0px 0px 0px 0px","color":"","background_color":"rgba(251, 249, 243, 1)","background_image":"","overlay":"","background_repeat":"no-repeat","background_size":"cover","background_attachment":"fixed","background_position":"0 0","background_video":"0","background_video_mp4":"","background_video_ogv":"","hidden_xs":"","hidden_sm":"","hidden_md":"","animation":"","animationduration":"300","animationdelay":"0"},"layout":"12","columns":[{"id":1482440210893,"class_name":"col-md-12","visibility":true,"settings":{},"addons":[{"id":1482440266094,"name":"module","visibility":true,"settings":{"admin_label":"","title":"","heading_selector":"h3","title_fontsize":"","title_lineheight":"","title_fontstyle":null,"title_letterspace":"0","title_fontweight":"","title_text_color":"","title_margin_top":"","title_margin_bottom":"","module_type":"module","id":"170","position":"","class":"","global_text_color":"","global_link_color":"","global_link_hover_color":"","global_use_background":"0","global_background_color":"","global_background_image":"","global_background_repeat":"no-repeat","global_background_size":"cover","global_background_attachment":"inherit","global_user_border":"0","global_border_width":"","global_border_color":"","global_boder_style":"none","global_border_radius":"","global_margin":"","global_padding":"","global_use_animation":"0","global_animation":"","global_animationduration":"300","global_animationdelay":"0","hidden_md":"0","hidden_sm":"0","hidden_xs":"0","acl":null}}]}]},{"id":1482440266097,"visibility":true,"collapse":false,"settings":{"admin_label":"Gift Registry","title":"Gift Registry","heading_selector":"h3","title_fontsize":"","title_fontweight":"","title_text_color":"","title_margin_top":"","title_margin_bottom":"","subtitle":"Lorem ipsum dolor sit amet, consectetur adipiscing elit. Curabitur pellentesque neque eget diam posuere porta. Quisque ut nulla at nunc lacinia. Proin adipiscing.","subtitle_fontsize":"","title_position":"sppb-text-center","columns_equal_height":"0","fullscreen":"0","no_gutter":"0","id":"gift","class":"","padding":"100px 0px 100px 0px","margin":"0px 0px 0px 0px","color":"","background_color":"","background_image":"","overlay":"","background_repeat":"no-repeat","background_size":"cover","background_attachment":"fixed","background_position":"0 0","background_video":"0","background_video_mp4":"","background_video_ogv":"","hidden_xs":"","hidden_sm":"","hidden_md":"","animation":"","animationduration":"300","animationdelay":"0"},"layout":"12","columns":[{"id":1482440266098,"class_name":"col-md-12","visibility":true,"settings":{},"addons":[{"id":1482440266101,"name":"raw_html","visibility":true,"settings":{"admin_label":"Gift Registry","title":"","heading_selector":"h3","title_fontsize":"","title_lineheight":"","title_fontstyle":null,"title_letterspace":"0","title_fontweight":"","title_text_color":"","title_margin_top":"","title_margin_bottom":"","html":"<div class=\"content-grid pl-md pr-md\">\n\t\t\t\t\t\t\t\t<div class=\"content-grid-row\">\n\t\t\t\t\t\t\t\t\t<div class=\"content-grid-item col-sm-4 col-md-2 center\">\n\t\t\t\t\t\t\t\t\t\t<img src=\"images/joomlabuff/wedding/gift-registary/gift-registary-1.png\" alt=\"\" class=\"img-responsive\">\n\t\t\t\t\t\t\t\t\t</div>\n\t\t\t\t\t\t\t\t\t<div class=\"content-grid-item col-sm-4 col-md-2 center\">\n\t\t\t\t\t\t\t\t\t\t<img src=\"images/joomlabuff/wedding/gift-registary/gift-registary-2.png\" alt=\"\" class=\"img-responsive\">\n\t\t\t\t\t\t\t\t\t</div>\n\t\t\t\t\t\t\t\t\t<div class=\"content-grid-item col-sm-4 col-md-2 center\">\n\t\t\t\t\t\t\t\t\t\t<img src=\"images/joomlabuff/wedding/gift-registary/gift-registary-3.png\" alt=\"\" class=\"img-responsive\">\n\t\t\t\t\t\t\t\t\t</div>\n\t\t\t\t\t\t\t\t\t<div class=\"content-grid-item col-sm-4 col-md-2 center\">\n\t\t\t\t\t\t\t\t\t\t<img src=\"images/joomlabuff/wedding/gift-registary/gift-registary-4.png\" alt=\"\" class=\"img-responsive\">\n\t\t\t\t\t\t\t\t\t</div>\n\t\t\t\t\t\t\t\t\t<div class=\"content-grid-item col-sm-4 col-md-2 center\">\n\t\t\t\t\t\t\t\t\t\t<img src=\"images/joomlabuff/wedding/gift-registary/gift-registary-5.png\" alt=\"\" class=\"img-responsive\">\n\t\t\t\t\t\t\t\t\t</div>\n\t\t\t\t\t\t\t\t\t<div class=\"content-grid-item col-sm-4 col-md-2 center\">\n\t\t\t\t\t\t\t\t\t\t<img src=\"images/joomlabuff/wedding/gift-registary/gift-registary-6.png\" alt=\"\" class=\"img-responsive\">\n\t\t\t\t\t\t\t\t\t</div>\n\t\t\t\t\t\t\t\t</div>\n\t\t\t\t\t\t\t</div>","class":"","global_text_color":"","global_link_color":"","global_link_hover_color":"","global_use_background":"0","global_background_color":"","global_background_image":"","global_background_repeat":"no-repeat","global_background_size":"cover","global_background_attachment":"inherit","global_user_border":"0","global_border_width":"","global_border_color":"","global_boder_style":"none","global_border_radius":"","global_margin":"","global_padding":"","global_use_animation":"0","global_animation":"","global_animationduration":"300","global_animationdelay":"0","hidden_md":"0","hidden_sm":"0","hidden_xs":"0","acl":null}}]}]},{"id":1482440266104,"visibility":true,"collapse":false,"settings":{"admin_label":"jessica & john","title":"jessica & john","heading_selector":"h3","title_fontsize":"","title_fontweight":"","title_text_color":"","title_margin_top":"","title_margin_bottom":"","subtitle":"","subtitle_fontsize":"","title_position":"sppb-text-center","columns_equal_height":"0","fullscreen":"1","no_gutter":"1","id":"","class":"text-white custom-font-size-2","padding":"200px 0px 200px 0px","margin":"0px 0px 0px 0px","color":"","background_color":"","background_image":"images/joomlabuff/wedding/footer/footer-parallax-bg.jpg","overlay":"","background_repeat":"no-repeat","background_size":"cover","background_attachment":"fixed","background_position":"0 0","background_video":"0","background_video_mp4":"","background_video_ogv":"","hidden_xs":"","hidden_sm":"","hidden_md":"","animation":"","animationduration":"300","animationdelay":"0"},"layout":"12","columns":[{"id":1482440266105,"class_name":"col-md-12","visibility":true,"settings":{},"addons":[{"id":1482440266108,"name":"raw_html","visibility":true,"settings":{"admin_label":"","title":"","heading_selector":"h3","title_fontsize":"","title_lineheight":"","title_fontstyle":null,"title_letterspace":"0","title_fontweight":"","title_text_color":"","title_margin_top":"","title_margin_bottom":"","html":"<span class=\"text-uppercase text-color-light background-color-primary custom-border-radius p-xs pl-md pr-md\">10th June 2017</span>","class":"center","global_text_color":"","global_link_color":"","global_link_hover_color":"","global_use_background":"0","global_background_color":"","global_background_image":"","global_background_repeat":"no-repeat","global_background_size":"cover","global_background_attachment":"inherit","global_user_border":"0","global_border_width":"","global_border_color":"","global_boder_style":"none","global_border_radius":"","global_margin":"","global_padding":"","global_use_animation":"0","global_animation":"","global_animationduration":"300","global_animationdelay":"0","hidden_md":"0","hidden_sm":"0","hidden_xs":"0","acl":null}}]}]}]