[{"id":1481403101423,"visibility":true,"collapse":false,"settings":{"admin_label":"","title":"","heading_selector":"h3","title_fontsize":"","title_fontweight":"","title_text_color":"","title_margin_top":"","title_margin_bottom":"","subtitle":"","subtitle_fontsize":"","title_position":"sppb-text-center","columns_equal_height":"0","fullscreen":"0","no_gutter":"0","id":"","class":"","padding":"50px 0px 50px 0px","margin":"0px 0px 0px 0px","color":"","background_color":"","background_image":"","overlay":"","background_repeat":"no-repeat","background_size":"cover","background_attachment":"fixed","background_position":"0 0","background_video":"0","background_video_mp4":"","background_video_ogv":"","hidden_xs":"","hidden_sm":"","hidden_md":"","animation":"","animationduration":"300","animationdelay":"0"},"layout":"8,4","columns":[{"id":1481403101424,"class_name":"col-md-8","visibility":true,"settings":{},"addons":[{"id":1481403101433,"name":"raw_html","visibility":true,"settings":{"admin_label":"","title":"","heading_selector":"h3","title_fontsize":"","title_lineheight":"","title_fontstyle":null,"title_letterspace":"0","title_fontweight":"","title_text_color":"","title_margin_top":"","title_margin_bottom":"","html":"\n\t\t\t\t\t\t<h2 class=\"font-weight-semibold mb-xs\">Welcome to Porto Medical</h2>\n\n\t\t\t\t\t\t<p class=\"lead font-weight-normal\">Founded in 2001 by John Doe, gravida nibh vel velit auctor aliquet. Aenean sollicitudin, lorem quis bibendum auctor, nisi elit consequat ipsum, nec sagittis sem nibh id elit. Duis sed odio sit amet nibh vulputate cursus a sit amet mauris. Morbi accumsan ipsum velit. Nam nec tellus a odio tincidunt auctor a ornare odio. Sed non mauris vitae erat consequat.</p>\n\n\t\t\t\t\t\t<p>Lorem ipsum dolor sit amet, consectetur adipiscing elit. Curabitur hendrerit, leo vitae interdum pretium, tortor risus dapibus tortor, eu suscipit orci leo sed nisl. Integer et ipsum eu nulla auctor mattis sit amet in diam. Vestibulum non ornare arcu. Class aptent taciti sociosqu ad.</p>\n\n\t\t\t\t\t\t<p> Lorem ipsum dolor sit amet, consectetur adipiscing elit. Curabitur hendrerit, leo vitae interdum pretium, tortor risus dapibus tortor, eu suscipit orci leo sed nisl. Integer et ipsum eu nulla auctor mattis sit amet in diam. Vestibulum non ornare arcu. Class aptent taciti sociosqu ad litora torquent per conubia nostra, per inceptos himenaeos. Integer vitae nunc consequat, viverra nisl eget, dictum eros. Maecenas sit amet iaculis massa. Sed dui tellus, pellentesque non enim eget, cursus sollicitudin tellus. Cras eget varius enim. Aenean ac libero finibus, varius nisi a, cursus magna. Vestibulum vitae massa purus. Etiam vulputate ullamcorper diam, a iaculis nulla placerat a. Aenean ac libero finibus, varius nisi a, cursus magna. Vestibulum vitae massa purus. Etiam vulputate ullamcorper diam, a iaculis nulla placerat a.</p>\n\t\t\t\t\t","class":"","global_text_color":"","global_link_color":"","global_link_hover_color":"","global_use_background":"0","global_background_color":"","global_background_image":"","global_background_repeat":"no-repeat","global_background_size":"cover","global_background_attachment":"inherit","global_user_border":"0","global_border_width":"","global_border_color":"","global_boder_style":"none","global_border_radius":"","global_margin":"","global_padding":"","global_use_animation":"0","global_animation":"","global_animationduration":"300","global_animationdelay":"0","hidden_md":"0","hidden_sm":"0","hidden_xs":"0","acl":null}}]},{"id":1481403101430,"class_name":"col-md-4","visibility":true,"settings":{},"addons":[{"id":1481403101436,"name":"carousel","visibility":true,"settings":{"admin_label":"","autoplay":"0","controllers":"1","arrows":"0","alignment":"sppb-text-center","class":"","sp_carousel_item":[{"title":"","content":"","bg":"images/joomlabuff/medical/gallery/gallery-2.jpg","button_text":"Button Text","button_fontstyle":null,"button_letterspace":"0","button_url":"","button_target":"","button_type":"default","button_appearance":"","button_background_color":"#444444","button_color":"#ffffff","button_background_color_hover":"#222222","button_color_hover":"#ffffff","button_size":"","button_shape":"rounded","button_block":"","button_icon":"","button_icon_position":"left"},{"title":"","content":"","bg":"images/joomlabuff/medical/gallery/gallery-3.jpg","button_text":"Button Text","button_fontstyle":null,"button_letterspace":"0","button_url":"","button_target":"","button_type":"default","button_appearance":"","button_background_color":"#444444","button_color":"#ffffff","button_background_color_hover":"#222222","button_color_hover":"#ffffff","button_size":"","button_shape":"rounded","button_block":"","button_icon":"","button_icon_position":"left"},{"title":"","content":"","bg":"images/joomlabuff/medical/gallery/gallery-4.jpg","button_text":"Button Text","button_fontstyle":null,"button_letterspace":"0","button_url":"","button_target":"","button_type":"default","button_appearance":"","button_background_color":"#444444","button_color":"#ffffff","button_background_color_hover":"#222222","button_color_hover":"#ffffff","button_size":"","button_shape":"rounded","button_block":"","button_icon":"","button_icon_position":"left"}],"global_text_color":"","global_link_color":"","global_link_hover_color":"","global_use_background":"0","global_background_color":"","global_background_image":"","global_background_repeat":"no-repeat","global_background_size":"cover","global_background_attachment":"inherit","global_user_border":"0","global_border_width":"","global_border_color":"","global_boder_style":"none","global_border_radius":"","global_margin":"","global_padding":"","global_use_animation":"0","global_animation":"","global_animationduration":"300","global_animationdelay":"0","hidden_md":"0","hidden_sm":"0","hidden_xs":"0","acl":null}},{"id":1481403101445,"name":"animated_number","visibility":true,"settings":{"admin_label":"Years in Business","number":"13","duration":"1000","font_size":"36","color":"","counter_title":"Years in Business","title_font_size":"18","alignment":"sppb-text-center","class":"counters text-primary","global_text_color":"","global_link_color":"","global_link_hover_color":"","global_use_background":"0","global_background_color":"","global_background_image":"","global_background_repeat":"no-repeat","global_background_size":"cover","global_background_attachment":"inherit","global_user_border":"0","global_border_width":"","global_border_color":"","global_boder_style":"none","global_border_radius":"","global_margin":"","global_padding":"10px  10px","global_use_animation":"0","global_animation":"","global_animationduration":"300","global_animationdelay":"0","hidden_md":"0","hidden_sm":"0","hidden_xs":"0","acl":null}},{"id":1481403101451,"name":"animated_number","visibility":true,"settings":{"admin_label":"department","number":"15","duration":"1000","font_size":"36","color":"","counter_title":"Department","title_font_size":"18","alignment":"sppb-text-center","class":"counters text-primary","global_text_color":"","global_link_color":"","global_link_hover_color":"","global_use_background":"0","global_background_color":"","global_background_image":"","global_background_repeat":"no-repeat","global_background_size":"cover","global_background_attachment":"inherit","global_user_border":"0","global_border_width":"","global_border_color":"","global_boder_style":"none","global_border_radius":"","global_margin":"","global_padding":"10px  10px","global_use_animation":"0","global_animation":"","global_animationduration":"300","global_animationdelay":"0","hidden_md":"0","hidden_sm":"0","hidden_xs":"0","acl":null}},{"id":1481403101448,"name":"animated_number","visibility":true,"settings":{"admin_label":"Insurance","number":"18","duration":"1000","font_size":"36","color":"","counter_title":"Insurance","title_font_size":"18","alignment":"sppb-text-center","class":"counters text-primary","global_text_color":"","global_link_color":"","global_link_hover_color":"","global_use_background":"0","global_background_color":"","global_background_image":"","global_background_repeat":"no-repeat","global_background_size":"cover","global_background_attachment":"inherit","global_user_border":"0","global_border_width":"","global_border_color":"","global_boder_style":"none","global_border_radius":"","global_margin":"","global_padding":"","global_use_animation":"0","global_animation":"","global_animationduration":"300","global_animationdelay":"0","hidden_md":"0","hidden_sm":"0","hidden_xs":"0","acl":null}}]}]},{"id":1481404239374,"visibility":true,"collapse":false,"settings":{"admin_label":"","title":"","heading_selector":"h3","title_fontsize":"","title_fontweight":"","title_text_color":"","title_margin_top":"","title_margin_bottom":"","subtitle":"","subtitle_fontsize":"","title_position":"sppb-text-center","columns_equal_height":"0","fullscreen":"0","no_gutter":"0","id":"","class":"call-to-action call-to-action-default with-button-arrow call-to-action-in-footer","padding":"50px 0px 50px 0px","margin":"0px 0px 0px 0px","color":"","background_color":"","background_image":"","overlay":"","background_repeat":"no-repeat","background_size":"cover","background_attachment":"fixed","background_position":"0 0","background_video":"0","background_video_mp4":"","background_video_ogv":"","hidden_xs":"","hidden_sm":"","hidden_md":"","animation":"","animationduration":"300","animationdelay":"0"},"layout":"12","columns":[{"id":1479909335643,"class_name":"col-md-12","visibility":true,"settings":{},"addons":[{"id":1479909335646,"name":"raw_html","visibility":true,"settings":{"admin_label":"call to action bottom","title":"","heading_selector":"h3","title_fontsize":"","title_lineheight":"","title_fontstyle":null,"title_letterspace":"0","title_fontweight":"","title_text_color":"","title_margin_top":"","title_margin_bottom":"","html":"<div class=\"col-md-12\">\n\t\t\t\t\t\t\t\t<div class=\"call-to-action-content\">\n\t\t\t\t\t\t\t\t\t<h3>Porto is <strong>everything</strong> you need to create an <strong>awesome</strong> website!</h3>\n\t\t\t\t\t\t\t\t\t<p>The <strong>#1 Selling</strong> HTML Site Template on ThemeForest</p>\n\t\t\t\t\t\t\t\t</div>\n\t\t\t\t\t\t\t\t<div class=\"call-to-action-btn\">\n\t\t\t\t\t\t\t\t\t<a href=\"http://themeforest.net/item/porto-responsive-html5-template/4106987\" target=\"_blank\" class=\"btn btn-lg btn-primary\">Buy Now!</a><span class=\"arrow hlb hidden-xs hidden-sm hidden-md appear-animation animated rotateInUpLeft appear-animation-visible\" data-appear-animation=\"rotateInUpLeft\" style=\"top: -12px;\"></span>\n\t\t\t\t\t\t\t\t</div>\n\t\t\t\t\t\t\t</div>","class":"","global_text_color":"","global_link_color":"","global_link_hover_color":"","global_use_background":"0","global_background_color":"","global_background_image":"","global_background_repeat":"no-repeat","global_background_size":"cover","global_background_attachment":"inherit","global_user_border":"0","global_border_width":"","global_border_color":"","global_boder_style":"none","global_border_radius":"","global_margin":"","global_padding":"","global_use_animation":"0","global_animation":"","global_animationduration":"300","global_animationdelay":"0","hidden_md":"0","hidden_sm":"0","hidden_xs":"0","acl":null}}]}]}]