[{"id":1481782711712,"visibility":true,"collapse":false,"settings":{"padding":"50px 0px 50px 0px","margin":"0px 0px 0px 0px"},"layout":"12","columns":[{"id":1481782711713,"class_name":"col-md-12","visibility":true,"settings":{},"addons":[{"id":1481782711716,"name":"raw_html","visibility":true,"settings":{"admin_label":"","title":"","heading_selector":"h3","title_fontsize":"","title_lineheight":"","title_fontstyle":null,"title_letterspace":"0","title_fontweight":"","title_text_color":"","title_margin_top":"","title_margin_bottom":"","html":"<div class=\"col-md-12\">\n\t\t\t\t\t\t<h2 class=\"font-weight-semibold mb-xs\">Major insurance providers accepted</h2>\n\n\t\t\t\t\t\t<p class=\"lead font-weight-normal\">Aenean sollicitudin, lorem quis bibendum auctor, nisi elit consequat ipsum, nec sagittis sem nibh id elit. Duis sed odio sit amet nibh vulputate cursus a sit amet mauris. Morbi accumsan ipsum velit. Nam nec tellus a odio tincidunt auctor a ornare odio. Sed non mauris vitae erat consequat.</p>\n\n\t\t\t\t\t\t<p>Lorem ipsum dolor sit amet, consectetur adipiscing elit. Curabitur hendrerit, leo vitae interdum pretium, tortor risus dapibus tortor, eu suscipit orci leo sed nisl. Integer et ipsum eu nulla auctor mattis sit amet in diam. Vestibulum non ornare arcu. Class aptent taciti sociosqu ad.</p>\n\n\t\t\t\t\t\t<div class=\"content-grid mt-xlg pt-md\">\n\t\t\t\t\t\t\t<div class=\"content-grid-row\">\n\t\t\t\t\t\t\t\t<div class=\"content-grid-item col-sm-4 center\">\n\t\t\t\t\t\t\t\t\t<img src=\"images/joomlabuff/medical/logos/insurance-logo-1.png\" alt=\"\" class=\"img-responsive\">\n\t\t\t\t\t\t\t\t</div>\n\t\t\t\t\t\t\t\t<div class=\"content-grid-item col-sm-4 center\">\n\t\t\t\t\t\t\t\t\t<img src=\"images/joomlabuff/medical/logos/insurance-logo-2.png\" alt=\"\" class=\"img-responsive\">\n\t\t\t\t\t\t\t\t</div>\n\t\t\t\t\t\t\t\t<div class=\"content-grid-item col-sm-4 center\">\n\t\t\t\t\t\t\t\t\t<img src=\"images/joomlabuff/medical/logos/insurance-logo-3.png\" alt=\"\" class=\"img-responsive\">\n\t\t\t\t\t\t\t\t</div>\n\t\t\t\t\t\t\t</div>\n\t\t\t\t\t\t\t<div class=\"content-grid-row\">\n\t\t\t\t\t\t\t\t<div class=\"content-grid-item col-sm-4 center\">\n\t\t\t\t\t\t\t\t\t<img src=\"images/joomlabuff/medical/logos/insurance-logo-4.png\" alt=\"\" class=\"img-responsive\">\n\t\t\t\t\t\t\t\t</div>\n\t\t\t\t\t\t\t\t<div class=\"content-grid-item col-sm-4 center\">\n\t\t\t\t\t\t\t\t\t<img src=\"images/joomlabuff/medical/logos/insurance-logo-5.png\" alt=\"\" class=\"img-responsive\">\n\t\t\t\t\t\t\t\t</div>\n\t\t\t\t\t\t\t\t<div class=\"content-grid-item col-sm-4 center\">\n\t\t\t\t\t\t\t\t\t<img src=\"images/joomlabuff/medical/logos/insurance-logo-6.png\" alt=\"\" class=\"img-responsive\">\n\t\t\t\t\t\t\t\t</div>\n\t\t\t\t\t\t\t</div>\n\t\t\t\t\t\t</div>\n\n\t\t\t\t\t</div>","class":"","global_text_color":"","global_link_color":"","global_link_hover_color":"","global_use_background":"0","global_background_color":"","global_background_image":"","global_background_repeat":"no-repeat","global_background_size":"cover","global_background_attachment":"inherit","global_user_border":"0","global_border_width":"","global_border_color":"","global_boder_style":"none","global_border_radius":"","global_margin":"","global_padding":"","global_use_animation":"0","global_animation":"","global_animationduration":"300","global_animationdelay":"0","hidden_md":"0","hidden_sm":"0","hidden_xs":"0","acl":null}}]}]}]