[{"id":1481397417312,"visibility":true,"collapse":false,"settings":{"padding":"50px 0px 50px 0px","margin":"0px 0px 0px 0px"},"layout":"12","columns":[{"id":1481397417313,"class_name":"col-md-12","visibility":true,"settings":{},"addons":[{"id":1481397417316,"name":"raw_html","visibility":true,"settings":{"admin_label":"","title":"","heading_selector":"h3","title_fontsize":"","title_lineheight":"","title_fontstyle":null,"title_letterspace":"0","title_fontweight":"","title_text_color":"","title_margin_top":"","title_margin_bottom":"","html":"<div class=\"container\">\n\t\t\t\t\t<div class=\"row medical-schedules\">\n\t\t\t\t\t\t<div class=\"col-lg-3 box-one background-color-primary appear-animation animated fadeInLeft appear-animation-visible\" data-appear-animation=\"fadeInLeft\" data-appear-animation-delay=\"0\">\n\t\t\t\t\t\t\t<div class=\"feature-box feature-box-style-2 p-lg\">\n\t\t\t\t\t\t\t\t<div class=\"feature-box-icon\">\n\t\t\t\t\t\t\t\t\t<img src=\"images/joomlabuff/medical/icons/medical-icon-heart.png\" alt=\"\" class=\"img-responsive pt-xs\">\n\t\t\t\t\t\t\t\t</div>\n\t\t\t\t\t\t\t\t<div class=\"feature-box-info ml-md\">\n\t\t\t\t\t\t\t\t\t<h4 class=\"m-none\">Medical Treatment</h4>\n\t\t\t\t\t\t\t\t</div>\n\t\t\t\t\t\t\t</div>\n\t\t\t\t\t\t</div>\n\t\t\t\t\t\t<div class=\"col-lg-3 box-two background-color-tertiary appear-animation animated fadeInLeft appear-animation-visible\" data-appear-animation=\"fadeInLeft\" data-appear-animation-delay=\"600\">\n\t\t\t\t\t\t\t<h5 class=\"m-none\">\n\t\t\t\t\t\t\t\t<a href=\"#\" title=\"\">\n\t\t\t\t\t\t\t\t\tDoctors Timetable\n\t\t\t\t\t\t\t\t\t<i class=\"icon-arrow-right-circle icons\"></i>\n\t\t\t\t\t\t\t\t</a>\n\t\t\t\t\t\t\t</h5>\n\t\t\t\t\t\t</div>\n\t\t\t\t\t\t<div class=\"col-lg-3 box-three background-color-primary appear-animation animated fadeInLeft appear-animation-visible\" data-appear-animation=\"fadeInLeft\" data-appear-animation-delay=\"1200\">\n\t\t\t\t\t\t\t<div class=\"expanded-info p-xlg background-color-primary\">\n\t\t\t\t\t\t\t\t<div class=\"info custom-info\">\n\t\t\t\t\t\t\t\t\t<span>Mon-Fri</span>\n\t\t\t\t\t\t\t\t\t<span>8:30 am to 5:00 pm</span>\n\t\t\t\t\t\t\t\t</div>\n\t\t\t\t\t\t\t\t<div class=\"info custom-info\">\n\t\t\t\t\t\t\t\t\t<span>Saturday</span>\n\t\t\t\t\t\t\t\t\t<span>9:30 am to 1:00 pm</span>\n\t\t\t\t\t\t\t\t</div>\n\t\t\t\t\t\t\t\t<div class=\"info custom-info\">\n\t\t\t\t\t\t\t\t\t<span>Sunday</span>\n\t\t\t\t\t\t\t\t\t<span>Closed</span>\n\t\t\t\t\t\t\t\t</div>\n\t\t\t\t\t\t\t</div>\n\t\t\t\t\t\t\t<h5 class=\"m-none\">\n\t\t\t\t\t\t\t\tOpening Hours\n\t\t\t\t\t\t\t\t<i class=\"icon-arrow-right-circle icons\"></i>\n\t\t\t\t\t\t\t</h5>\n\t\t\t\t\t\t</div>\n\t\t\t\t\t\t<div class=\"col-lg-3 box-four background-color-secondary p-none appear-animation animated fadeInLeft appear-animation-visible\" data-appear-animation=\"fadeInLeft\" data-appear-animation-delay=\"1800\">\n\t\t\t\t\t\t\t<a href=\"tel:+008001234567\" class=\"text-decoration-none\">\n\t\t\t\t\t\t\t\t<div class=\"feature-box feature-box-style-2 m-none\">\n\t\t\t\t\t\t\t\t\t<div class=\"feature-box-icon\">\n\t\t\t\t\t\t\t\t\t\t<i class=\"icon-call-out icons\"></i>\n\t\t\t\t\t\t\t\t\t</div>\n\t\t\t\t\t\t\t\t\t<div class=\"feature-box-info ml-md\">\n\t\t\t\t\t\t\t\t\t\t<label class=\"font-weight-light\">Emergency case</label>\n\t\t\t\t\t\t\t\t\t\t<strong class=\"font-weight-normal\">(800)123-4567</strong>\n\t\t\t\t\t\t\t\t\t</div>\n\t\t\t\t\t\t\t\t</div>\n\t\t\t\t\t\t\t</a>\n\t\t\t\t\t\t</div>\n\t\t\t\t\t</div>\n\t\t\t\t\t<div class=\"row mt-xlg pt-xlg mb-xlg pb-xs\">\n\t\t\t\t\t\t<div class=\"col-sm-8 col-md-8\">\n\t\t\t\t\t\t\t<h2 class=\"font-weight-semibold mb-xs\">About Us</h2>\n\t\t\t\t\t\t\t<p class=\"lead font-weight-normal\">Lorem ipsum dolor sit amet, consectetur adipiscing elit.</p>\n\n\t\t\t\t\t\t\t<p>Lorem ipsum dolor sit amet, consectetur adipiscing elit. Curabitur hendrerit, leo vitae interdum pretium, tortor risus dapibus tortor, eu suscipit orci leo sed nisl. Integer et ipsum eu nulla auctor mattis sit amet in diam. Vestibulum non ornare arcu. Class aptent taciti sociosqu ad...</p>\n\n\t\t\t\t\t\t\t<a class=\"btn btn-borders btn-quaternary custom-button text-uppercase mt-lg mb-lg font-weight-bold\">read more</a>\n\t\t\t\t\t\t</div>\n\t\t\t\t\t\t<div class=\"col-sm-4 col-md-4\">\n\t\t\t\t\t\t\t<img src=\"images/joomlabuff/medical/gallery/gallery-1.jpg\" alt=\"\" class=\"img-responsive box-shadow-custom\"> \n\t\t\t\t\t\t</div>\n\t\t\t\t\t</div>\n\t\t\t\t</div>","class":"section-custom-medical","global_text_color":"","global_link_color":"","global_link_hover_color":"","global_use_background":"0","global_background_color":"","global_background_image":"","global_background_repeat":"no-repeat","global_background_size":"cover","global_background_attachment":"inherit","global_user_border":"0","global_border_width":"","global_border_color":"","global_boder_style":"none","global_border_radius":"","global_margin":"","global_padding":"","global_use_animation":"0","global_animation":"","global_animationduration":"300","global_animationdelay":"0","hidden_md":"0","hidden_sm":"0","hidden_xs":"0","acl":null}}]}]},{"id":1481397417323,"visibility":true,"collapse":false,"settings":{"admin_label":"","title":"Departments","heading_selector":"h3","title_fontsize":"","title_fontweight":"","title_text_color":"","title_margin_top":"","title_margin_bottom":"","subtitle":"Lorem ipsum dolor sit amet, consectetur adipiscing elit.","subtitle_fontsize":"","title_position":"sppb-text-left","columns_equal_height":"0","fullscreen":"0","no_gutter":"0","id":"","class":"","padding":"50px 0px 0px 0px","margin":"0px 0px 0px 0px","color":"","background_color":"rgba(244, 244, 244, 1)","background_image":"","overlay":"","background_repeat":"no-repeat","background_size":"cover","background_attachment":"fixed","background_position":"0 0","background_video":"0","background_video_mp4":"","background_video_ogv":"","hidden_xs":"","hidden_sm":"","hidden_md":"","animation":"","animationduration":"300","animationdelay":"0"},"layout":"4,4,4","columns":[{"id":1481397417324,"class_name":"col-md-4","visibility":true,"settings":{},"addons":[{"id":1481397417329,"name":"raw_html","visibility":true,"settings":{"admin_label":"","title":"","heading_selector":"h3","title_fontsize":"","title_lineheight":"","title_fontstyle":null,"title_letterspace":"0","title_fontweight":"","title_text_color":"","title_margin_top":"","title_margin_bottom":"","html":"<div class=\"feature-box feature-box-style-2 mb-xl appear-animation animated fadeInUp appear-animation-visible\" data-appear-animation=\"fadeInUp\" data-appear-animation-delay=\"300\">\n\t\t\t\t\t\t\t\t<div class=\"feature-box-icon\">\n\t\t\t\t\t\t\t\t\t<img src=\"images/joomlabuff/medical/icons/department-icon-cardiology.png\" alt=\"\" class=\"img-responsive\">\n\t\t\t\t\t\t\t\t</div>\n\t\t\t\t\t\t\t\t<div class=\"feature-box-info ml-md\">\n\t\t\t\t\t\t\t\t\t<h4 class=\"font-weight-semibold\"><a href=\"#\" class=\"text-decoration-none\">Cardiology</a></h4>\n\t\t\t\t\t\t\t\t\t<p>Lorem ipsum dolor sit amet, consectetur adipiscing elit. Curabitur hendrerit, leo vitae interdum...</p>\n\t\t\t\t\t\t\t\t</div>\t\n\t\t\t\t\t\t\t</div>","class":"","global_text_color":"","global_link_color":"","global_link_hover_color":"","global_use_background":"0","global_background_color":"","global_background_image":"","global_background_repeat":"no-repeat","global_background_size":"cover","global_background_attachment":"inherit","global_user_border":"0","global_border_width":"","global_border_color":"","global_boder_style":"none","global_border_radius":"","global_margin":"10","global_padding":"10","global_use_animation":"1","global_animation":"fadeInUp","global_animationduration":"800","global_animationdelay":"100","hidden_md":"0","hidden_sm":"0","hidden_xs":"0","acl":null}},{"id":1481397417369,"name":"raw_html","visibility":true,"settings":{"admin_label":"","title":"","heading_selector":"h3","title_fontsize":"","title_lineheight":"","title_fontstyle":null,"title_letterspace":"0","title_fontweight":"","title_text_color":"","title_margin_top":"","title_margin_bottom":"","html":"<div class=\"feature-box feature-box-style-2 mb-xl appear-animation animated fadeInUp appear-animation-visible\" data-appear-animation=\"fadeInUp\" data-appear-animation-delay=\"300\">\n\t\t\t\t\t\t\t\t<div class=\"feature-box-icon\">\n\t\t\t\t\t\t\t\t\t<img src=\"images/joomlabuff/medical/icons/department-icon-dental.png\" alt=\"\" class=\"img-responsive\">\n\t\t\t\t\t\t\t\t</div>\n\t\t\t\t\t\t\t\t<div class=\"feature-box-info ml-md\">\n\t\t\t\t\t\t\t\t\t<h4 class=\"font-weight-semibold\"><a href=\"#\" class=\"text-decoration-none\">Dental</a></h4>\n\t\t\t\t\t\t\t\t\t<p>Lorem ipsum dolor sit amet, consectetur adipiscing elit. Curabitur hendrerit, leo vitae interdum...</p>\n\t\t\t\t\t\t\t\t</div>\t\n\t\t\t\t\t\t\t</div>","class":"","global_text_color":"","global_link_color":"","global_link_hover_color":"","global_use_background":"0","global_background_color":"","global_background_image":"","global_background_repeat":"no-repeat","global_background_size":"cover","global_background_attachment":"inherit","global_user_border":"0","global_border_width":"","global_border_color":"","global_boder_style":"none","global_border_radius":"","global_margin":"","global_padding":"","global_use_animation":"1","global_animation":"fadeInUp","global_animationduration":"800","global_animationdelay":"100","hidden_md":"0","hidden_sm":"0","hidden_xs":"0","acl":null}}]},{"id":1481397417325,"class_name":"col-md-4","visibility":true,"settings":{},"addons":[{"id":1481397417363,"name":"raw_html","visibility":true,"settings":{"admin_label":"","title":"","heading_selector":"h3","title_fontsize":"","title_lineheight":"","title_fontstyle":null,"title_letterspace":"0","title_fontweight":"","title_text_color":"","title_margin_top":"","title_margin_bottom":"","html":"<div class=\"feature-box feature-box-style-2 mb-xl appear-animation animated fadeInUp appear-animation-visible\" data-appear-animation=\"fadeInUp\" data-appear-animation-delay=\"300\">\n\t\t\t\t\t\t\t\t<div class=\"feature-box-icon\">\n\t\t\t\t\t\t\t\t\t<img src=\"images/joomlabuff/medical/icons/department-icon-gastroenterology.png\" alt=\"\" class=\"img-responsive\">\n\t\t\t\t\t\t\t\t</div>\n\t\t\t\t\t\t\t\t<div class=\"feature-box-info ml-md\">\n\t\t\t\t\t\t\t\t\t<h4 class=\"font-weight-semibold\"><a href=\"#\" class=\"text-decoration-none\">Gastroenterology</a></h4>\n\t\t\t\t\t\t\t\t\t<p>Lorem ipsum dolor sit amet, consectetur adipiscing elit. Curabitur hendrerit, leo vitae interdum...</p>\n\t\t\t\t\t\t\t\t</div>\t\n\t\t\t\t\t\t\t</div>","class":"","global_text_color":"","global_link_color":"","global_link_hover_color":"","global_use_background":"0","global_background_color":"","global_background_image":"","global_background_repeat":"no-repeat","global_background_size":"cover","global_background_attachment":"inherit","global_user_border":"0","global_border_width":"","global_border_color":"","global_boder_style":"none","global_border_radius":"","global_margin":"","global_padding":"","global_use_animation":"1","global_animation":"fadeInUp","global_animationduration":"800","global_animationdelay":"100","hidden_md":"0","hidden_sm":"0","hidden_xs":"0","acl":null}},{"id":1481397417372,"name":"raw_html","visibility":true,"settings":{"admin_label":"","title":"","heading_selector":"h3","title_fontsize":"","title_lineheight":"","title_fontstyle":null,"title_letterspace":"0","title_fontweight":"","title_text_color":"","title_margin_top":"","title_margin_bottom":"","html":"<div class=\"feature-box feature-box-style-2 mb-xl appear-animation animated fadeInUp appear-animation-visible\" data-appear-animation=\"fadeInUp\" data-appear-animation-delay=\"300\">\n\t\t\t\t\t\t\t\t<div class=\"feature-box-icon\">\n\t\t\t\t\t\t\t\t\t<img src=\"images/joomlabuff/medical/icons/department-icon-gynecology.png\" alt=\"\" class=\"img-responsive\">\n\t\t\t\t\t\t\t\t</div>\n\t\t\t\t\t\t\t\t<div class=\"feature-box-info ml-md\">\n\t\t\t\t\t\t\t\t\t<h4 class=\"font-weight-semibold\"><a href=\"#\" class=\"text-decoration-none\">Gynecology</a></h4>\n\t\t\t\t\t\t\t\t\t<p>Lorem ipsum dolor sit amet, consectetur adipiscing elit. Curabitur hendrerit, leo vitae interdum...</p>\n\t\t\t\t\t\t\t\t</div>\t\n\t\t\t\t\t\t\t</div>","class":"","global_text_color":"","global_link_color":"","global_link_hover_color":"","global_use_background":"0","global_background_color":"","global_background_image":"","global_background_repeat":"no-repeat","global_background_size":"cover","global_background_attachment":"inherit","global_user_border":"0","global_border_width":"","global_border_color":"","global_boder_style":"none","global_border_radius":"","global_margin":"","global_padding":"","global_use_animation":"1","global_animation":"fadeInUp","global_animationduration":"800","global_animationdelay":"100","hidden_md":"0","hidden_sm":"0","hidden_xs":"0","acl":null}}]},{"id":1481397417326,"class_name":"col-md-4","visibility":true,"settings":{},"addons":[{"id":1481397417366,"name":"raw_html","visibility":true,"settings":{"admin_label":"","title":"","heading_selector":"h3","title_fontsize":"","title_lineheight":"","title_fontstyle":null,"title_letterspace":"0","title_fontweight":"","title_text_color":"","title_margin_top":"","title_margin_bottom":"","html":"<div class=\"feature-box feature-box-style-2 mb-xl appear-animation animated fadeInUp appear-animation-visible\" data-appear-animation=\"fadeInUp\" data-appear-animation-delay=\"300\">\n\t\t\t\t\t\t\t\t<div class=\"feature-box-icon\">\n\t\t\t\t\t\t\t\t\t<img src=\"images/joomlabuff/medical/icons/department-icon-pulmonology.png\" alt=\"\" class=\"img-responsive\">\n\t\t\t\t\t\t\t\t</div>\n\t\t\t\t\t\t\t\t<div class=\"feature-box-info ml-md\">\n\t\t\t\t\t\t\t\t\t<h4 class=\"font-weight-semibold\"><a href=\"#\" class=\"text-decoration-none\">Pulmonology</a></h4>\n\t\t\t\t\t\t\t\t\t<p>Lorem ipsum dolor sit amet, consectetur adipiscing elit. Curabitur hendrerit, leo vitae interdum...</p>\n\t\t\t\t\t\t\t\t</div>\t\n\t\t\t\t\t\t\t</div>","class":"","global_text_color":"","global_link_color":"","global_link_hover_color":"","global_use_background":"0","global_background_color":"","global_background_image":"","global_background_repeat":"no-repeat","global_background_size":"cover","global_background_attachment":"inherit","global_user_border":"0","global_border_width":"","global_border_color":"","global_boder_style":"none","global_border_radius":"","global_margin":"","global_padding":"","global_use_animation":"1","global_animation":"fadeInUp","global_animationduration":"800","global_animationdelay":"100","hidden_md":"0","hidden_sm":"0","hidden_xs":"0","acl":null}},{"id":1481397417375,"name":"raw_html","visibility":true,"settings":{"admin_label":"","title":"","heading_selector":"h3","title_fontsize":"","title_lineheight":"","title_fontstyle":null,"title_letterspace":"0","title_fontweight":"","title_text_color":"","title_margin_top":"","title_margin_bottom":"","html":"<div class=\"feature-box feature-box-style-2 mb-xl appear-animation animated fadeInUp appear-animation-visible\" data-appear-animation=\"fadeInUp\" data-appear-animation-delay=\"300\">\n\t\t\t\t\t\t\t\t<div class=\"feature-box-icon\">\n\t\t\t\t\t\t\t\t\t<img src=\"images/joomlabuff/medical/icons/department-icon-hepatology.png\" alt=\"\" class=\"img-responsive\">\n\t\t\t\t\t\t\t\t</div>\n\t\t\t\t\t\t\t\t<div class=\"feature-box-info ml-md\">\n\t\t\t\t\t\t\t\t\t<h4 class=\"font-weight-semibold\"><a href=\"#\" class=\"text-decoration-none\">Hepatology</a></h4>\n\t\t\t\t\t\t\t\t\t<p>Lorem ipsum dolor sit amet, consectetur adipiscing elit. Curabitur hendrerit, leo vitae interdum...</p>\n\t\t\t\t\t\t\t\t</div>\t\n\t\t\t\t\t\t\t</div>","class":"","global_text_color":"","global_link_color":"","global_link_hover_color":"","global_use_background":"0","global_background_color":"","global_background_image":"","global_background_repeat":"no-repeat","global_background_size":"cover","global_background_attachment":"inherit","global_user_border":"0","global_border_width":"","global_border_color":"","global_boder_style":"none","global_border_radius":"","global_margin":"","global_padding":"","global_use_animation":"1","global_animation":"fadeInUp","global_animationduration":"800","global_animationdelay":"100","hidden_md":"0","hidden_sm":"0","hidden_xs":"0","acl":null}}]}]},{"id":1481397417398,"visibility":true,"collapse":false,"settings":{"admin_label":"","title":"","heading_selector":"h3","title_fontsize":"","title_fontweight":"","title_text_color":"","title_margin_top":"","title_margin_bottom":"","subtitle":"","subtitle_fontsize":"","title_position":"sppb-text-center","columns_equal_height":"0","fullscreen":"0","no_gutter":"0","id":"","class":"","padding":"0px 0px 50px 0px","margin":"0px 0px 0px 0px","color":"","background_color":"rgba(244, 244, 244, 1)","background_image":"","overlay":"","background_repeat":"no-repeat","background_size":"cover","background_attachment":"fixed","background_position":"0 0","background_video":"0","background_video_mp4":"","background_video_ogv":"","hidden_xs":"","hidden_sm":"","hidden_md":"","animation":"","animationduration":"300","animationdelay":"0"},"layout":"12","columns":[{"id":1481397417399,"class_name":"col-md-12","visibility":true,"settings":{},"addons":[{"id":1481397417402,"name":"raw_html","visibility":true,"settings":{"admin_label":"","title":"","heading_selector":"h3","title_fontsize":"","title_lineheight":"","title_fontstyle":null,"title_letterspace":"0","title_fontweight":"","title_text_color":"","title_margin_top":"","title_margin_bottom":"","html":"<div class=\"row mt-lg pb-xlg\">\n\t\t\t\t\t\t<div class=\"col-md-12 center\">\n\t\t\t\t\t\t\t<a class=\"btn btn-borders btn-quaternary custom-button text-uppercase mt-lg font-weight-bold\" href=\"#\">view more</a>\n\t\t\t\t\t\t</div>\n\t\t\t\t\t</div>","class":"","global_text_color":"","global_link_color":"","global_link_hover_color":"","global_use_background":"0","global_background_color":"","global_background_image":"","global_background_repeat":"no-repeat","global_background_size":"cover","global_background_attachment":"inherit","global_user_border":"0","global_border_width":"","global_border_color":"","global_boder_style":"none","global_border_radius":"","global_margin":"","global_padding":"","global_use_animation":"0","global_animation":"","global_animationduration":"300","global_animationdelay":"0","hidden_md":"0","hidden_sm":"0","hidden_xs":"0","acl":null}}]}]},{"id":1481393043088,"visibility":true,"collapse":false,"settings":{"admin_label":"","title":"Doctors","heading_selector":"h2","title_fontsize":"","title_fontweight":"","title_text_color":"","title_margin_top":"","title_margin_bottom":"","subtitle":"Our Specialists","subtitle_fontsize":"","title_position":"sppb-text-left","columns_equal_height":"0","fullscreen":"0","no_gutter":"0","id":"","class":"team","padding":"50px 0px 50px 0px","margin":"0px 0px 0px 0px","color":"","background_color":"","background_image":"","overlay":"","background_repeat":"no-repeat","background_size":"cover","background_attachment":"fixed","background_position":"0 0","background_video":"0","background_video_mp4":"","background_video_ogv":"","hidden_xs":"","hidden_sm":"","hidden_md":"","animation":"","animationduration":"300","animationdelay":"0"},"layout":"12","columns":[{"id":1481393043089,"class_name":"col-md-12","visibility":true,"settings":{},"addons":[{"id":1481393961195,"name":"portoteam","visibility":true,"settings":{"admin_label":"Doctors team","title":"","description":"","items":"4","loop":"1","mouseDrag":"1","autoplay":"0","autoplay_interval":"5000","nav":"1","dots":"0","style":"style1","enable_social_links":"1","social_position":"after","sp_portoteam_item":[{"name":"John Doe","designation":"Cardiology","desc":"<p>Lorem ipsum dolor sit amet, consectetur adipiscing elit. Sed tempus nibh sed elimttis adipiscing. Fusce in hendrerit purus. Suspendisse potenti. Proin quis eros odio, dapibus dictum mauris. Donec nisi libero, adipiscing id pretium eget, consectetur sit amet leo. Nam at eros quis mi egestas fringilla non nec purus.</p>\n<p><a href=\"#\" class=\"btn btn-primary btn-icon mb-md\"><em class=\"icon-calendar icons\"></em>Doctor Timetable</a></p>\n<h5 class=\"mt-sm mb-md\">Procedures</h5>\n<ul class=\"list list-icons list-primary\">\n<li><em class=\"fa fa-check-circle\"></em> Surgeries</li>\n<li><em class=\"fa fa-check-circle\"></em> Neck Pain</li>\n<li><em class=\"fa fa-check-circle\"></em> Cervical Myelopathy</li>\n</ul>","avatar":"images/joomlabuff/medical/doctors/doctor-1-2.jpg","avatar1":"images/joomlabuff/medical/doctors/doctor-1.jpg","avatar2":"images/joomlabuff/medical/doctors/doctor-1-2.jpg","facebook":"","twitter":"","google_plus":"","youtube":"","linkedin":"","pinterest":"","flickr":"","dribbble":"","behance":"","instagram":""},{"name":"Robin Doe","designation":"Gastroenterology","desc":"<p>Lorem ipsum dolor sit amet, consectetur adipiscing elit. Sed tempus nibh sed elimttis adipiscing. Fusce in hendrerit purus. Suspendisse potenti. Proin quis eros odio, dapibus dictum mauris. Donec nisi libero, adipiscing id pretium eget, consectetur sit amet leo. Nam at eros quis mi egestas fringilla non nec purus.</p>\n<p><a href=\"#\" class=\"btn btn-primary btn-icon mb-md\"><em class=\"icon-calendar icons\"></em>Doctor Timetable</a></p>\n<h5 class=\"mt-sm mb-md\">Procedures</h5>\n<ul class=\"list list-icons list-primary\">\n<li><em class=\"fa fa-check-circle\"></em> Surgeries</li>\n<li><em class=\"fa fa-check-circle\"></em> Neck Pain</li>\n<li><em class=\"fa fa-check-circle\"></em> Cervical Myelopathy</li>\n</ul>","avatar":"images/joomlabuff/medical/doctors/doctor-2.jpg","avatar1":"images/joomlabuff/medical/doctors/doctor-1.jpg","avatar2":"","facebook":"","twitter":"","google_plus":"","youtube":"","linkedin":"","pinterest":"","flickr":"","dribbble":"","behance":"","instagram":""},{"name":"Jessica Doe","designation":"Pulmonology","desc":"<p>Lorem ipsum dolor sit amet, consectetur adipiscing elit. Sed tempus nibh sed elimttis adipiscing. Fusce in hendrerit purus. Suspendisse potenti. Proin quis eros odio, dapibus dictum mauris. Donec nisi libero, adipiscing id pretium eget, consectetur sit amet leo. Nam at eros quis mi egestas fringilla non nec purus.</p>\n<p><a href=\"#\" class=\"btn btn-primary btn-icon mb-md\"><em class=\"icon-calendar icons\"></em>Doctor Timetable</a></p>\n<h5 class=\"mt-sm mb-md\">Procedures</h5>\n<ul class=\"list list-icons list-primary\">\n<li><em class=\"fa fa-check-circle\"></em> Surgeries</li>\n<li><em class=\"fa fa-check-circle\"></em> Neck Pain</li>\n<li><em class=\"fa fa-check-circle\"></em> Cervical Myelopathy</li>\n</ul>","avatar":"images/joomlabuff/medical/doctors/doctor-3.jpg","avatar1":"images/joomlabuff/medical/doctors/doctor-4.jpg","avatar2":"","facebook":"","twitter":"","google_plus":"","youtube":"","linkedin":"","pinterest":"","flickr":"","dribbble":"","behance":"","instagram":""},{"name":"Rose Doe","designation":"Dental","desc":"<p>Lorem ipsum dolor sit amet, consectetur adipiscing elit. Sed tempus nibh sed elimttis adipiscing. Fusce in hendrerit purus. Suspendisse potenti. Proin quis eros odio, dapibus dictum mauris. Donec nisi libero, adipiscing id pretium eget, consectetur sit amet leo. Nam at eros quis mi egestas fringilla non nec purus.</p>\n<p><a href=\"#\" class=\"btn btn-primary btn-icon mb-md\"><em class=\"icon-calendar icons\"></em>Doctor Timetable</a></p>\n<h5 class=\"mt-sm mb-md\">Procedures</h5>\n<ul class=\"list list-icons list-primary\">\n<li><em class=\"fa fa-check-circle\"></em> Surgeries</li>\n<li><em class=\"fa fa-check-circle\"></em> Neck Pain</li>\n<li><em class=\"fa fa-check-circle\"></em> Cervical Myelopathy</li>\n</ul>","avatar":"images/joomlabuff/medical/doctors/doctor-4.jpg","avatar1":"images/joomlabuff/medical/doctors/doctor-5.jpg","avatar2":"","facebook":"","twitter":"","google_plus":"","youtube":"","linkedin":"","pinterest":"","flickr":"","dribbble":"","behance":"","instagram":""},{"name":"Mary Ann Doe","designation":"Gynecology","desc":"<p>Lorem ipsum dolor sit amet, consectetur adipiscing elit. Sed tempus nibh sed elimttis adipiscing. Fusce in hendrerit purus. Suspendisse potenti. Proin quis eros odio, dapibus dictum mauris. Donec nisi libero, adipiscing id pretium eget, consectetur sit amet leo. Nam at eros quis mi egestas fringilla non nec purus.</p>\n<p><a href=\"#\" class=\"btn btn-primary btn-icon mb-md\"><em class=\"icon-calendar icons\"></em>Doctor Timetable</a></p>\n<h5 class=\"mt-sm mb-md\">Procedures</h5>\n<ul class=\"list list-icons list-primary\">\n<li><em class=\"fa fa-check-circle\"></em> Surgeries</li>\n<li><em class=\"fa fa-check-circle\"></em> Neck Pain</li>\n<li><em class=\"fa fa-check-circle\"></em> Cervical Myelopathy</li>\n</ul>","avatar":"images/joomlabuff/medical/doctors/doctor-5.jpg","avatar1":"images/joomlabuff/medical/doctors/doctor-4.jpg","avatar2":"","facebook":"","twitter":"","google_plus":"","youtube":"","linkedin":"","pinterest":"","flickr":"","dribbble":"","behance":"","instagram":""}],"class":"","global_text_color":"","global_link_color":"","global_link_hover_color":"","global_use_background":"0","global_background_color":"","global_background_image":"","global_background_repeat":"no-repeat","global_background_size":"cover","global_background_attachment":"inherit","global_user_border":"0","global_border_width":"","global_border_color":"","global_boder_style":"none","global_border_radius":"","global_margin":"","global_padding":"","global_use_animation":"0","global_animation":"","global_animationduration":"300","global_animationdelay":"0","hidden_md":"0","hidden_sm":"0","hidden_xs":"0","acl":null}}]}]},{"id":1481397417409,"visibility":true,"collapse":false,"settings":{"admin_label":"","title":"Resources","heading_selector":"h3","title_fontsize":"","title_fontweight":"","title_text_color":"","title_margin_top":"","title_margin_bottom":"","subtitle":"List of our features resources","subtitle_fontsize":"","title_position":"sppb-text-left","columns_equal_height":"0","fullscreen":"0","no_gutter":"0","id":"","class":"","padding":"50px 0px 50px 0px","margin":"0px 0px 0px 0px","color":"","background_color":"rgba(244, 244, 244, 1)","background_image":"","overlay":"","background_repeat":"no-repeat","background_size":"cover","background_attachment":"fixed","background_position":"0 0","background_video":"0","background_video_mp4":"","background_video_ogv":"","hidden_xs":"","hidden_sm":"","hidden_md":"","animation":"","animationduration":"300","animationdelay":"0"},"layout":"12","columns":[{"id":1481397417410,"class_name":"col-md-12","visibility":true,"settings":{},"addons":[{"id":1481397417413,"name":"raw_html","visibility":true,"settings":{"admin_label":"","title":"","heading_selector":"h3","title_fontsize":"","title_lineheight":"","title_fontstyle":null,"title_letterspace":"0","title_fontweight":"","title_text_color":"","title_margin_top":"","title_margin_bottom":"","html":"\t\t\t\t\t\t<div class=\"col-sm-4 col-md-4\">\n\t\t\t\t\t\t\t<a href=\"#\" class=\"text-decoration-none\">\n\t\t\t\t\t\t\t\t<span class=\"thumb-info thumb-info-side-image thumb-info-side-image-custom thumb-info-no-zoom thumb-info-no-zoom thumb-info-side-image-custom-highlight\">\n\t\t\t\t\t\t\t\t\t<span class=\"thumb-info-side-image-wrapper\">\n\t\t\t\t\t\t\t\t\t\t<img alt=\"\" class=\"img-responsive\" src=\"images/joomlabuff/medical/gallery/gallery-2.jpg\">\n\t\t\t\t\t\t\t\t\t</span>\n\t\t\t\t\t\t\t\t\t<span class=\"thumb-info-caption\">\n\t\t\t\t\t\t\t\t\t\t<span class=\"thumb-info-caption-text p-xl\">\n\t\t\t\t\t\t\t\t\t\t\t<h4 class=\"font-weight-semibold mb-xs\">Prepare for visit</h4>\n\t\t\t\t\t\t\t\t\t\t\t<p>Lorem ipsum dolor sit amet, consectetur adipiscing elit. Curabitur hend...</p>\n\t\t\t\t\t\t\t\t\t\t</span>\n\t\t\t\t\t\t\t\t\t</span>\n\t\t\t\t\t\t\t\t</span>\n\t\t\t\t\t\t\t</a>\n\t\t\t\t\t\t</div>\n\t\t\t\t\t\t<div class=\"col-sm-4 col-md-4\">\n\t\t\t\t\t\t\t<a href=\"#\" class=\"text-decoration-none\">\n\t\t\t\t\t\t\t\t<span class=\"thumb-info thumb-info-side-image thumb-info-side-image-custom thumb-info-no-zoom thumb-info-no-zoom thumb-info-side-image-custom-highlight\">\n\t\t\t\t\t\t\t\t\t<span class=\"thumb-info-side-image-wrapper\">\n\t\t\t\t\t\t\t\t\t\t<img alt=\"\" class=\"img-responsive\" src=\"images/joomlabuff/medical/gallery/gallery-3.jpg\">\n\t\t\t\t\t\t\t\t\t</span>\n\t\t\t\t\t\t\t\t\t<span class=\"thumb-info-caption\">\n\t\t\t\t\t\t\t\t\t\t<span class=\"thumb-info-caption-text p-xl\">\n\t\t\t\t\t\t\t\t\t\t\t<h4 class=\"font-weight-semibold mb-xs\">Surgery proccess</h4>\n\t\t\t\t\t\t\t\t\t\t\t<p>Lorem ipsum dolor sit amet, consectetur adipiscing elit. Curabitur hend...</p>\n\t\t\t\t\t\t\t\t\t\t</span>\n\t\t\t\t\t\t\t\t\t</span>\n\t\t\t\t\t\t\t\t</span>\n\t\t\t\t\t\t\t</a>\n\t\t\t\t\t\t</div>\n\t\t\t\t\t\t<div class=\"col-sm-4 col-md-4\">\n\t\t\t\t\t\t\t<a href=\"#\" class=\"text-decoration-none\">\n\t\t\t\t\t\t\t\t<span class=\"thumb-info thumb-info-side-image thumb-info-side-image-custom thumb-info-no-zoom thumb-info-no-zoom thumb-info-side-image-custom-highlight\">\n\t\t\t\t\t\t\t\t\t<span class=\"thumb-info-side-image-wrapper\">\n\t\t\t\t\t\t\t\t\t\t<img alt=\"\" class=\"img-responsive\" src=\"images/joomlabuff/medical/gallery/gallery-4.jpg\">\n\t\t\t\t\t\t\t\t\t</span>\n\t\t\t\t\t\t\t\t\t<span class=\"thumb-info-caption\">\n\t\t\t\t\t\t\t\t\t\t<span class=\"thumb-info-caption-text p-xl\">\n\t\t\t\t\t\t\t\t\t\t\t<h4 class=\"font-weight-semibold mb-xs\">Patients</h4>\n\t\t\t\t\t\t\t\t\t\t\t<p>Lorem ipsum dolor sit amet, consectetur adipiscing elit. Curabitur hend...</p>\n\t\t\t\t\t\t\t\t\t\t</span>\n\t\t\t\t\t\t\t\t\t</span>\n\t\t\t\t\t\t\t\t</span>\n\t\t\t\t\t\t\t</a>\n\t\t\t\t\t\t</div>","class":"","global_text_color":"","global_link_color":"","global_link_hover_color":"","global_use_background":"0","global_background_color":"","global_background_image":"","global_background_repeat":"no-repeat","global_background_size":"cover","global_background_attachment":"inherit","global_user_border":"0","global_border_width":"","global_border_color":"","global_boder_style":"none","global_border_radius":"","global_margin":"","global_padding":"","global_use_animation":"0","global_animation":"","global_animationduration":"300","global_animationdelay":"0","hidden_md":"0","hidden_sm":"0","hidden_xs":"0","acl":null}}]}]},{"id":1481397417418,"visibility":true,"collapse":false,"settings":{"admin_label":"","title":"","heading_selector":"h3","title_fontsize":"","title_fontweight":"","title_text_color":"","title_margin_top":"","title_margin_bottom":"","subtitle":"","subtitle_fontsize":"","title_position":"sppb-text-center","columns_equal_height":"0","fullscreen":"0","no_gutter":"0","id":"","class":"","padding":"0px 0px 50px 0px","margin":"0px 0px 0px 0px","color":"","background_color":"rgba(244, 244, 244, 1)","background_image":"","overlay":"","background_repeat":"no-repeat","background_size":"cover","background_attachment":"fixed","background_position":"0 0","background_video":"0","background_video_mp4":"","background_video_ogv":"","hidden_xs":"","hidden_sm":"","hidden_md":"","animation":"","animationduration":"300","animationdelay":"0"},"layout":"12","columns":[{"id":1481397417399,"class_name":"col-md-12","visibility":true,"settings":{},"addons":[{"id":1481397417402,"name":"raw_html","visibility":true,"settings":{"admin_label":"","title":"","heading_selector":"h3","title_fontsize":"","title_lineheight":"","title_fontstyle":null,"title_letterspace":"0","title_fontweight":"","title_text_color":"","title_margin_top":"","title_margin_bottom":"","html":"<div class=\"row mt-lg pb-xlg\">\n\t\t\t\t\t\t<div class=\"col-md-12 center\">\n\t\t\t\t\t\t\t<a class=\"btn btn-borders btn-quaternary custom-button text-uppercase mt-lg font-weight-bold\" href=\"#\">view more</a>\n\t\t\t\t\t\t</div>\n\t\t\t\t\t</div>","class":"","global_text_color":"","global_link_color":"","global_link_hover_color":"","global_use_background":"0","global_background_color":"","global_background_image":"","global_background_repeat":"no-repeat","global_background_size":"cover","global_background_attachment":"inherit","global_user_border":"0","global_border_width":"","global_border_color":"","global_boder_style":"none","global_border_radius":"","global_margin":"","global_padding":"","global_use_animation":"0","global_animation":"","global_animationduration":"300","global_animationdelay":"0","hidden_md":"0","hidden_sm":"0","hidden_xs":"0","acl":null}}]}]},{"id":1481397417419,"visibility":true,"collapse":false,"settings":{"admin_label":"Insurance","title":"Insurance","heading_selector":"h2","title_fontsize":"","title_fontweight":"","title_text_color":"","title_margin_top":"","title_margin_bottom":"","subtitle":"Major insurance providers accepted","subtitle_fontsize":"","title_position":"sppb-text-left","columns_equal_height":"0","fullscreen":"0","no_gutter":"0","id":"","class":"","padding":"50px 0px 50px 0px","margin":"0px 0px 0px 0px","color":"","background_color":"","background_image":"","overlay":"","background_repeat":"no-repeat","background_size":"cover","background_attachment":"fixed","background_position":"0 0","background_video":"0","background_video_mp4":"","background_video_ogv":"","hidden_xs":"","hidden_sm":"","hidden_md":"","animation":"","animationduration":"300","animationdelay":"0"},"layout":"12","columns":[{"id":1481397417420,"class_name":"col-md-12","visibility":true,"settings":{},"addons":[{"id":1481397417423,"name":"raw_html","visibility":true,"settings":{"admin_label":"","title":"","heading_selector":"h3","title_fontsize":"","title_lineheight":"","title_fontstyle":null,"title_letterspace":"0","title_fontweight":"","title_text_color":"","title_margin_top":"","title_margin_bottom":"","html":"<div class=\"row mb-xlg pb-xlg\">\n<div class=\"content-grid pl-md pr-md\">\n\t\t\t\t\t\t\t<div class=\"content-grid-row\">\n\t\t\t\t\t\t\t\t<div class=\"content-grid-item col-sm-4 col-md-2 center\">\n\t\t\t\t\t\t\t\t\t<img src=\"images/joomlabuff/medical/logos/insurance-logo-1.png\" alt=\"\" class=\"img-responsive\">\n\t\t\t\t\t\t\t\t</div>\n\t\t\t\t\t\t\t\t<div class=\"content-grid-item col-sm-4 col-md-2 center\">\n\t\t\t\t\t\t\t\t\t<img src=\"images/joomlabuff/medical/logos/insurance-logo-2.png\" alt=\"\" class=\"img-responsive\">\n\t\t\t\t\t\t\t\t</div>\n\t\t\t\t\t\t\t\t<div class=\"content-grid-item col-sm-4 col-md-2 center\">\n\t\t\t\t\t\t\t\t\t<img src=\"images/joomlabuff/medical/logos/insurance-logo-3.png\" alt=\"\" class=\"img-responsive\">\n\t\t\t\t\t\t\t\t</div>\n\t\t\t\t\t\t\t\t<div class=\"content-grid-item col-sm-4 col-md-2 center\">\n\t\t\t\t\t\t\t\t\t<img src=\"images/joomlabuff/medical/logos/insurance-logo-4.png\" alt=\"\" class=\"img-responsive\">\n\t\t\t\t\t\t\t\t</div>\n\t\t\t\t\t\t\t\t<div class=\"content-grid-item col-sm-4 col-md-2 center\">\n\t\t\t\t\t\t\t\t\t<img src=\"images/joomlabuff/medical/logos/insurance-logo-5.png\" alt=\"\" class=\"img-responsive\">\n\t\t\t\t\t\t\t\t</div>\n\t\t\t\t\t\t\t\t<div class=\"content-grid-item col-sm-4 col-md-2 center\">\n\t\t\t\t\t\t\t\t\t<img src=\"images/joomlabuff/medical/logos/insurance-logo-6.png\" alt=\"\" class=\"img-responsive\">\n\t\t\t\t\t\t\t\t</div>\n\t\t\t\t\t\t\t</div>\n\t\t\t\t\t\t</div>\n</div>","class":"","global_text_color":"","global_link_color":"","global_link_hover_color":"","global_use_background":"0","global_background_color":"","global_background_image":"","global_background_repeat":"no-repeat","global_background_size":"cover","global_background_attachment":"inherit","global_user_border":"0","global_border_width":"","global_border_color":"","global_boder_style":"none","global_border_radius":"","global_margin":"","global_padding":"","global_use_animation":"0","global_animation":"","global_animationduration":"300","global_animationdelay":"0","hidden_md":"0","hidden_sm":"0","hidden_xs":"0","acl":null}}]}]},{"id":1481397417432,"visibility":true,"collapse":false,"settings":{"admin_label":"","title":"","heading_selector":"h3","title_fontsize":"","title_fontweight":"","title_text_color":"","title_margin_top":"","title_margin_bottom":"","subtitle":"","subtitle_fontsize":"","title_position":"sppb-text-center","columns_equal_height":"0","fullscreen":"1","no_gutter":"1","id":"","class":"","padding":"50px 0px 50px 0px","margin":"0px 0px 0px 0px","color":"","background_color":"rgba(45, 82, 159, 1)","background_image":"","overlay":"","background_repeat":"no-repeat","background_size":"cover","background_attachment":"fixed","background_position":"0 0","background_video":"0","background_video_mp4":"","background_video_ogv":"","hidden_xs":"","hidden_sm":"","hidden_md":"","animation":"","animationduration":"300","animationdelay":"0"},"layout":"12","columns":[{"id":1481397417433,"class_name":"col-md-12","visibility":true,"settings":{},"addons":[{"id":1481397417436,"name":"testimonialporto","visibility":true,"settings":{"admin_label":"","title":"","heading_selector":"h3","items":"1","loop":"1","mouseDrag":"1","autoplay":"1","autoplay_interval":"5000","nav":"1","dots":"1","class":"","style":"style4","sp_testimonialporto_item":[{"title":"John Doe","desc":"CEO & Founder - Okler","avatar":"","avatar_style":"sppb-img-circle","avatar_position":"top","message":"<p>When, while the lovely valley teems with vapour around me, and the meridian sun strikes the upper surface of the impenetrable foliage of my trees, and but a few stray gleams steal into the inner sanctuary, I throw myself down among the tall grass by the trickling stream.</p>","url":"#","link_target":""}],"global_text_color":"","global_link_color":"","global_link_hover_color":"","global_use_background":"0","global_background_color":"","global_background_image":"","global_background_repeat":"no-repeat","global_background_size":"cover","global_background_attachment":"inherit","global_user_border":"0","global_border_width":"","global_border_color":"","global_boder_style":"none","global_border_radius":"","global_margin":"","global_padding":"","global_use_animation":"0","global_animation":"","global_animationduration":"300","global_animationdelay":"0","hidden_md":"0","hidden_sm":"0","hidden_xs":"0","acl":null}}]}]}]