[{"id":1481781520363,"visibility":true,"collapse":false,"settings":{"padding":"50px 0px 50px 0px","margin":"0px 0px 0px 0px"},"layout":"12","columns":[{"id":1481781520364,"class_name":"col-md-12","visibility":true,"settings":{},"addons":[{"id":1481781520367,"name":"raw_html","visibility":true,"settings":{"admin_label":"","title":"","heading_selector":"h3","title_fontsize":"","title_lineheight":"","title_fontstyle":null,"title_letterspace":"0","title_fontweight":"","title_text_color":"","title_margin_top":"","title_margin_bottom":"","html":"<h2 class=\"font-weight-semibold mb-xs\">Meet our Specialists</h2>\n<p class=\"lead font-weight-normal\">At Porto Medical, we offer a wide array of departments, gravida nibh vel velit auctor aliquet. Aenean sollicitudin, lorem quis bibendum auctor.</p>","class":"","global_text_color":"","global_link_color":"","global_link_hover_color":"","global_use_background":"0","global_background_color":"","global_background_image":"","global_background_repeat":"no-repeat","global_background_size":"cover","global_background_attachment":"inherit","global_user_border":"0","global_border_width":"","global_border_color":"","global_boder_style":"none","global_border_radius":"","global_margin":"","global_padding":"","global_use_animation":"0","global_animation":"","global_animationduration":"300","global_animationdelay":"0","hidden_md":"0","hidden_sm":"0","hidden_xs":"0","acl":null}}]}]},{"id":1483087440051,"visibility":true,"collapse":false,"settings":{"admin_label":"","title":"","heading_selector":"h2","title_fontsize":"","title_fontweight":"","title_text_color":"","title_margin_top":"","title_margin_bottom":"","subtitle":"","subtitle_fontsize":"","title_position":"sppb-text-left","columns_equal_height":"0","fullscreen":"0","no_gutter":"0","id":"","class":"team","padding":"0px 0px 50px 0px","margin":"0px 0px 0px 0px","color":"","background_color":"","background_image":"","overlay":"","background_repeat":"no-repeat","background_size":"cover","background_attachment":"fixed","background_position":"0 0","background_video":"0","background_video_mp4":"","background_video_ogv":"","hidden_xs":"","hidden_sm":"","hidden_md":"","animation":"","animationduration":"300","animationdelay":"0"},"layout":"12","columns":[{"id":1481393043089,"class_name":"col-md-12","visibility":true,"settings":{},"addons":[{"id":1481393961195,"name":"portoteam","visibility":true,"settings":{"admin_label":"Doctors team","title":"","description":"","items":"4","loop":"1","mouseDrag":"1","autoplay":"0","autoplay_interval":"5000","nav":"1","dots":"0","style":"style1","enable_social_links":"1","social_position":"after","sp_portoteam_item":[{"name":"John Doe","designation":"Cardiology","desc":"<p>Lorem ipsum dolor sit amet, consectetur adipiscing elit. Sed tempus nibh sed elimttis adipiscing. Fusce in hendrerit purus. Suspendisse potenti. Proin quis eros odio, dapibus dictum mauris. Donec nisi libero, adipiscing id pretium eget, consectetur sit amet leo. Nam at eros quis mi egestas fringilla non nec purus.</p>\n<p><a href=\"#\" class=\"btn btn-primary btn-icon mb-md\"><em class=\"icon-calendar icons\"></em>Doctor Timetable</a></p>\n<h5 class=\"mt-sm mb-md\">Procedures</h5>\n<ul class=\"list list-icons list-primary\">\n<li><em class=\"fa fa-check-circle\"></em> Surgeries</li>\n<li><em class=\"fa fa-check-circle\"></em> Neck Pain</li>\n<li><em class=\"fa fa-check-circle\"></em> Cervical Myelopathy</li>\n</ul>","avatar":"images/joomlabuff/medical/doctors/doctor-1-2.jpg","avatar1":"images/joomlabuff/medical/doctors/doctor-1.jpg","avatar2":"images/joomlabuff/medical/doctors/doctor-1-2.jpg","facebook":"","twitter":"","google_plus":"","youtube":"","linkedin":"","pinterest":"","flickr":"","dribbble":"","behance":"","instagram":""},{"name":"Robin Doe","designation":"Gastroenterology","desc":"<p>Lorem ipsum dolor sit amet, consectetur adipiscing elit. Sed tempus nibh sed elimttis adipiscing. Fusce in hendrerit purus. Suspendisse potenti. Proin quis eros odio, dapibus dictum mauris. Donec nisi libero, adipiscing id pretium eget, consectetur sit amet leo. Nam at eros quis mi egestas fringilla non nec purus.</p>\n<p><a href=\"#\" class=\"btn btn-primary btn-icon mb-md\"><em class=\"icon-calendar icons\"></em>Doctor Timetable</a></p>\n<h5 class=\"mt-sm mb-md\">Procedures</h5>\n<ul class=\"list list-icons list-primary\">\n<li><em class=\"fa fa-check-circle\"></em> Surgeries</li>\n<li><em class=\"fa fa-check-circle\"></em> Neck Pain</li>\n<li><em class=\"fa fa-check-circle\"></em> Cervical Myelopathy</li>\n</ul>","avatar":"images/joomlabuff/medical/doctors/doctor-2.jpg","avatar1":"images/joomlabuff/medical/doctors/doctor-1.jpg","avatar2":"","facebook":"","twitter":"","google_plus":"","youtube":"","linkedin":"","pinterest":"","flickr":"","dribbble":"","behance":"","instagram":""},{"name":"Jessica Doe","designation":"Pulmonology","desc":"<p>Lorem ipsum dolor sit amet, consectetur adipiscing elit. Sed tempus nibh sed elimttis adipiscing. Fusce in hendrerit purus. Suspendisse potenti. Proin quis eros odio, dapibus dictum mauris. Donec nisi libero, adipiscing id pretium eget, consectetur sit amet leo. Nam at eros quis mi egestas fringilla non nec purus.</p>\n<p><a href=\"#\" class=\"btn btn-primary btn-icon mb-md\"><em class=\"icon-calendar icons\"></em>Doctor Timetable</a></p>\n<h5 class=\"mt-sm mb-md\">Procedures</h5>\n<ul class=\"list list-icons list-primary\">\n<li><em class=\"fa fa-check-circle\"></em> Surgeries</li>\n<li><em class=\"fa fa-check-circle\"></em> Neck Pain</li>\n<li><em class=\"fa fa-check-circle\"></em> Cervical Myelopathy</li>\n</ul>","avatar":"images/joomlabuff/medical/doctors/doctor-3.jpg","avatar1":"images/joomlabuff/medical/doctors/doctor-4.jpg","avatar2":"","facebook":"","twitter":"","google_plus":"","youtube":"","linkedin":"","pinterest":"","flickr":"","dribbble":"","behance":"","instagram":""},{"name":"Rose Doe","designation":"Dental","desc":"<p>Lorem ipsum dolor sit amet, consectetur adipiscing elit. Sed tempus nibh sed elimttis adipiscing. Fusce in hendrerit purus. Suspendisse potenti. Proin quis eros odio, dapibus dictum mauris. Donec nisi libero, adipiscing id pretium eget, consectetur sit amet leo. Nam at eros quis mi egestas fringilla non nec purus.</p>\n<p><a href=\"#\" class=\"btn btn-primary btn-icon mb-md\"><em class=\"icon-calendar icons\"></em>Doctor Timetable</a></p>\n<h5 class=\"mt-sm mb-md\">Procedures</h5>\n<ul class=\"list list-icons list-primary\">\n<li><em class=\"fa fa-check-circle\"></em> Surgeries</li>\n<li><em class=\"fa fa-check-circle\"></em> Neck Pain</li>\n<li><em class=\"fa fa-check-circle\"></em> Cervical Myelopathy</li>\n</ul>","avatar":"images/joomlabuff/medical/doctors/doctor-4.jpg","avatar1":"images/joomlabuff/medical/doctors/doctor-5.jpg","avatar2":"","facebook":"","twitter":"","google_plus":"","youtube":"","linkedin":"","pinterest":"","flickr":"","dribbble":"","behance":"","instagram":""},{"name":"Mary Ann Doe","designation":"Gynecology","desc":"<p>Lorem ipsum dolor sit amet, consectetur adipiscing elit. Sed tempus nibh sed elimttis adipiscing. Fusce in hendrerit purus. Suspendisse potenti. Proin quis eros odio, dapibus dictum mauris. Donec nisi libero, adipiscing id pretium eget, consectetur sit amet leo. Nam at eros quis mi egestas fringilla non nec purus.</p>\n<p><a href=\"#\" class=\"btn btn-primary btn-icon mb-md\"><em class=\"icon-calendar icons\"></em>Doctor Timetable</a></p>\n<h5 class=\"mt-sm mb-md\">Procedures</h5>\n<ul class=\"list list-icons list-primary\">\n<li><em class=\"fa fa-check-circle\"></em> Surgeries</li>\n<li><em class=\"fa fa-check-circle\"></em> Neck Pain</li>\n<li><em class=\"fa fa-check-circle\"></em> Cervical Myelopathy</li>\n</ul>","avatar":"images/joomlabuff/medical/doctors/doctor-5.jpg","avatar1":"images/joomlabuff/medical/doctors/doctor-4.jpg","avatar2":"","facebook":"","twitter":"","google_plus":"","youtube":"","linkedin":"","pinterest":"","flickr":"","dribbble":"","behance":"","instagram":""}],"class":"","global_text_color":"","global_link_color":"","global_link_hover_color":"","global_use_background":"0","global_background_color":"","global_background_image":"","global_background_repeat":"no-repeat","global_background_size":"cover","global_background_attachment":"inherit","global_user_border":"0","global_border_width":"","global_border_color":"","global_boder_style":"none","global_border_radius":"","global_margin":"","global_padding":"","global_use_animation":"0","global_animation":"","global_animationduration":"300","global_animationdelay":"0","hidden_md":"0","hidden_sm":"0","hidden_xs":"0","acl":null}}]}]}]