[{"id":1481551071493,"visibility":true,"collapse":false,"settings":{"admin_label":"","title":"","heading_selector":"h3","title_fontsize":"","title_fontweight":"","title_text_color":"","title_margin_top":"","title_margin_bottom":"","subtitle":"","subtitle_fontsize":"","title_position":"sppb-text-center","columns_equal_height":"0","fullscreen":"0","no_gutter":"0","id":"","class":"","padding":"0px 0px 0px 0px","margin":"0px 0px 0px 0px","color":"","background_color":"","background_image":"","overlay":"","background_repeat":"no-repeat","background_size":"cover","background_attachment":"fixed","background_position":"0 0","background_video":"0","background_video_mp4":"","background_video_ogv":"","hidden_xs":"","hidden_sm":"","hidden_md":"","animation":"","animationduration":"300","animationdelay":"0"},"layout":"12","columns":[{"id":1481551071494,"class_name":"col-md-12","visibility":true,"settings":{},"addons":[{"id":1481551071497,"name":"raw_html","visibility":true,"settings":{"admin_label":"","title":"","heading_selector":"h3","title_fontsize":"","title_lineheight":"","title_fontstyle":null,"title_letterspace":"0","title_fontweight":"","title_text_color":"","title_margin_top":"","title_margin_bottom":"","html":"<h2 class=\"font-weight-semibold mb-xs\">Health Specialists</h2>\n<p class=\"lead font-weight-normal mb-xlg pb-xlg\">At Porto Medical, we offer a wide array of departments, gravida nibh vel velit auctor aliquet. Aenean sollicitudin, lorem quis bibendum auctor, nisi elit consequat ipsum, nec sagittis sem nibh id elit. Duis sed odio sit amet nibh vulputate cursus a sit amet mauris.</p>","class":"","global_text_color":"","global_link_color":"","global_link_hover_color":"","global_use_background":"0","global_background_color":"","global_background_image":"","global_background_repeat":"no-repeat","global_background_size":"cover","global_background_attachment":"inherit","global_user_border":"0","global_border_width":"","global_border_color":"","global_boder_style":"none","global_border_radius":"","global_margin":"","global_padding":"","global_use_animation":"0","global_animation":"","global_animationduration":"300","global_animationdelay":"0","hidden_md":"0","hidden_sm":"0","hidden_xs":"0","acl":null}}]}]},{"id":1481551272303,"visibility":false,"collapse":false,"settings":{"admin_label":"","title":"","heading_selector":"h3","title_fontsize":"","title_fontweight":"","title_text_color":"","title_margin_top":"","title_margin_bottom":"","subtitle":"","subtitle_fontsize":"","title_position":"sppb-text-center","columns_equal_height":"0","fullscreen":"0","no_gutter":"0","id":"","class":"","padding":"0px 0px 0px 0px","margin":"0px 0px 0px 0px","color":"","background_color":"","background_image":"","overlay":"","background_repeat":"no-repeat","background_size":"cover","background_attachment":"fixed","background_position":"0 0","background_video":"0","background_video_mp4":"","background_video_ogv":"","hidden_xs":"","hidden_sm":"","hidden_md":"","animation":"fadeInUp","animationduration":"300","animationdelay":"0"},"layout":"12","columns":[{"id":1481551272304,"class_name":"col-md-12","visibility":true,"settings":{},"addons":[]}]},{"id":1481602471537,"visibility":true,"collapse":false,"settings":{"admin_label":"","title":"","heading_selector":"h3","title_fontsize":"","title_fontweight":"","title_text_color":"","title_margin_top":"","title_margin_bottom":"","subtitle":"","subtitle_fontsize":"","title_position":"sppb-text-center","columns_equal_height":"0","fullscreen":"0","no_gutter":"0","id":"","class":"","padding":"0px 0px 50px 0px","margin":"0px 0px 0px 0px","color":"","background_color":"","background_image":"","overlay":"","background_repeat":"no-repeat","background_size":"cover","background_attachment":"fixed","background_position":"0 0","background_video":"0","background_video_mp4":"","background_video_ogv":"","hidden_xs":"","hidden_sm":"","hidden_md":"","animation":"","animationduration":"300","animationdelay":"0"},"layout":"12","columns":[{"id":1481602471538,"class_name":"col-md-12","visibility":true,"settings":{},"addons":[{"id":1481551272307,"name":"raw_html","visibility":true,"settings":{"admin_label":"Cardiology","title":"","heading_selector":"h3","title_fontsize":"","title_lineheight":"","title_fontstyle":null,"title_letterspace":"0","title_fontweight":"","title_text_color":"","title_margin_top":"","title_margin_bottom":"","html":"<div>\n\t\t\t\t\t\t\t<div class=\"feature-box feature-box-style-2 mb-lg\">\n\t\t\t\t\t\t\t\t<div class=\"feature-box-icon\">\n\t\t\t\t\t\t\t\t\t<img src=\"images/joomlabuff/medical/icons/department-icon-cardiology.png\" alt=\"\" class=\"img-responsive\">\n\t\t\t\t\t\t\t\t</div>\n\t\t\t\t\t\t\t\t<div class=\"feature-box-info ml-md\">\n\t\t\t\t\t\t\t\t\t<h4 class=\"font-weight-semibold mb-xs\">Cardiology</h4>\n\t\t\t\t\t\t\t\t\t<p class=\"mb-none\">Lorem ipsum dolor sit amet, consectetur adipiscing elit. Donec dolor quam, sagittis eget pulvinar id, vulputate sit amet nisi. Etiam dui massa, semper eget pulvinar eget, imperdiet et neque. Donec rutrum purus a lectus consequat cursus. Curabitur sed lacinia felis. Phasellus non purus sit amet purus molestie molestie. Phasellus ornare volutpat nibh ut vulputate. Pellentesque habitant morbi tristique senectus et netus et malesuada fames ac turpis egestas.</p>\n\t\t\t\t\t\t\t\t\t<p><a href=\"#\" class=\"btn btn-borders btn-quaternary custom-button text-uppercase mt-sm mb-md font-weight-bold btn-sm\">view more...</a></p>\n\t\t\t\t\t\t\t\t</div>\t\n\t\t\t\t\t\t\t</div>\n\n\t\t\t\t\t\t\t<hr class=\"solid mb-xlg\">\n\t\t\t\t\t\t</div>","class":"","global_text_color":"","global_link_color":"","global_link_hover_color":"","global_use_background":"0","global_background_color":"","global_background_image":"","global_background_repeat":"no-repeat","global_background_size":"cover","global_background_attachment":"inherit","global_user_border":"0","global_border_width":"","global_border_color":"","global_boder_style":"none","global_border_radius":"","global_margin":"","global_padding":"","global_use_animation":"0","global_animation":"","global_animationduration":"300","global_animationdelay":"0","hidden_md":"0","hidden_sm":"0","hidden_xs":"0","acl":null}},{"id":1481602471541,"name":"raw_html","visibility":true,"settings":{"admin_label":"","title":"","heading_selector":"h3","title_fontsize":"","title_lineheight":"","title_fontstyle":null,"title_letterspace":"0","title_fontweight":"","title_text_color":"","title_margin_top":"","title_margin_bottom":"","html":"<div class=\"feature-box feature-box-style-2 mb-lg\">\n\t\t\t\t\t\t\t\t<div class=\"feature-box-icon\">\n\t\t\t\t\t\t\t\t\t<img src=\"images/joomlabuff/medical/icons/department-icon-gastroenterology.png\" alt=\"\" class=\"img-responsive\">\n\t\t\t\t\t\t\t\t</div>\n\t\t\t\t\t\t\t\t<div class=\"feature-box-info ml-md\">\n\t\t\t\t\t\t\t\t\t<h4 class=\"font-weight-semibold mb-xs\">Gastroenterology</h4>\n\t\t\t\t\t\t\t\t\t<p class=\"mb-none\">Lorem ipsum dolor sit amet, consectetur adipiscing elit. Donec dolor quam, sagittis eget pulvinar id, vulputate sit amet nisi. Etiam dui massa, semper eget pulvinar eget, imperdiet et neque. Donec rutrum purus a lectus consequat cursus. Curabitur sed lacinia felis. Phasellus non purus sit amet purus molestie molestie. Phasellus ornare volutpat nibh ut vulputate. Pellentesque habitant morbi tristique senectus et netus et malesuada fames ac turpis egestas.</p>\n\t\t\t\t\t\t\t\t\t<p><a href=\"demo-medical-departments-detail.html\" class=\"btn btn-borders btn-quaternary custom-button text-uppercase mt-sm mb-md font-weight-bold btn-sm\">view more...</a></p>\n\t\t\t\t\t\t\t\t</div>\n\t\t\t\t\t\t\t</div>\n\n\t\t\t\t\t\t\t<hr class=\"solid mb-xlg\">","class":"","global_text_color":"","global_link_color":"","global_link_hover_color":"","global_use_background":"0","global_background_color":"","global_background_image":"","global_background_repeat":"no-repeat","global_background_size":"cover","global_background_attachment":"inherit","global_user_border":"0","global_border_width":"","global_border_color":"","global_boder_style":"none","global_border_radius":"","global_margin":"","global_padding":"","global_use_animation":"0","global_animation":"","global_animationduration":"300","global_animationdelay":"0","hidden_md":"0","hidden_sm":"0","hidden_xs":"0","acl":null}},{"id":1481638929738,"name":"raw_html","visibility":true,"settings":{"admin_label":"","title":"","heading_selector":"h3","title_fontsize":"","title_lineheight":"","title_fontstyle":null,"title_letterspace":"0","title_fontweight":"","title_text_color":"","title_margin_top":"","title_margin_bottom":"","html":"<div class=\"feature-box feature-box-style-2 mb-lg\">\n\t\t\t\t\t\t\t\t<div class=\"feature-box-icon\">\n\t\t\t\t\t\t\t\t\t<img src=\"images/joomlabuff/medical/icons/department-icon-pulmonology.png\" alt=\"\" class=\"img-responsive\">\n\t\t\t\t\t\t\t\t</div>\n\t\t\t\t\t\t\t\t<div class=\"feature-box-info ml-md\">\n\t\t\t\t\t\t\t\t\t<h4 class=\"font-weight-semibold mb-xs\">Pulmonology</h4>\n\t\t\t\t\t\t\t\t\t<p class=\"mb-none\">Lorem ipsum dolor sit amet, consectetur adipiscing elit. Donec dolor quam, sagittis eget pulvinar id, vulputate sit amet nisi. Etiam dui massa, semper eget pulvinar eget, imperdiet et neque. Donec rutrum purus a lectus consequat cursus. Curabitur sed lacinia felis. Phasellus non purus sit amet purus molestie molestie. Phasellus ornare volutpat nibh ut vulputate. Pellentesque habitant morbi tristique senectus et netus et malesuada fames ac turpis egestas.</p>\n\t\t\t\t\t\t\t\t\t<p><a href=\"demo-medical-departments-detail.html\" class=\"btn btn-borders btn-quaternary custom-button text-uppercase mt-sm mb-md font-weight-bold btn-sm\">view more...</a></p>\n\t\t\t\t\t\t\t\t</div>\n\t\t\t\t\t\t\t</div>\n\n\t\t\t\t\t\t\t<hr class=\"solid mb-xlg\">","class":"","global_text_color":"","global_link_color":"","global_link_hover_color":"","global_use_background":"0","global_background_color":"","global_background_image":"","global_background_repeat":"no-repeat","global_background_size":"cover","global_background_attachment":"inherit","global_user_border":"0","global_border_width":"","global_border_color":"","global_boder_style":"none","global_border_radius":"","global_margin":"","global_padding":"","global_use_animation":"0","global_animation":"","global_animationduration":"300","global_animationdelay":"0","hidden_md":"0","hidden_sm":"0","hidden_xs":"0","acl":null}},{"id":1481638929743,"name":"raw_html","visibility":true,"settings":{"admin_label":"","title":"","heading_selector":"h3","title_fontsize":"","title_lineheight":"","title_fontstyle":null,"title_letterspace":"0","title_fontweight":"","title_text_color":"","title_margin_top":"","title_margin_bottom":"","html":"<div class=\"feature-box feature-box-style-2 mb-lg\">\n\t\t\t\t\t\t\t\t<div class=\"feature-box-icon\">\n\t\t\t\t\t\t\t\t\t<img src=\"images/joomlabuff/medical/icons/department-icon-dental.png\" alt=\"\" class=\"img-responsive\">\n\t\t\t\t\t\t\t\t</div>\n\t\t\t\t\t\t\t\t<div class=\"feature-box-info ml-md\">\n\t\t\t\t\t\t\t\t\t<h4 class=\"font-weight-semibold mb-xs\">Dental</h4>\n\t\t\t\t\t\t\t\t\t<p class=\"mb-none\">Lorem ipsum dolor sit amet, consectetur adipiscing elit. Donec dolor quam, sagittis eget pulvinar id, vulputate sit amet nisi. Etiam dui massa, semper eget pulvinar eget, imperdiet et neque. Donec rutrum purus a lectus consequat cursus. Curabitur sed lacinia felis. Phasellus non purus sit amet purus molestie molestie. Phasellus ornare volutpat nibh ut vulputate. Pellentesque habitant morbi tristique senectus et netus et malesuada fames ac turpis egestas.</p>\n\t\t\t\t\t\t\t\t\t<p><a href=\"demo-medical-departments-detail.html\" class=\"btn btn-borders btn-quaternary custom-button text-uppercase mt-sm mb-md font-weight-bold btn-sm\">view more...</a></p>\n\t\t\t\t\t\t\t\t</div>\n\t\t\t\t\t\t\t</div>\n\n\t\t\t\t\t\t\t<hr class=\"solid mb-xlg\">","class":"","global_text_color":"","global_link_color":"","global_link_hover_color":"","global_use_background":"0","global_background_color":"","global_background_image":"","global_background_repeat":"no-repeat","global_background_size":"cover","global_background_attachment":"inherit","global_user_border":"0","global_border_width":"","global_border_color":"","global_boder_style":"none","global_border_radius":"","global_margin":"","global_padding":"","global_use_animation":"0","global_animation":"","global_animationduration":"300","global_animationdelay":"0","hidden_md":"0","hidden_sm":"0","hidden_xs":"0","acl":null}},{"id":1481638929748,"name":"raw_html","visibility":true,"settings":{"admin_label":"","title":"","heading_selector":"h3","title_fontsize":"","title_lineheight":"","title_fontstyle":null,"title_letterspace":"0","title_fontweight":"","title_text_color":"","title_margin_top":"","title_margin_bottom":"","html":"<div class=\"feature-box feature-box-style-2 mb-lg\">\n\t\t\t\t\t\t\t\t<div class=\"feature-box-icon\">\n\t\t\t\t\t\t\t\t\t<img src=\"images/joomlabuff/medical/icons/department-icon-gynecology.png\" alt=\"\" class=\"img-responsive\">\n\t\t\t\t\t\t\t\t</div>\n\t\t\t\t\t\t\t\t<div class=\"feature-box-info ml-md\">\n\t\t\t\t\t\t\t\t\t<h4 class=\"font-weight-semibold mb-xs\">Gynecology</h4>\n\t\t\t\t\t\t\t\t\t<p class=\"mb-none\">Lorem ipsum dolor sit amet, consectetur adipiscing elit. Donec dolor quam, sagittis eget pulvinar id, vulputate sit amet nisi. Etiam dui massa, semper eget pulvinar eget, imperdiet et neque. Donec rutrum purus a lectus consequat cursus. Curabitur sed lacinia felis. Phasellus non purus sit amet purus molestie molestie. Phasellus ornare volutpat nibh ut vulputate. Pellentesque habitant morbi tristique senectus et netus et malesuada fames ac turpis egestas.</p>\n\t\t\t\t\t\t\t\t\t<p><a href=\"demo-medical-departments-detail.html\" class=\"btn btn-borders btn-quaternary custom-button text-uppercase mt-sm mb-md font-weight-bold btn-sm\">view more...</a></p>\n\t\t\t\t\t\t\t\t</div>\n\t\t\t\t\t\t\t</div>\n\n\t\t\t\t\t\t\t<hr class=\"solid mb-xlg\">","class":"","global_text_color":"","global_link_color":"","global_link_hover_color":"","global_use_background":"0","global_background_color":"","global_background_image":"","global_background_repeat":"no-repeat","global_background_size":"cover","global_background_attachment":"inherit","global_user_border":"0","global_border_width":"","global_border_color":"","global_boder_style":"none","global_border_radius":"","global_margin":"","global_padding":"","global_use_animation":"0","global_animation":"","global_animationduration":"300","global_animationdelay":"0","hidden_md":"0","hidden_sm":"0","hidden_xs":"0","acl":null}},{"id":1481638929753,"name":"raw_html","visibility":true,"settings":{"admin_label":"","title":"","heading_selector":"h3","title_fontsize":"","title_lineheight":"","title_fontstyle":null,"title_letterspace":"0","title_fontweight":"","title_text_color":"","title_margin_top":"","title_margin_bottom":"","html":"<div class=\"feature-box feature-box-style-2 mb-lg\">\n\t\t\t\t\t\t\t\t<div class=\"feature-box-icon\">\n\t\t\t\t\t\t\t\t\t<img src=\"images/joomlabuff/medical/icons/department-icon-hepatology.png\" alt=\"\" class=\"img-responsive\">\n\t\t\t\t\t\t\t\t</div>\n\t\t\t\t\t\t\t\t<div class=\"feature-box-info ml-md\">\n\t\t\t\t\t\t\t\t\t<h4 class=\"font-weight-semibold mb-xs\">Hepatology</h4>\n\t\t\t\t\t\t\t\t\t<p class=\"mb-none\">Lorem ipsum dolor sit amet, consectetur adipiscing elit. Donec dolor quam, sagittis eget pulvinar id, vulputate sit amet nisi. Etiam dui massa, semper eget pulvinar eget, imperdiet et neque. Donec rutrum purus a lectus consequat cursus. Curabitur sed lacinia felis. Phasellus non purus sit amet purus molestie molestie. Phasellus ornare volutpat nibh ut vulputate. Pellentesque habitant morbi tristique senectus et netus et malesuada fames ac turpis egestas.</p>\n\t\t\t\t\t\t\t\t\t<p><a href=\"demo-medical-departments-detail.html\" class=\"btn btn-borders btn-quaternary custom-button text-uppercase mt-sm mb-md font-weight-bold btn-sm\">view more...</a></p>\n\t\t\t\t\t\t\t\t</div>\n\t\t\t\t\t\t\t</div>\n\n\t\t\t\t\t","class":"","global_text_color":"","global_link_color":"","global_link_hover_color":"","global_use_background":"0","global_background_color":"","global_background_image":"","global_background_repeat":"no-repeat","global_background_size":"cover","global_background_attachment":"inherit","global_user_border":"0","global_border_width":"","global_border_color":"","global_boder_style":"none","global_border_radius":"","global_margin":"","global_padding":"","global_use_animation":"0","global_animation":"","global_animationduration":"300","global_animationdelay":"0","hidden_md":"0","hidden_sm":"0","hidden_xs":"0","acl":null}}]}]}]