<skin version="1.1"><bkgd_main showhide="show" bkgd_alpha="100" bkgd_color="000000" imageURL="skin_gtek_bkgd.jpg" height="25" width="315" y="179" x="41" style="custom" objectType="mc" helpTag="main background" /><visualDisplay showhide="hide" outline_alpha="undefined" outline_color="undefined" bkgd_alpha="100" bkgd_color="CCD5B1" height="125.05" width="125" y="420.75" x="863.35" objectType="mc" helpTag="cover art holder" /><bkgd_info showhide="hide" outline_alpha="100" outline_color="CCD5B1" bkgd_alpha="100" bkgd_color="CCD5B1" height="14.05" width="70.35" y="420.75" x="863.35" objectType="mc" helpTag="info background" /><bkgd_pl showhide="hide" outline_alpha="undefined" outline_color="undefined" bkgd_alpha="100" bkgd_color="CCD5B1" height="81" width="293" y="420.75" x="863.35" objectType="mc" helpTag="playlist background" /><thinker showhide="hide" bkgd_alpha="100" bkgd_color="000000" style="blades" height="17" width="18" y="420.75" x="863.35" objectType="mc" helpTag="loading indicator" /><listPlayOpen showhide="hide" totalitems="1" pl_t_color_norm_alpha="100" pl_t_color_playing_alpha="100" pl_bg_color_norm_alpha="100" pl_bg_color_playing_alpha="100" pl_bg_color_over_alpha="100" pl_t_color_norm="000000" pl_t_color_playing="000000" pl_bg_color_norm="CCD5B1" pl_bg_color_playing="CCD5B1" pl_bg_color_over="000000" height="21" width="77.15" y="420.75" x="863.35" objectType="pl" helpTag="playlist" /><toggleRandomMC showhide="hide" icon_on_alpha="100" icon_on_color="0000FF" icon_alpha="100" icon_color="000000" button_alpha="undefined" button_color="undefined" bkgd_alpha="100" bkgd_color="FFFFFF" imageURL="undefined" height="20" width="20" y="420.75" x="863.35" style="fade" objectType="mc" helpTag="random playback" /><toggleRepeatMC showhide="show" icon_on_alpha="100" icon_on_color="0000FF" icon_alpha="100" icon_color="000000" button_alpha="undefined" button_color="undefined" bkgd_alpha="100" bkgd_color="FFFFFF" imageURL="undefined" height="12.4" width="13.6" y="188" x="154" style="metal" objectType="mc" helpTag="repeat track" /><toggleInfoMC showhide="hide" icon_on_alpha="100" icon_on_color="0000FF" icon_alpha="100" icon_color="000000" button_alpha="undefined" button_color="undefined" bkgd_alpha="100" bkgd_color="FFFFFF" imageURL="undefined" height="15" width="15" y="420.75" x="863.35" style="bubble" objectType="mc" helpTag="help" /><toggleMuteMC showhide="show" icon_on_alpha="100" icon_on_color="9C0000" icon_alpha="100" icon_color="000000" imageURL="undefined" height="13" width="14.5" y="188" x="235" objectType="mc" helpTag="mute volume" /><playControl_prev showhide="show" icon_alpha="100" icon_color="undefined" button_alpha="undefined" button_color="undefined" bkgd_alpha="100" bkgd_color="FFFFFF" imageURL="undefined" height="17" width="17" y="184" x="55" style="metal" objectType="mc" helpTag="previous track" /><playControl_pause showhide="show" icon_alpha="100" icon_color="undefined" button_alpha="undefined" button_color="undefined" bkgd_alpha="100" bkgd_color="FFFFFF" imageURL="undefined" height="17" width="17" y="184" x="77" style="metal" objectType="mc" helpTag="pause track" /><playControl_next showhide="show" icon_alpha="100" icon_color="undefined" button_alpha="undefined" button_color="undefined" bkgd_alpha="100" bkgd_color="FFFFFF" imageURL="undefined" height="17" width="17" y="184" x="121" style="metal" objectType="mc" helpTag="next track" /><playControl_play showhide="show" icon_alpha="100" icon_color="undefined" button_alpha="undefined" button_color="undefined" bkgd_alpha="100" bkgd_color="FFFFFF" imageURL="undefined" height="17" width="17" y="184" x="99" style="metal" objectType="mc" helpTag="play track" /><scrub_line showhide="hide" outline_alpha="undefined" outline_color="undefined" loader_alpha="undefined" loader_color="undefined" bkgd_alpha="100" bkgd_color="FFFFFF" imageURL="undefined" height="4.15" width="122.35" y="420.75" x="863.35" style="groove" objectType="scrub" helpTag="position locator" /><scrubber showhide="show" button_alpha="undefined" button_color="undefined" bkgd_alpha="undefined" bkgd_color="undefined" imageURL="undefined" height="15.75" width="15.95" y="414.85" x="863.35" style="glass" objectType="scrub" helpTag="location handle" /><playlist_back showhide="hide" icon_alpha="100" icon_color="undefined" button_alpha="undefined" button_color="undefined" bkgd_alpha="100" bkgd_color="FFFFFF" imageURL="undefined" height="18" width="18" y="420.75" x="863.35" style="metal" objectType="mc" helpTag="previous playlist" /><playlist_line showhide="hide" outline_alpha="undefined" outline_color="undefined" bkgd_alpha="100" bkgd_color="8B8E90" height="81" width="3" y="420.75" x="863.35" style="bevel" objectType="pl_scroll" helpTag="scroll playlist one page" /><playlist_handle showhide="show" button_alpha="undefined" button_color="undefined" bkgd_alpha="undefined" bkgd_color="undefined" imageURL="undefined" height="13" width="13" y="420.75" x="858.35" style="glass" objectType="pl_scroll" helpTag="scroll playlist" /><vol_line showhide="show" outline_alpha="undefined" outline_color="undefined" bkgd_alpha="100" bkgd_color="FFFFFF" height="4" width="57" y="195" x="173" style="groove" rotation="0" objectType="vol" helpTag="volume adjust " /><vol_handle showhide="show" button_alpha="undefined" button_color="undefined" bkgd_alpha="100" bkgd_color="FFFFFF" imageURL="undefined" height="13.05" width="10" y="190.45" x="220" style="knob" objectType="vol" helpTag="adjust volume" /><itext showhide="hide" color="000000" height="8" width="55" y="420.75" x="863.35" objectType="itext" helpTag="track info" /><itime showhide="hide" color="000000" height="7" width="25" y="420.75" x="863.35" objectType="itime" helpTag="track time" /><startUpText showhide="show" theText="undefined" /><fakeEQ showhide="hide" alpha="100" color="FFFFFF" height="12" width="41" y="420.75" x="863.35" totalBars="10" objectType="mc" /><toggleVoteMC showhide="hide" icon_on_alpha="undefined" icon_on_color="undefined" icon_alpha="undefined" icon_color="undefined" button_alpha="undefined" button_color="undefined" bkgd_alpha="100" bkgd_color="FFFFFC" imageURL="undefined" height="16.05" width="16.05" y="420.75" x="863.35" style="undefined" objectType="mc" helpTag="undefined" /><playlistScrollerUp showhide="hide" icon_alpha="undefined" icon_color="undefined" button_alpha="undefined" button_color="undefined" bkgd_alpha="100" bkgd_color="000000" imageURL="undefined" height="15.15" width="15.1" y="420.75" x="863.35" style="undefined" objectType="mc" helpTag="undefined" /><playlistScrollerDown showhide="hide" icon_alpha="undefined" icon_color="undefined" button_alpha="undefined" button_color="undefined" bkgd_alpha="undefined" bkgd_color="undefined" imageURL="undefined" height="15.15" width="15.1" y="420.75" x="863.35" style="undefined" objectType="mc" helpTag="undefined" /></skin>