[{"id":1494834765767,"visibility":true,"collapse":false,"settings":{"admin_label":"","title":"","heading_selector":"h3","title_fontsize":"","title_fontweight":"","title_text_color":"","title_margin_top":"","title_margin_bottom":"","subtitle":"","subtitle_fontsize":"","title_position":"sppb-text-center","columns_equal_height":"0","fullscreen":0,"no_gutter":0,"id":"","class":"","padding":{"md":"205px 0px 225px 0px","sm":"   ","xs":"50px  50px "},"margin":{"md":"0px 0px 0px 0px","sm":"   ","xs":"   "},"color":"","background_color":"","background_image":"https://sppagebuilder.com/sample-data/images/2017/05/15/hero-img3.jpg","overlay":"","background_repeat":"no-repeat","background_size":"cover","background_attachment":"inherit","background_position":"50% 50%","background_video":0,"background_video_mp4":"","background_video_ogv":"","hidden_xs":"","hidden_sm":"","hidden_md":"","animation":"","animationduration":"300","animationdelay":"0","columns_align_center":0,"background_parallax":0,"show_top_shape":0,"show_bottom_shape":0},"layout":"12","columns":[{"id":1494834765768,"class_name":"col-md-12","visibility":true,"settings":{},"addons":[{"id":1494846467168,"name":"heading","visibility":true,"settings":{"admin_label":"","title":"We Build Things With <br class=\"sppb-hidden-xs\">Love & Passion","heading_selector":"h2","use_link":0,"title_link":"","link_new_tab":"0","title_fontsize":{"md":"48","sm":"","xs":"35"},"title_fontstyle":null,"title_fontweight":"700","title_lineheight":{"md":"","sm":"","xs":""},"title_letterspace":"0","title_margin":{"md":"0px 0px 30px 0px","sm":"   ","xs":"   "},"title_padding":{"md":"0px 0px 0px 0px","sm":"   ","xs":"   "},"alignment":"sppb-text-center","class":"","global_text_color":"rgba(255, 255, 255, 1)","global_link_color":"","global_link_hover_color":"","global_use_background":0,"global_background_color":"","global_background_image":"","global_background_repeat":"no-repeat","global_background_size":"cover","global_background_attachment":"inherit","global_user_border":0,"global_border_width":"","global_border_color":"","global_boder_style":"none","global_border_radius":"","global_margin":{"md":"   ","sm":"   ","xs":"   "},"global_padding":{"md":"   ","sm":"   ","xs":"   "},"global_use_animation":1,"global_animation":"fadeInDown","global_animationduration":"700","global_animationdelay":"","hidden_md":0,"hidden_sm":0,"hidden_xs":0,"acl":null,"use_global_width":0}},{"id":1494846739215,"name":"button","visibility":true,"settings":{"admin_label":"","text":"View Our Work","alignment":"sppb-text-center","fontstyle":["uppercase"],"letterspace":"0","url":"#","target":"","type":"custom","appearance":"","background_color":"rgba(0, 164, 212, 1)","color":"#ffffff","background_color_hover":"rgba(13, 120, 163, 1)","color_hover":"#ffffff","button_padding":{"md":"13px 30px 13px 30px","sm":"   ","xs":"10px 20px 10px 20px"},"size":"","shape":"round","block":"","icon":"","icon_position":"left","class":"","global_text_color":"","global_link_color":"","global_link_hover_color":"","global_use_background":"0","global_background_color":"","global_background_image":"","global_background_repeat":"no-repeat","global_background_size":"cover","global_background_attachment":"inherit","global_user_border":"0","global_border_width":"","global_border_color":"","global_boder_style":"none","global_border_radius":"","global_margin":"","global_padding":"","global_use_animation":"1","global_animation":"fadeInUp","global_animationduration":"700","global_animationdelay":"","hidden_md":"0","hidden_sm":"0","hidden_xs":"0","acl":null}}]}]},{"id":1494847035476,"visibility":true,"collapse":false,"settings":{"admin_label":"Opportunities","title":"","heading_selector":"h3","title_fontsize":"","title_fontweight":"","title_text_color":"","title_margin_top":"","title_margin_bottom":"","subtitle":"","subtitle_fontsize":"","title_position":"sppb-text-center","columns_equal_height":"0","fullscreen":0,"no_gutter":0,"id":"","class":"","padding":{"md":"100px 0px 70px 0px","sm":"   ","xs":"50px  50px "},"margin":{"md":"0px 0px 0px 0px","sm":"   ","xs":"   "},"color":"","background_color":"","background_image":"","overlay":"","background_repeat":"no-repeat","background_size":"cover","background_attachment":"fixed","background_position":"0 0","background_video":0,"background_video_mp4":"","background_video_ogv":"","hidden_xs":"","hidden_sm":"","hidden_md":"","animation":"","animationduration":"300","animationdelay":"0","background_parallax":0,"show_top_shape":0,"show_bottom_shape":0,"columns_align_center":0},"layout":"12","columns":[{"id":1494493363858,"class_name":"col-md-12","visibility":true,"settings":{},"addons":[{"id":1494493363861,"name":"heading","visibility":true,"settings":{"admin_label":"What We Do","title":"What We Do","heading_selector":"h2","use_link":0,"title_link":"","link_new_tab":"0","title_fontsize":{"md":"40","sm":"","xs":"30"},"title_fontstyle":null,"title_fontweight":"700","title_lineheight":"","title_letterspace":"0","title_margin":{"md":"0px 0px 20px 0px","sm":"   ","xs":"   "},"title_padding":{"md":"0px 0px 0px 0px","sm":"   ","xs":"   "},"alignment":"sppb-text-center","class":"","global_text_color":"rgba(28, 28, 28, 1)","global_link_color":"","global_link_hover_color":"","global_use_background":"0","global_background_color":"","global_background_image":"","global_background_repeat":"no-repeat","global_background_size":"cover","global_background_attachment":"inherit","global_user_border":"0","global_border_width":"","global_border_color":"","global_boder_style":"none","global_border_radius":"","global_margin":"","global_padding":"","global_use_animation":"0","global_animation":"","global_animationduration":"300","global_animationdelay":"0","hidden_md":"0","hidden_sm":"0","hidden_xs":"0","acl":null}},{"id":1494493363864,"name":"heading","visibility":true,"settings":{"admin_label":"","title":"We understand your required and provide quality works","heading_selector":"h3","use_link":0,"title_link":"","link_new_tab":"0","title_fontsize":{"md":"18","sm":"","xs":"14"},"title_fontstyle":null,"title_fontweight":"300","title_lineheight":"","title_letterspace":"0","title_margin":{"md":"0px 0px 20px 0px","sm":"   ","xs":"   "},"title_padding":{"md":"0px 0px 0px 0px","sm":"   ","xs":"   "},"alignment":"sppb-text-center","class":"","global_text_color":"rgba(135, 135, 135, 1)","global_link_color":"","global_link_hover_color":"","global_use_background":0,"global_background_color":"","global_background_image":"","global_background_repeat":"no-repeat","global_background_size":"cover","global_background_attachment":"inherit","global_user_border":0,"global_border_width":"","global_border_color":"","global_boder_style":"none","global_border_radius":"","global_margin":{"md":"   ","sm":"   ","xs":"   "},"global_padding":{"md":"   ","sm":"   ","xs":"   "},"global_use_animation":0,"global_animation":"","global_animationduration":"300","global_animationdelay":"0","hidden_md":"0","hidden_sm":"0","hidden_xs":"0","acl":null}},{"id":1494493363869,"type":"inner_row","settings":{"admin_label":"","title":"","heading_selector":"h3","title_fontsize":"","title_fontweight":"","title_text_color":"","title_margin_top":"","title_margin_bottom":"","subtitle":"","subtitle_fontsize":"","title_position":"sppb-text-center","columns_equal_height":"0","fullscreen":0,"no_gutter":0,"id":"","class":"","padding":{"md":"30px 0px 0px 0px","sm":"   ","xs":"   "},"margin":{"md":"0px 0px 0px 0px","sm":"   ","xs":"   "},"color":"","background_color":"","background_image":"","overlay":"","background_repeat":"no-repeat","background_size":"cover","background_attachment":"fixed","background_position":"0 0","background_video":0,"background_video_mp4":"","background_video_ogv":"","hidden_xs":"","hidden_sm":"","hidden_md":"","animation":"","animationduration":"300","animationdelay":"0","columns_align_center":0,"background_parallax":0,"show_top_shape":0,"show_bottom_shape":0},"layout":"3,3,3,3","visibility":true,"columns":[{"id":1494493363870,"class_name":"col-md-3","visibility":true,"settings":{"color":"","background":"","background_image":"","overlay":"","background_repeat":"no-repeat","background_size":"cover","background_attachment":"scroll","background_position":"0 0","padding":{"md":"   ","sm":"   ","xs":"   "},"class":"","sm_col":"","xs_col":"","hidden_xs":0,"hidden_sm":0,"hidden_md":0,"animation":"","animationduration":"300","animationdelay":"0"},"addons":[{"id":1494496278621,"name":"feature","visibility":true,"settings":{"admin_label":"Idea Generate","title":"Idea Generate","heading_selector":"h3","title_position":"after","title_fontsize":{"md":"20","sm":"","xs":"18"},"title_lineheight":"","title_fontstyle":null,"title_letterspace":"0","title_fontweight":"700","title_text_color":"rgba(74, 74, 74, 1)","title_margin_top":"25","title_margin_bottom":"10","title_url":"","url_appear":"title","feature_type":"icon","feature_image":"","icon_name":"fa-tachometer","icon_size":"48","icon_color":"#75d210","icon_background":"","icon_border_color":"","icon_border_width":"","icon_border_radius":"","icon_margin_top":{"md":"","sm":"","xs":""},"icon_margin_bottom":{"md":"","sm":"","xs":""},"icon_padding":{"md":"   ","sm":"   ","xs":"   "},"text":"Lorem Ipsum is simply dummy text of the printing and typesetting industry.","alignment":"sppb-text-center","class":"","global_text_color":"#878787","global_link_color":"","global_link_hover_color":"","global_use_background":0,"global_background_color":"","global_background_image":"","global_background_repeat":"no-repeat","global_background_size":"cover","global_background_attachment":"inherit","global_user_border":0,"global_border_width":"","global_border_color":"","global_boder_style":"none","global_border_radius":"","global_margin":{"md":"0 0 30px 0","sm":"   ","xs":"   "},"global_padding":{"md":"   ","sm":"   ","xs":"   "},"global_use_animation":1,"global_animation":"fadeInLeft","global_animationduration":"700","global_animationdelay":"","hidden_md":"0","hidden_sm":"0","hidden_xs":"0","acl":null,"text_fontsize":{"md":"16","sm":"","xs":"14"},"text_lineheight":{"md":"26","sm":"","xs":""}}}]},{"id":1494493363873,"class_name":"col-md-3","visibility":true,"settings":{"color":"","background":"","background_image":"","overlay":"","background_repeat":"no-repeat","background_size":"cover","background_attachment":"scroll","background_position":"0 0","padding":{"md":"   ","sm":"   ","xs":"   "},"class":"","sm_col":"","xs_col":"","hidden_xs":"","hidden_sm":"","hidden_md":"","animation":"","animationduration":"300","animationdelay":"0"},"addons":[{"id":1494847119443,"name":"feature","visibility":true,"settings":{"admin_label":"Design","title":"Design","heading_selector":"h3","title_position":"after","title_fontsize":{"md":"20","sm":"","xs":"18"},"title_lineheight":"","title_fontstyle":null,"title_letterspace":"0","title_fontweight":"700","title_text_color":"rgba(74, 74, 74, 1)","title_margin_top":"25","title_margin_bottom":"10","title_url":"","url_appear":"title","feature_type":"icon","feature_image":"","icon_name":"fa-picture-o","icon_size":"48","icon_color":"rgba(144, 18, 254, 1)","icon_background":"","icon_border_color":"","icon_border_width":"","icon_border_radius":"","icon_margin_top":"","icon_margin_bottom":"","icon_padding":{"md":"   ","sm":"   ","xs":"   "},"text":"Lorem Ipsum is simply dummy text of the printing and typesetting industry.","alignment":"sppb-text-center","class":"","global_text_color":"#878787","global_link_color":"","global_link_hover_color":"","global_use_background":0,"global_background_color":"","global_background_image":"","global_background_repeat":"no-repeat","global_background_size":"cover","global_background_attachment":"inherit","global_user_border":0,"global_border_width":"","global_border_color":"","global_boder_style":"none","global_border_radius":"","global_margin":{"md":"0 0 30px 0","sm":"   ","xs":"   "},"global_padding":{"md":"   ","sm":"   ","xs":"   "},"global_use_animation":1,"global_animation":"fadeInLeft","global_animationduration":"700","global_animationdelay":"150","hidden_md":"0","hidden_sm":"0","hidden_xs":"0","acl":null,"text_fontsize":{"md":"16","sm":"","xs":"14"},"text_lineheight":{"md":"26","sm":"","xs":""}}}]},{"id":1494493363874,"class_name":"col-md-3","visibility":true,"settings":{"color":"","background":"","background_image":"","overlay":"","background_repeat":"no-repeat","background_size":"cover","background_attachment":"scroll","background_position":"0 0","padding":{"md":"   ","sm":"   ","xs":"   "},"class":"","sm_col":"","xs_col":"","hidden_xs":"","hidden_sm":"","hidden_md":"","animation":"","animationduration":"300","animationdelay":"0"},"addons":[{"id":1494847119438,"name":"feature","visibility":true,"settings":{"admin_label":"Development","title":"Development","heading_selector":"h3","title_position":"after","title_fontsize":{"md":"20","sm":"","xs":"18"},"title_lineheight":"","title_fontstyle":null,"title_letterspace":"0","title_fontweight":"700","title_text_color":"rgba(74, 74, 74, 1)","title_margin_top":"25","title_margin_bottom":"10","title_url":"","url_appear":"title","feature_type":"icon","feature_image":"","icon_name":"fa-gears","icon_size":"48","icon_color":"rgba(246, 166, 35, 1)","icon_background":"","icon_border_color":"","icon_border_width":"","icon_border_radius":"","icon_margin_top":"","icon_margin_bottom":"","icon_padding":{"md":"   ","sm":"   ","xs":"   "},"text":"Lorem Ipsum is simply dummy text of the printing and typesetting industry.","alignment":"sppb-text-center","class":"","global_text_color":"#878787","global_link_color":"","global_link_hover_color":"","global_use_background":0,"global_background_color":"","global_background_image":"","global_background_repeat":"no-repeat","global_background_size":"cover","global_background_attachment":"inherit","global_user_border":0,"global_border_width":"","global_border_color":"","global_boder_style":"none","global_border_radius":"","global_margin":{"md":"0 0 30px 0","sm":"   ","xs":"   "},"global_padding":{"md":"   ","sm":"   ","xs":"   "},"global_use_animation":1,"global_animation":"fadeInLeft","global_animationduration":"700","global_animationdelay":"300","hidden_md":"0","hidden_sm":"0","hidden_xs":"0","acl":null,"text_fontsize":{"md":"16","sm":"","xs":"14"},"text_lineheight":{"md":"26","sm":"","xs":""}}}]},{"id":1495612735934,"class_name":"col-md-3","visibility":true,"settings":{"default":{"background_image":"","background_repeat":"no-repeat","background_size":"cover","background_attachment":"scroll","background_position":"0 0","boxshadow":"0 0 0 0 #fff","sm_col":"","xs_col":"","hidden_xs":"","hidden_sm":"","hidden_md":"","animationduration":"300","animationdelay":"0"},"padding":{"md":"   ","sm":"   ","xs":"   "}},"addons":[{"id":1495612735939,"name":"feature","visibility":true,"settings":{"admin_label":"Research","title":"Research","heading_selector":"h3","title_position":"after","title_fontsize":{"md":"20","sm":"","xs":"18"},"title_lineheight":"","title_fontstyle":null,"title_letterspace":"0","title_fontweight":"700","title_text_color":"rgba(74, 74, 74, 1)","title_margin_top":"25","title_margin_bottom":"10","title_url":"","url_appear":"title","feature_type":"icon","feature_image":"","icon_name":"fa-bitbucket","icon_size":"48","icon_color":"rgba(35, 127, 247, 1)","icon_background":"","icon_border_color":"","icon_border_width":"","icon_border_radius":"","icon_margin_top":"","icon_margin_bottom":"","icon_padding":{"md":"   ","sm":"   ","xs":"   "},"text":"Lorem Ipsum is simply dummy text of the printing and typesetting industry.","alignment":"sppb-text-center","class":"","global_text_color":"#878787","global_link_color":"","global_link_hover_color":"","global_use_background":0,"global_background_color":"","global_background_image":"","global_background_repeat":"no-repeat","global_background_size":"cover","global_background_attachment":"inherit","global_user_border":0,"global_border_width":"","global_border_color":"","global_boder_style":"none","global_border_radius":"","global_margin":{"md":"0 0 30px 0","sm":"   ","xs":"   "},"global_padding":{"md":"   ","sm":"   ","xs":"   "},"global_use_animation":1,"global_animation":"fadeInLeft","global_animationduration":"700","global_animationdelay":"300","hidden_md":"0","hidden_sm":"0","hidden_xs":"0","acl":null,"text_fontsize":{"md":"16","sm":"","xs":"14"},"text_lineheight":{"md":"26","sm":"","xs":""}}}]}]}]}]},{"id":1494850001767,"visibility":true,"collapse":false,"settings":{"admin_label":"About Us Section","title":"","heading_selector":"h3","title_fontsize":"","title_fontweight":"","title_text_color":"","title_margin_top":"","title_margin_bottom":"","subtitle":"","subtitle_fontsize":"","title_position":"sppb-text-center","columns_equal_height":"0","fullscreen":0,"no_gutter":0,"id":"","class":"","padding":{"md":"100px 0px 100px 0px","sm":"   ","xs":"50px  50px "},"margin":{"md":"0px 0px 0px 0px","sm":"   ","xs":"   "},"color":"","background_color":"#FAFAFA","background_image":"","overlay":"","background_repeat":"no-repeat","background_size":"cover","background_attachment":"fixed","background_position":"0 0","background_video":0,"background_video_mp4":"","background_video_ogv":"","hidden_xs":"","hidden_sm":"","hidden_md":"","animation":"","animationduration":"300","animationdelay":"0","columns_align_center":1,"background_parallax":0,"show_top_shape":0,"show_bottom_shape":0},"layout":"7,5","columns":[{"id":1494397321380,"class_name":"col-md-7","visibility":true,"settings":{"default":{"background_image":"","background_repeat":"no-repeat","background_size":"cover","background_attachment":"scroll","background_position":"0 0","boxshadow":"0 0 0 0 #fff","sm_col":"","xs_col":"","hidden_xs":"","hidden_sm":"","hidden_md":"","animationduration":"300","animationdelay":"0"},"padding":{"md":"   ","sm":"   ","xs":"   "},"hidden_xs":0,"hidden_sm":0,"hidden_md":0,"sm_col":"col-sm-5"},"addons":[{"id":1494397779869,"name":"image","visibility":true,"settings":{"admin_label":"","title":"","heading_selector":"h3","title_fontsize":"","title_lineheight":"","title_fontstyle":null,"title_letterspace":"0","title_fontweight":"","title_text_color":"","title_margin_top":"","title_margin_bottom":"","image":"https://sppagebuilder.com/sample-data/images/2017/05/15/cta-img.jpg","alt_text":"image","position":"sppb-text-center","open_lightbox":0,"overlay_color":"rgba(119, 219, 31, 0.5)","link":"","target":"","class":"","global_text_color":"","global_link_color":"","global_link_hover_color":"","global_use_background":0,"global_background_color":"","global_background_image":"","global_background_repeat":"no-repeat","global_background_size":"cover","global_background_attachment":"inherit","global_user_border":0,"global_border_width":"","global_border_color":"","global_boder_style":"none","global_border_radius":"","global_margin":{"md":"   ","sm":"   ","xs":"   "},"global_padding":{"md":"   ","sm":"   ","xs":"   "},"global_use_animation":0,"global_animation":"","global_animationduration":"300","global_animationdelay":"0","hidden_md":"0","hidden_sm":"0","hidden_xs":"0","acl":null}}]},{"id":1494397321381,"class_name":"col-md-5","visibility":true,"settings":{"color":"","background":"","background_image":"","overlay":"","background_repeat":"no-repeat","background_size":"cover","background_attachment":"scroll","background_position":"0 0","padding":{"md":" 0 0 0","sm":"   ","xs":"   "},"class":"","sm_col":"col-sm-7","xs_col":"","hidden_xs":0,"hidden_sm":0,"hidden_md":0,"animation":"","animationduration":"300","animationdelay":"0"},"addons":[{"id":1494397840378,"name":"heading","visibility":true,"settings":{"admin_label":"Who We Are","title":"Who We Are","heading_selector":"h3","use_link":0,"title_link":"","link_new_tab":"0","title_fontsize":{"md":"40","sm":"","xs":"24"},"title_fontstyle":null,"title_fontweight":"700","title_lineheight":"","title_letterspace":"0","title_margin":{"md":"0 0px 13px 0px","sm":"   ","xs":"30px 0px 0px 0px"},"title_padding":{"md":"0px 0px 0px 0px","sm":"   ","xs":"   "},"alignment":"sppb-text-left","class":"","global_text_color":"rgba(28, 28, 28, 1)","global_link_color":"","global_link_hover_color":"","global_use_background":"0","global_background_color":"","global_background_image":"","global_background_repeat":"no-repeat","global_background_size":"cover","global_background_attachment":"inherit","global_user_border":"0","global_border_width":"","global_border_color":"","global_boder_style":"none","global_border_radius":"","global_margin":"","global_padding":"","global_use_animation":"0","global_animation":"","global_animationduration":"300","global_animationdelay":"0","hidden_md":"0","hidden_sm":"0","hidden_xs":"0","acl":null}},{"id":1494397965711,"name":"text_block","visibility":true,"settings":{"admin_label":"We are the new magic of Digital World","title":"We are the new magic of Digital World","heading_selector":"h3","title_fontsize":{"md":"18","sm":"","xs":"18"},"title_lineheight":"25","title_fontstyle":null,"title_letterspace":"0","title_fontweight":"700","title_text_color":"rgba(97, 97, 97, 1)","title_margin_top":"5","title_margin_bottom":"","text":"It was popularised in the 1960s with the release of Letraset sheets containing Lorem Ipsum passages, and more recently with desktop publishing software like Aldus PageMaker including versions of Lorem Ipsum.","alignment":"sppb-text-left","class":"","global_text_color":"rgba(97, 97, 97, 1)","global_link_color":"","global_link_hover_color":"","global_use_background":0,"global_background_color":"","global_background_image":"","global_background_repeat":"no-repeat","global_background_size":"cover","global_background_attachment":"inherit","global_user_border":0,"global_border_width":"","global_border_color":"","global_boder_style":"none","global_border_radius":"","global_margin":{"md":"0 0 30px 0","sm":"   ","xs":"   "},"global_padding":{"md":"   ","sm":"   ","xs":"   "},"global_use_animation":0,"global_animation":"","global_animationduration":"300","global_animationdelay":"0","hidden_md":"0","hidden_sm":"0","hidden_xs":"0","acl":null,"dropcap":0,"text_fontsize":{"md":"","sm":"","xs":""}}},{"id":1494398059422,"name":"button","visibility":true,"settings":{"admin_label":"Learn More","text":"Learn More","alignment":"sppb-text-left","fontstyle":["uppercase","normal"],"letterspace":"0","url":"#","target":"","type":"custom","appearance":"","background_color":"rgba(178, 227, 242, 1)","color":"rgba(0, 164, 212, 1)","background_color_hover":"rgba(0, 164, 212, 1)","color_hover":"rgba(255, 255, 255, 1)","button_padding":{"md":"13px 40px 13px 40px","sm":"   ","xs":"10px 20px 10px 20px"},"size":"","shape":"round","block":"","icon":"","icon_position":"left","class":"","global_text_color":"","global_link_color":"","global_link_hover_color":"","global_use_background":"0","global_background_color":"","global_background_image":"","global_background_repeat":"no-repeat","global_background_size":"cover","global_background_attachment":"inherit","global_user_border":"0","global_border_width":"","global_border_color":"","global_boder_style":"none","global_border_radius":"","global_margin":"","global_padding":"","global_use_animation":"0","global_animation":"","global_animationduration":"300","global_animationdelay":"0","hidden_md":"0","hidden_sm":"0","hidden_xs":"0","acl":null}}]}]},{"id":1494911041908,"visibility":true,"collapse":false,"settings":{"admin_label":"","title":"","heading_selector":"h3","title_fontsize":"","title_fontweight":"","title_text_color":"","title_margin_top":"","title_margin_bottom":"","subtitle":"","subtitle_fontsize":"","title_position":"sppb-text-center","columns_equal_height":"0","fullscreen":0,"no_gutter":0,"id":"","class":"","padding":{"md":"100px 0px 70px 0px","sm":"   ","xs":"50px  50px "},"margin":{"md":"0px 0px 0px 0px","sm":"   ","xs":"   "},"color":"","background_color":"","background_image":"","overlay":"","background_repeat":"no-repeat","background_size":"cover","background_attachment":"fixed","background_position":"0 0","background_video":0,"background_video_mp4":"","background_video_ogv":"","hidden_xs":"","hidden_sm":"","hidden_md":"","animation":"","animationduration":"300","animationdelay":"0","background_parallax":0,"show_top_shape":0,"show_bottom_shape":0,"columns_align_center":0},"layout":"12","columns":[{"id":1494911041909,"class_name":"col-md-12","visibility":true,"settings":{},"addons":[{"id":1494911041912,"name":"heading","visibility":true,"settings":{"admin_label":"Our Works","title":"Our Works","heading_selector":"h2","use_link":0,"title_link":"","link_new_tab":"0","title_fontsize":{"md":"40","sm":"","xs":"30"},"title_fontstyle":null,"title_fontweight":"700","title_lineheight":"","title_letterspace":"0","title_margin":{"md":"0px 0px 20px 0px","sm":"   ","xs":"  10px "},"title_padding":{"md":"0px 0px 0px 0px","sm":"   ","xs":"   "},"alignment":"sppb-text-center","class":"","global_text_color":"rgba(28, 28, 28, 1)","global_link_color":"","global_link_hover_color":"","global_use_background":"0","global_background_color":"","global_background_image":"","global_background_repeat":"no-repeat","global_background_size":"cover","global_background_attachment":"inherit","global_user_border":"0","global_border_width":"","global_border_color":"","global_boder_style":"none","global_border_radius":"","global_margin":"","global_padding":"","global_use_animation":"0","global_animation":"","global_animationduration":"300","global_animationdelay":"0","hidden_md":"0","hidden_sm":"0","hidden_xs":"0","acl":null}},{"id":1494911041915,"name":"heading","visibility":true,"settings":{"admin_label":"Take a look to our awesome works","title":"Take a look to our awesome works","heading_selector":"h3","use_link":"0","title_link":"","link_new_tab":"0","title_fontsize":{"md":"18","sm":"","xs":"16"},"title_fontstyle":null,"title_fontweight":"300","title_lineheight":"","title_letterspace":"0","title_margin":{"md":"0px 0px 20px 0px","sm":"   ","xs":"   "},"title_padding":{"md":"0px 0px 0px 0px","sm":"   ","xs":"   "},"alignment":"sppb-text-center","class":"","global_text_color":"rgba(135, 135, 135, 1)","global_link_color":"","global_link_hover_color":"","global_use_background":"0","global_background_color":"","global_background_image":"","global_background_repeat":"no-repeat","global_background_size":"cover","global_background_attachment":"inherit","global_user_border":"0","global_border_width":"","global_border_color":"","global_boder_style":"none","global_border_radius":"","global_margin":"","global_padding":"","global_use_animation":"0","global_animation":"","global_animationduration":"300","global_animationdelay":"0","hidden_md":"0","hidden_sm":"0","hidden_xs":"0","acl":null}},{"id":1494911041920,"type":"inner_row","settings":{"admin_label":"","title":"","heading_selector":"h3","title_fontsize":"","title_fontweight":"","title_text_color":"","title_margin_top":"","title_margin_bottom":"","subtitle":"","subtitle_fontsize":"","title_position":"sppb-text-center","columns_equal_height":"0","fullscreen":0,"no_gutter":0,"id":"","class":"","padding":{"md":"50px 0px 0px 0px","sm":"   ","xs":"10px   "},"margin":{"md":"0px 0px 0px 0px","sm":"   ","xs":"   "},"color":"","background_color":"","background_image":"","overlay":"","background_repeat":"no-repeat","background_size":"cover","background_attachment":"fixed","background_position":"0 0","background_video":0,"background_video_mp4":"","background_video_ogv":"","hidden_xs":"","hidden_sm":"","hidden_md":"","animation":"","animationduration":"300","animationdelay":"0","columns_align_center":0,"background_parallax":0,"show_top_shape":0,"show_bottom_shape":0},"layout":"3,3,3,3","visibility":true,"columns":[{"id":1494911041921,"class_name":"col-md-3","visibility":true,"settings":{"color":"","background":"","background_image":"","overlay":"","background_repeat":"no-repeat","background_size":"cover","background_attachment":"scroll","background_position":"0 0","padding":"","class":"","sm_col":"col-sm-6","xs_col":"","hidden_xs":"","hidden_sm":"","hidden_md":"","animation":"","animationduration":"300","animationdelay":"0"},"addons":[{"id":1494913641109,"name":"image","visibility":true,"settings":{"admin_label":"","title":"","heading_selector":"h3","title_fontsize":"","title_lineheight":"","title_fontstyle":null,"title_letterspace":"0","title_fontweight":"","title_text_color":"","title_margin_top":"","title_margin_bottom":"","image":"https://sppagebuilder.com/sample-data/images/2017/05/16/2x.jpg","alt_text":"Gallery","position":"sppb-text-center","open_lightbox":1,"overlay_color":"rgba(0, 0, 0, 0.5)","link":"","target":"","class":"","global_text_color":"","global_link_color":"","global_link_hover_color":"","global_use_background":0,"global_background_color":"","global_background_image":"","global_background_repeat":"no-repeat","global_background_size":"cover","global_background_attachment":"inherit","global_user_border":0,"global_border_width":"","global_border_color":"","global_boder_style":"none","global_border_radius":"","global_margin":{"md":"0 0 30px 0","sm":"   ","xs":"   "},"global_padding":{"md":"   ","sm":"   ","xs":"   "},"global_use_animation":0,"global_animation":"","global_animationduration":"300","global_animationdelay":"0","hidden_md":"0","hidden_sm":"0","hidden_xs":"0","acl":null}},{"id":1494915472199,"name":"image","visibility":true,"settings":{"admin_label":"","title":"","heading_selector":"h3","title_fontsize":"","title_lineheight":"","title_fontstyle":null,"title_letterspace":"0","title_fontweight":"","title_text_color":"","title_margin_top":"","title_margin_bottom":"","image":"https://sppagebuilder.com/sample-data/images/2017/05/16/5.jpg","alt_text":"Gallery","position":"sppb-text-center","open_lightbox":"1","overlay_color":"rgba(0, 0, 0, 0.5)","link":"","target":"","class":"","global_text_color":"","global_link_color":"","global_link_hover_color":"","global_use_background":"0","global_background_color":"","global_background_image":"","global_background_repeat":"no-repeat","global_background_size":"cover","global_background_attachment":"inherit","global_user_border":"0","global_border_width":"","global_border_color":"","global_boder_style":"none","global_border_radius":"","global_margin":"0 0 30px 0","global_padding":"","global_use_animation":"0","global_animation":"","global_animationduration":"300","global_animationdelay":"0","hidden_md":"0","hidden_sm":"0","hidden_xs":"0","acl":null}}]},{"id":1494911041924,"class_name":"col-md-3","visibility":true,"settings":{"color":"","background":"","background_image":"","overlay":"","background_repeat":"no-repeat","background_size":"cover","background_attachment":"scroll","background_position":"0 0","padding":"","class":"","sm_col":"col-sm-6","xs_col":"","hidden_xs":"","hidden_sm":"","hidden_md":"","animation":"","animationduration":"300","animationdelay":"0"},"addons":[{"id":1494915472182,"name":"image","visibility":true,"settings":{"admin_label":"","title":"","heading_selector":"h3","title_fontsize":"","title_lineheight":"","title_fontstyle":null,"title_letterspace":"0","title_fontweight":"","title_text_color":"","title_margin_top":"","title_margin_bottom":"","image":"https://sppagebuilder.com/sample-data/images/2017/05/16/2.jpg","alt_text":"Gallery","position":"sppb-text-center","open_lightbox":1,"overlay_color":"rgba(0, 0, 0, 0.5)","link":"","target":"","class":"","global_text_color":"","global_link_color":"","global_link_hover_color":"","global_use_background":0,"global_background_color":"","global_background_image":"","global_background_repeat":"no-repeat","global_background_size":"cover","global_background_attachment":"inherit","global_user_border":0,"global_border_width":"","global_border_color":"","global_boder_style":"none","global_border_radius":"","global_margin":{"md":"0 0 30px 0","sm":"   ","xs":"   "},"global_padding":{"md":"   ","sm":"   ","xs":"   "},"global_use_animation":0,"global_animation":"","global_animationduration":"300","global_animationdelay":"0","hidden_md":"0","hidden_sm":"0","hidden_xs":"0","acl":null}},{"id":1494915472204,"name":"image","visibility":true,"settings":{"admin_label":"","title":"","heading_selector":"h3","title_fontsize":"","title_lineheight":"","title_fontstyle":null,"title_letterspace":"0","title_fontweight":"","title_text_color":"","title_margin_top":"","title_margin_bottom":"","image":"https://sppagebuilder.com/sample-data/images/2017/05/16/6.jpg","alt_text":"Gallery","position":"sppb-text-center","open_lightbox":"1","overlay_color":"rgba(0, 0, 0, 0.5)","link":"","target":"","class":"","global_text_color":"","global_link_color":"","global_link_hover_color":"","global_use_background":"0","global_background_color":"","global_background_image":"","global_background_repeat":"no-repeat","global_background_size":"cover","global_background_attachment":"inherit","global_user_border":"0","global_border_width":"","global_border_color":"","global_boder_style":"none","global_border_radius":"","global_margin":"0 0 30px 0","global_padding":"","global_use_animation":"0","global_animation":"","global_animationduration":"300","global_animationdelay":"0","hidden_md":"0","hidden_sm":"0","hidden_xs":"0","acl":null}}]},{"id":1494911041925,"class_name":"col-md-3","visibility":true,"settings":{"color":"","background":"","background_image":"","overlay":"","background_repeat":"no-repeat","background_size":"cover","background_attachment":"scroll","background_position":"0 0","padding":"","class":"","sm_col":"col-sm-6","xs_col":"","hidden_xs":"","hidden_sm":"","hidden_md":"","animation":"","animationduration":"300","animationdelay":"0"},"addons":[{"id":1494915472177,"name":"image","visibility":true,"settings":{"admin_label":"","title":"","heading_selector":"h3","title_fontsize":"","title_lineheight":"","title_fontstyle":null,"title_letterspace":"0","title_fontweight":"","title_text_color":"","title_margin_top":"","title_margin_bottom":"","image":"https://sppagebuilder.com/sample-data/images/2017/05/16/3.jpg","alt_text":"Gallery","position":"sppb-text-center","open_lightbox":1,"overlay_color":"rgba(0, 0, 0, 0.5)","link":"","target":"","class":"","global_text_color":"","global_link_color":"","global_link_hover_color":"","global_use_background":"0","global_background_color":"","global_background_image":"","global_background_repeat":"no-repeat","global_background_size":"cover","global_background_attachment":"inherit","global_user_border":"0","global_border_width":"","global_border_color":"","global_boder_style":"none","global_border_radius":"","global_margin":"0 0 30px 0","global_padding":"","global_use_animation":"0","global_animation":"","global_animationduration":"300","global_animationdelay":"0","hidden_md":"0","hidden_sm":"0","hidden_xs":"0","acl":null}},{"id":1494915472209,"name":"image","visibility":true,"settings":{"admin_label":"","title":"","heading_selector":"h3","title_fontsize":"","title_lineheight":"","title_fontstyle":null,"title_letterspace":"0","title_fontweight":"","title_text_color":"","title_margin_top":"","title_margin_bottom":"","image":"https://sppagebuilder.com/sample-data/images/2017/05/16/7.jpg","alt_text":"Gallery","position":"sppb-text-center","open_lightbox":"1","overlay_color":"rgba(0, 0, 0, 0.5)","link":"","target":"","class":"","global_text_color":"","global_link_color":"","global_link_hover_color":"","global_use_background":"0","global_background_color":"","global_background_image":"","global_background_repeat":"no-repeat","global_background_size":"cover","global_background_attachment":"inherit","global_user_border":"0","global_border_width":"","global_border_color":"","global_boder_style":"none","global_border_radius":"","global_margin":"0 0 30px 0","global_padding":"","global_use_animation":"0","global_animation":"","global_animationduration":"300","global_animationdelay":"0","hidden_md":"0","hidden_sm":"0","hidden_xs":"0","acl":null}}]},{"id":1494911041926,"class_name":"col-md-3","visibility":true,"settings":{"color":"","background":"","background_image":"","overlay":"","background_repeat":"no-repeat","background_size":"cover","background_attachment":"scroll","background_position":"0 0","padding":"","class":"","sm_col":"col-sm-6","xs_col":"","hidden_xs":"","hidden_sm":"","hidden_md":"","animation":"","animationduration":"300","animationdelay":"0"},"addons":[{"id":1494915472172,"name":"image","visibility":true,"settings":{"admin_label":"","title":"","heading_selector":"h3","title_fontsize":"","title_lineheight":"","title_fontstyle":null,"title_letterspace":"0","title_fontweight":"","title_text_color":"","title_margin_top":"","title_margin_bottom":"","image":"https://sppagebuilder.com/sample-data/images/2017/05/16/4.jpg","alt_text":"Gallery","position":"sppb-text-center","open_lightbox":"1","overlay_color":"rgba(0, 0, 0, 0.5)","link":"","target":"","class":"","global_text_color":"","global_link_color":"","global_link_hover_color":"","global_use_background":"0","global_background_color":"","global_background_image":"","global_background_repeat":"no-repeat","global_background_size":"cover","global_background_attachment":"inherit","global_user_border":"0","global_border_width":"","global_border_color":"","global_boder_style":"none","global_border_radius":"","global_margin":"0 0 30px 0","global_padding":"","global_use_animation":"0","global_animation":"","global_animationduration":"300","global_animationdelay":"0","hidden_md":"0","hidden_sm":"0","hidden_xs":"0","acl":null}},{"id":1494915472214,"name":"image","visibility":true,"settings":{"admin_label":"","title":"","heading_selector":"h3","title_fontsize":"","title_lineheight":"","title_fontstyle":null,"title_letterspace":"0","title_fontweight":"","title_text_color":"","title_margin_top":"","title_margin_bottom":"","image":"https://sppagebuilder.com/sample-data/images/2017/05/16/8.jpg","alt_text":"Gallery","position":"sppb-text-center","open_lightbox":"1","overlay_color":"rgba(0, 0, 0, 0.5)","link":"","target":"","class":"","global_text_color":"","global_link_color":"","global_link_hover_color":"","global_use_background":"0","global_background_color":"","global_background_image":"","global_background_repeat":"no-repeat","global_background_size":"cover","global_background_attachment":"inherit","global_user_border":"0","global_border_width":"","global_border_color":"","global_boder_style":"none","global_border_radius":"","global_margin":"0 0 30px 0","global_padding":"","global_use_animation":"0","global_animation":"","global_animationduration":"300","global_animationdelay":"0","hidden_md":"0","hidden_sm":"0","hidden_xs":"0","acl":null}}]}]}]}]},{"id":1494911041939,"visibility":true,"collapse":false,"settings":{"admin_label":"About Us Section","title":"","heading_selector":"h3","title_fontsize":"","title_fontweight":"","title_text_color":"","title_margin_top":"","title_margin_bottom":"","subtitle":"","subtitle_fontsize":"","title_position":"sppb-text-center","columns_equal_height":"0","fullscreen":0,"no_gutter":0,"id":"","class":"","padding":{"md":"100px 0px 100px 0px","sm":"   ","xs":"50px  50px "},"margin":{"md":"0px 0px 0px 0px","sm":"   ","xs":"   "},"color":"","background_color":"#fafafa","background_image":"","overlay":"","background_repeat":"no-repeat","background_size":"cover","background_attachment":"fixed","background_position":"0 0","background_video":0,"background_video_mp4":"","background_video_ogv":"","hidden_xs":"","hidden_sm":"","hidden_md":"","animation":"","animationduration":"300","animationdelay":"0","columns_align_center":1,"background_parallax":0,"show_top_shape":0,"show_bottom_shape":0},"layout":"6,6","columns":[{"id":1494911041947,"class_name":"col-md-6","visibility":true,"settings":{"default":{"background_image":"","background_repeat":"no-repeat","background_size":"cover","background_attachment":"scroll","background_position":"0 0","boxshadow":"0 0 0 0 #fff","sm_col":"","xs_col":"","hidden_xs":"","hidden_sm":"","hidden_md":"","animationduration":"300","animationdelay":"0"},"padding":{"md":"   ","sm":"   ","xs":"   "},"hidden_xs":0,"hidden_sm":0,"hidden_md":0,"sm_col":"col-sm-7"},"addons":[{"id":1494911041943,"name":"heading","visibility":true,"settings":{"admin_label":"Our Story","title":"Our Story","heading_selector":"h3","use_link":0,"title_link":"","link_new_tab":"0","title_fontsize":{"md":"40","sm":"","xs":"30"},"title_fontstyle":null,"title_fontweight":"700","title_lineheight":"","title_letterspace":"0","title_margin":{"md":"0 0px 13px 0px","sm":"   ","xs":"   "},"title_padding":{"md":"0px 0px 0px 0px","sm":"   ","xs":"   "},"alignment":"sppb-text-left","class":"","global_text_color":"rgba(28, 28, 28, 1)","global_link_color":"","global_link_hover_color":"","global_use_background":"0","global_background_color":"","global_background_image":"","global_background_repeat":"no-repeat","global_background_size":"cover","global_background_attachment":"inherit","global_user_border":"0","global_border_width":"","global_border_color":"","global_boder_style":"none","global_border_radius":"","global_margin":"","global_padding":"","global_use_animation":"0","global_animation":"","global_animationduration":"300","global_animationdelay":"0","hidden_md":"0","hidden_sm":"0","hidden_xs":"0","acl":null}},{"id":1509708816695,"name":"text_block","visibility":true,"settings":{"admin_label":"We are the new magic of Digital World","title":"We are the new magic of Digital World","heading_selector":"h3","title_fontsize":{"md":"18","sm":"","xs":"18"},"title_lineheight":"25","title_fontstyle":null,"title_letterspace":"0","title_fontweight":"700","title_text_color":"rgba(97, 97, 97, 1)","title_margin_top":"5","title_margin_bottom":"","text":"It was popularised in the 1960s with the release of Letraset sheets containing Lorem Ipsum passages, and more recently with desktop publishing software like Aldus PageMaker including versions of Lorem Ipsum.","alignment":"sppb-text-left","class":"","global_text_color":"rgba(97, 97, 97, 1)","global_link_color":"","global_link_hover_color":"","global_use_background":0,"global_background_color":"","global_background_image":"","global_background_repeat":"no-repeat","global_background_size":"cover","global_background_attachment":"inherit","global_user_border":0,"global_border_width":"","global_border_color":"","global_boder_style":"none","global_border_radius":"","global_margin":{"md":"0 0 30px 0","sm":"   ","xs":"   "},"global_padding":{"md":"   ","sm":"   ","xs":"   "},"global_use_animation":0,"global_animation":"","global_animationduration":"300","global_animationdelay":"0","hidden_md":"0","hidden_sm":"0","hidden_xs":"0","acl":null,"dropcap":0,"text_fontsize":{"md":"","sm":"","xs":""}}},{"id":1494911041946,"name":"button","visibility":true,"settings":{"admin_label":"Know More","text":"Know More","alignment":"sppb-text-left","fontstyle":["uppercase","normal"],"letterspace":"0","url":"#","target":"","type":"custom","appearance":"","background_color":"rgba(178, 227, 242, 1)","color":"rgba(0, 164, 212, 1)","background_color_hover":"rgba(0, 164, 212, 1)","color_hover":"rgba(255, 255, 255, 1)","button_padding":{"md":"13px 40px 13px 40px","sm":"   ","xs":"10px 20px 10px 20px"},"size":"","shape":"round","block":"","icon":"","icon_position":"left","class":"","global_text_color":"","global_link_color":"","global_link_hover_color":"","global_use_background":"0","global_background_color":"","global_background_image":"","global_background_repeat":"no-repeat","global_background_size":"cover","global_background_attachment":"inherit","global_user_border":"0","global_border_width":"","global_border_color":"","global_boder_style":"none","global_border_radius":"","global_margin":"","global_padding":"","global_use_animation":"0","global_animation":"","global_animationduration":"300","global_animationdelay":"0","hidden_md":"0","hidden_sm":"0","hidden_xs":"0","acl":null}}]},{"id":1494911041942,"class_name":"col-md-6","visibility":true,"settings":{"color":"","background":"","background_image":"","overlay":"","background_repeat":"no-repeat","background_size":"cover","background_attachment":"scroll","background_position":"0 0","padding":{"md":"   ","sm":"   ","xs":"   "},"class":"","sm_col":"col-sm-5","xs_col":"","hidden_xs":0,"hidden_sm":0,"hidden_md":0,"animation":"","animationduration":"300","animationdelay":"0"},"addons":[{"id":1494911041941,"name":"image","visibility":true,"settings":{"admin_label":"","title":"","heading_selector":"h3","title_fontsize":"","title_lineheight":"","title_fontstyle":null,"title_letterspace":"0","title_fontweight":"","title_text_color":"","title_margin_top":"","title_margin_bottom":"","image":"https://sppagebuilder.com/sample-data/images/2017/05/16/img1.jpg","alt_text":"image","position":"sppb-text-center","open_lightbox":0,"overlay_color":"rgba(119, 219, 31, 0.5)","link":"","target":"","class":"","global_text_color":"","global_link_color":"","global_link_hover_color":"","global_use_background":0,"global_background_color":"","global_background_image":"","global_background_repeat":"no-repeat","global_background_size":"cover","global_background_attachment":"inherit","global_user_border":0,"global_border_width":"","global_border_color":"","global_boder_style":"none","global_border_radius":"","global_margin":{"md":"   ","sm":"   ","xs":"30px   "},"global_padding":{"md":"   ","sm":"   ","xs":"   "},"global_use_animation":0,"global_animation":"","global_animationduration":"300","global_animationdelay":"0","hidden_md":"0","hidden_sm":"0","hidden_xs":"0","acl":null}}]}]},{"id":1494915205804,"visibility":true,"collapse":false,"settings":{"admin_label":"Call to action","title":"","heading_selector":"h3","title_fontsize":"","title_fontweight":"","title_text_color":"","title_margin_top":"","title_margin_bottom":"","subtitle":"","subtitle_fontsize":"","title_position":"sppb-text-center","columns_equal_height":"0","fullscreen":0,"no_gutter":0,"id":"","class":"","padding":{"md":"80px 0px 80px 0px","sm":"   ","xs":"   "},"margin":{"md":"0px 0px 0px 0px","sm":"   ","xs":"   "},"color":"#ffffff","background_color":"#00A4D4","background_image":"","overlay":"","background_repeat":"no-repeat","background_size":"cover","background_attachment":"inherit","background_position":"50% 50%","background_video":0,"background_video_mp4":"","background_video_ogv":"","hidden_xs":"","hidden_sm":"","hidden_md":"","animation":"","animationduration":"300","animationdelay":"0","columns_align_center":0,"background_parallax":0,"show_top_shape":0,"show_bottom_shape":0},"layout":"12","columns":[{"id":1494410073837,"class_name":"col-md-12","visibility":true,"settings":{"color":"rgba(255, 255, 255, 1)","background":"","background_image":"","overlay":"","background_repeat":"no-repeat","background_size":"cover","background_attachment":"scroll","background_position":"0 0","padding":{"md":"   ","sm":"   ","xs":"   "},"class":"","sm_col":"","xs_col":"","hidden_xs":"","hidden_sm":"","hidden_md":"","animation":"","animationduration":"300","animationdelay":"0","items_align_center":0},"addons":[{"id":1494410781731,"name":"heading","visibility":true,"settings":{"admin_label":"Join The Team","title":"Join The Team","heading_selector":"h3","use_link":0,"title_link":"","link_new_tab":"0","title_fontsize":{"md":"40","sm":"","xs":"30"},"title_fontstyle":null,"title_fontweight":"","title_lineheight":"","title_letterspace":"0","title_margin":{"md":"0 0px 20px 0","sm":"   ","xs":"   "},"title_padding":{"md":"0px 0px 0px 0px","sm":"   ","xs":"   "},"alignment":"sppb-text-center","class":"","global_text_color":"rgba(255, 255, 255, 1)","global_link_color":"","global_link_hover_color":"","global_use_background":"0","global_background_color":"","global_background_image":"","global_background_repeat":"no-repeat","global_background_size":"cover","global_background_attachment":"inherit","global_user_border":"0","global_border_width":"","global_border_color":"","global_boder_style":"none","global_border_radius":"","global_margin":"","global_padding":"","global_use_animation":"0","global_animation":"","global_animationduration":"300","global_animationdelay":"0","hidden_md":"0","hidden_sm":"0","hidden_xs":"0","acl":null}},{"id":1494410781738,"name":"text_block","visibility":true,"settings":{"admin_label":"","title":"","heading_selector":"h4","title_fontsize":{"md":"","sm":"","xs":""},"title_lineheight":{"md":"","sm":"","xs":""},"title_fontstyle":null,"title_letterspace":"","title_fontweight":"","title_text_color":"","title_margin_top":"","title_margin_bottom":{"md":"","sm":"","xs":""},"text":"If you love creating professional, beautiful and simple Joomla templates or possess Joomla web development skills to help with coding pages/extensions quickly and efficiently, then we can&rsquo;t wait to welcome you onto our team.","alignment":"sppb-text-center","class":"","global_text_color":"","global_link_color":"","global_link_hover_color":"","global_use_background":0,"global_background_color":"","global_background_image":"","global_background_repeat":"no-repeat","global_background_size":"cover","global_background_attachment":"inherit","global_user_border":0,"global_border_width":"","global_border_color":"","global_boder_style":"none","global_border_radius":"","global_margin":{"md":"0 auto 30px auto","sm":"   ","xs":"   "},"global_padding":{"md":"   ","sm":"   ","xs":"   "},"global_use_animation":0,"global_animation":"","global_animationduration":"300","global_animationdelay":"0","hidden_md":0,"hidden_sm":0,"hidden_xs":0,"acl":null,"dropcap":0,"text_fontsize":{"md":"18","sm":"","xs":"14"},"text_lineheight":{"md":"28","sm":"","xs":"22"},"use_global_width":1,"global_width":{"md":"50","sm":"75","xs":"100"}}},{"id":1494410781750,"name":"button","visibility":true,"settings":{"admin_label":"Send Resume","text":"Send Resume","alignment":"sppb-text-center","fontstyle":["uppercase","normal"],"letterspace":"0","url":"#","target":"","type":"custom","appearance":"","background_color":"rgba(255, 255, 255, 1)","color":"rgba(0, 164, 212, 1)","background_color_hover":"rgba(34, 34, 34, 1)","color_hover":"rgba(255, 255, 255, 1)","button_padding":{"md":"13px 40px 13px 40px","sm":"   ","xs":"10px 20px 10px 20px"},"size":"","shape":"round","block":"","icon":"","icon_position":"left","class":"","global_text_color":"","global_link_color":"","global_link_hover_color":"","global_use_background":0,"global_background_color":"","global_background_image":"","global_background_repeat":"no-repeat","global_background_size":"cover","global_background_attachment":"inherit","global_user_border":0,"global_border_width":"","global_border_color":"","global_boder_style":"none","global_border_radius":"","global_margin":{"md":"   ","sm":"   ","xs":"   "},"global_padding":{"md":"   ","sm":"   ","xs":"   "},"global_use_animation":0,"global_animation":"","global_animationduration":"300","global_animationdelay":"0","hidden_md":"0","hidden_sm":"0","hidden_xs":"0","acl":null}}]}]}]