[{"id":1486529041319,"visibility":true,"collapse":false,"settings":{"admin_label":"Hero Section","title":"","heading_selector":"h3","title_fontsize":"","title_fontweight":"","title_text_color":"","title_margin_top":"","title_margin_bottom":"","subtitle":"","subtitle_fontsize":"","title_position":"sppb-text-center","columns_equal_height":"0","fullscreen":0,"no_gutter":0,"id":"","class":"","padding":{"md":"220px 0px 220px 0px","sm":"   ","xs":"50px  50px "},"margin":{"md":"0px 0px 0px 0px","sm":"   ","xs":"   "},"color":"","background_color":"","background_image":"https://sppagebuilder.com/sample-data/images/2017/02/03/business-hero.jpg","overlay":"","background_repeat":"no-repeat","background_size":"cover","background_attachment":"inherit","background_position":"50% 50%","background_video":0,"background_video_mp4":"","background_video_ogv":"","hidden_xs":"","hidden_sm":"","hidden_md":"","animation":"","animationduration":"300","animationdelay":"0","columns_align_center":0,"background_parallax":0,"show_top_shape":0,"show_bottom_shape":0},"layout":"12","columns":[{"id":1486018098901,"class_name":"col-md-12","visibility":true,"settings":{"color":"","background":"","background_image":"","overlay":"","background_repeat":"no-repeat","background_size":"cover","background_attachment":"scroll","background_position":"0 0","padding":{"md":"   ","sm":"   ","xs":"   "},"class":"","sm_col":"","xs_col":"","hidden_xs":0,"hidden_sm":0,"hidden_md":0,"animation":"","animationduration":"300","animationdelay":"0","items_align_center":0},"addons":[{"id":1509709847974,"name":"heading","visibility":true,"settings":{"admin_label":"","title":"Fire Up Your Business With a Perfect Site","heading_selector":"h2","use_link":0,"title_link":"","link_new_tab":"","title_fontsize":{"md":"72","sm":"64","xs":"35"},"title_lineheight":{"md":"84","sm":"72","xs":"45"},"title_letterspace":"0","title_margin":{"md":"0px 0px 10px 0px","sm":"   ","xs":"   "},"title_padding":{"md":"0px 0px 0px 0px","sm":"   ","xs":"   "},"title_icon_position":"before","alignment":"sppb-text-left","class":"","title_font_style":{"weight":700},"use_global_width":1,"hidden_md":0,"hidden_sm":0,"hidden_xs":0,"global_width":{"md":"80","sm":"100","xs":"100"},"global_use_background":0,"global_user_border":0,"global_margin":{"md":"   ","sm":"   ","xs":"   "},"global_padding":{"md":"   ","sm":"   ","xs":"   "},"global_use_animation":1,"global_animation":"fadeInUp","global_animationduration":"","global_animationdelay":""}},{"id":1510048050542,"name":"heading","visibility":true,"settings":{"admin_label":"","title":"Lorem ipsum dolor sit amet, consectetur adipisicing elit, sed do eiusmod tempor incididunt.","heading_selector":"h2","use_link":0,"title_link":"","link_new_tab":"","title_fontsize":{"md":"24","sm":"24","xs":"16"},"title_lineheight":{"md":"36","sm":"30","xs":"24"},"title_letterspace":"0","title_margin":{"md":"0px 0px 60px 0px","sm":"   ","xs":"0px 0px 20px 0px"},"title_padding":{"md":"0px 0px 0px 0px","sm":"   ","xs":"   "},"title_icon_position":"before","alignment":"sppb-text-left","class":"","title_font_style":{"weight":400},"use_global_width":1,"hidden_md":0,"hidden_sm":0,"hidden_xs":0,"global_width":{"md":"66","sm":"85","xs":"100"},"global_use_background":0,"global_user_border":0,"global_margin":{"md":"   ","sm":"   ","xs":"   "},"global_padding":{"md":"   ","sm":"   ","xs":"   "},"global_use_animation":1,"global_animation":"fadeInUp","global_animationdelay":"300"}},{"id":1486529041330,"name":"button","visibility":true,"settings":{"admin_label":"Get Started Now!","text":"Get Started Now!","alignment":"sppb-text-left","fontstyle":null,"letterspace":"0","url":"#","target":"","type":"custom","appearance":"","background_color":"#2BD781","color":"#ffffff","background_color_hover":"#28bd73","color_hover":"#ffffff","size":"","shape":"rounded","block":"","icon":"","icon_position":"left","class":"","global_text_color":"","global_link_color":"","global_link_hover_color":"","global_use_background":0,"global_background_color":"","global_background_image":"","global_background_repeat":"no-repeat","global_background_size":"cover","global_background_attachment":"inherit","global_user_border":0,"global_border_width":"","global_border_color":"","global_boder_style":"none","global_border_radius":"3","global_margin":{"md":"   ","sm":"   ","xs":"   "},"global_padding":{"md":"   ","sm":"   ","xs":"   "},"global_use_animation":1,"global_animation":"fadeInUp","global_animationduration":"","global_animationdelay":"600","hidden_md":0,"hidden_sm":0,"hidden_xs":0,"acl":null,"button_padding":{"md":"20px 40px 20px 40px","sm":"15px 15px 15px 15px","xs":"10px 15px 10px 15px"},"use_global_width":0}}]}]},{"id":1486529314052,"visibility":true,"collapse":false,"settings":{"admin_label":"Mission & Vision ","title":"","heading_selector":"h3","title_fontsize":"","title_fontweight":"","title_text_color":"","title_margin_top":"","title_margin_bottom":"","subtitle":"","subtitle_fontsize":"","title_position":"sppb-text-center","columns_equal_height":"0","fullscreen":0,"no_gutter":0,"id":"","class":"","padding":{"md":"150px 0px 150px 0px","sm":"   ","xs":"50px  50px "},"margin":{"md":"0px 0px 0px 0px","sm":"   ","xs":"   "},"color":"","background_color":"rgba(250, 250, 250, 1)","background_image":"","overlay":"","background_repeat":"no-repeat","background_size":"cover","background_attachment":"fixed","background_position":"0 0","background_video":0,"background_video_mp4":"","background_video_ogv":"","hidden_xs":"","hidden_sm":"","hidden_md":"","animation":"","animationduration":"300","animationdelay":"0","columns_align_center":0,"background_parallax":0,"show_top_shape":0,"show_bottom_shape":0},"layout":"6,3,3","columns":[{"id":1486529314053,"class_name":"col-md-6","visibility":true,"settings":{"color":"","background":"","background_image":"","overlay":"","background_repeat":"no-repeat","background_size":"cover","background_attachment":"scroll","background_position":"0 0","padding":{"md":"0  0 0","sm":"   ","xs":"   "},"class":"","sm_col":"col-sm-4","xs_col":"","hidden_xs":0,"hidden_sm":0,"hidden_md":0,"animation":"","animationduration":"300","animationdelay":"0"},"addons":[{"id":1509710712112,"name":"heading","visibility":true,"settings":{"admin_label":"","title":"About Us","heading_selector":"h2","use_link":0,"title_link":"","link_new_tab":"","title_fontsize":{"md":"22","sm":"18","xs":"16"},"title_lineheight":{"md":"","sm":"","xs":""},"title_letterspace":"0","title_margin":{"md":"0px 0px 10px 0px","sm":"   ","xs":"   "},"title_padding":{"md":"0px 0px 0px 0px","sm":"   ","xs":"   "},"title_icon_position":"before","alignment":"sppb-text-left","class":"","title_font_style":{"weight":400},"global_use_background":0,"global_user_border":0,"global_margin":{"md":"   ","sm":"   ","xs":"   "},"global_padding":{"md":"   ","sm":"   ","xs":"   "},"global_use_animation":0,"global_text_color":"#8c8c8c"}},{"id":1485944590896,"name":"text_block","visibility":true,"settings":{"admin_label":"Some info","title":"SP Page Builder is Best Personal Business Advisor","heading_selector":"h3","title_fontsize":{"md":"36","sm":"22","xs":"22"},"title_lineheight":{"md":"44","sm":"36","xs":"30"},"title_fontstyle":null,"title_letterspace":"0","title_fontweight":"","title_text_color":"","title_margin_top":{"md":"0","sm":"","xs":""},"title_margin_bottom":{"md":"20","sm":"","xs":""},"text":"Lorem ipsum dolor sit amet, consectetur adipisicing elit, sed do eiusmod tempor. incididunt ut labore et dolore magna aliqua. Ut enim ad minim veniam, quis nostrud exercitation.","alignment":"sppb-text-left","class":"","global_text_color":"","global_link_color":"","global_link_hover_color":"","global_use_background":0,"global_background_color":"","global_background_image":"","global_background_repeat":"no-repeat","global_background_size":"cover","global_background_attachment":"inherit","global_user_border":0,"global_border_width":"","global_border_color":"","global_boder_style":"none","global_border_radius":"","global_margin":{"md":"0px 0px 20px 0px","sm":"   ","xs":"   "},"global_padding":{"md":"   ","sm":"   ","xs":"   "},"global_use_animation":0,"global_animation":"","global_animationduration":"300","global_animationdelay":"0","hidden_md":"0","hidden_sm":"0","hidden_xs":"0","acl":null,"dropcap":0,"text_fontsize":{"md":"16","sm":"","xs":"14"},"text_lineheight":{"md":"26","sm":"","xs":"22"}}},{"id":1485944590899,"name":"button","visibility":true,"settings":{"admin_label":"Who We Are?","text":"Who We Are?","alignment":"sppb-text-left","fontstyle":null,"letterspace":"1px","url":"#","target":"","type":"custom","appearance":"","background_color":"","color":"rgba(38, 38, 38, 1)","background_color_hover":"","color_hover":"rgba(43, 215, 129, 1)","size":"lg","shape":"rounded","block":"","icon":"fa-arrow-circle-right","icon_position":"left","class":"","global_text_color":"","global_link_color":"","global_link_hover_color":"","global_use_background":0,"global_background_color":"","global_background_image":"","global_background_repeat":"no-repeat","global_background_size":"cover","global_background_attachment":"inherit","global_user_border":0,"global_border_width":"","global_border_color":"","global_boder_style":"none","global_border_radius":"","global_margin":{"md":"0px 0px 30px 0px","sm":"   ","xs":"   "},"global_padding":{"md":"   ","sm":"   ","xs":"   "},"global_use_animation":0,"global_animation":"","global_animationduration":"300","global_animationdelay":"0","hidden_md":"0","hidden_sm":"0","hidden_xs":"0","acl":null,"button_padding":{"md":"0px 0px 0px 0px","sm":"   ","xs":"   "}}}]},{"id":1486529314054,"class_name":"col-md-3","visibility":true,"settings":{"default":{"background_image":"","background_repeat":"no-repeat","background_size":"cover","background_attachment":"scroll","background_position":"0 0","boxshadow":"0 0 0 0 #fff","sm_col":"","xs_col":"","hidden_xs":"","hidden_sm":"","hidden_md":"","animationduration":"300","animationdelay":"0"},"padding":{"md":"0  0 0","sm":"   ","xs":"   "},"hidden_xs":0,"hidden_sm":0,"hidden_md":0,"sm_col":"col-sm-4","xs_col":"col-xs-6","boxshadow":"0 0 0 0 ","items_align_center":0},"addons":[{"id":1486530997569,"name":"image","visibility":true,"settings":{"admin_label":"Our Mission","title":"","heading_selector":"h3","title_fontsize":"","title_lineheight":"","title_fontstyle":null,"title_letterspace":"0","title_fontweight":"","title_text_color":"","title_margin_top":"","title_margin_bottom":"","image":"https://sppagebuilder.com/sample-data/images/2017/02/08/mission.jpg","alt_text":"Our mission","position":"sppb-text-center","open_lightbox":"0","overlay_color":"rgba(119, 219, 31, 0.5)","link":"","target":"","class":"","global_text_color":"","global_link_color":"","global_link_hover_color":"","global_use_background":"0","global_background_color":"","global_background_image":"","global_background_repeat":"no-repeat","global_background_size":"cover","global_background_attachment":"inherit","global_user_border":"0","global_border_width":"","global_border_color":"","global_boder_style":"none","global_border_radius":"","global_margin":"","global_padding":"","global_use_animation":"0","global_animation":"","global_animationduration":"300","global_animationdelay":"0","hidden_md":"0","hidden_sm":"0","hidden_xs":"0","acl":null}},{"id":1486530997570,"type":"inner_row","settings":{"admin_label":"","title":"","heading_selector":"h3","title_fontsize":"","title_fontweight":"","title_text_color":"","title_margin_top":"","title_margin_bottom":"","subtitle":"","subtitle_fontsize":"","title_position":"sppb-text-center","columns_equal_height":"0","fullscreen":"0","no_gutter":"0","id":"","class":"","padding":"30px 25px 20px 30px","margin":"0px 0px 0px 0px","color":"","background_color":"rgba(255, 255, 255, 1)","background_image":"","overlay":"","background_repeat":"no-repeat","background_size":"cover","background_attachment":"fixed","background_position":"0 0","background_video":"0","background_video_mp4":"","background_video_ogv":"","hidden_xs":"","hidden_sm":"","hidden_md":"","animation":"","animationduration":"300","animationdelay":"0"},"layout":"12","visibility":true,"columns":[{"id":1486530997571,"class_name":"col-md-12","visibility":true,"settings":{},"addons":[{"id":1486530997576,"name":"feature","visibility":true,"settings":{"admin_label":"","title":"Our Mission","heading_selector":"h4","title_position":"before","title_fontsize":"16","title_lineheight":"","title_fontstyle":null,"title_letterspace":"0","title_fontweight":"","title_text_color":"","title_margin_top":"0","title_margin_bottom":"10","title_url":"","url_appear":"title","feature_type":"icon","feature_image":"","icon_name":"","icon_size":"36","icon_color":"","icon_background":"","icon_border_color":"","icon_border_width":"","icon_border_radius":"","icon_margin_top":"","icon_margin_bottom":"","icon_padding":"","text":"\t\t\tLorem ipsum dolor sit amet, consectetur adipisicing elit, sed do eiusmod tempor.","alignment":"sppb-text-left","class":"","global_text_color":"","global_link_color":"","global_link_hover_color":"","global_use_background":"0","global_background_color":"","global_background_image":"","global_background_repeat":"no-repeat","global_background_size":"cover","global_background_attachment":"inherit","global_user_border":"0","global_border_width":"","global_border_color":"","global_boder_style":"none","global_border_radius":"","global_margin":"0 0 22px 0","global_padding":"","global_use_animation":"0","global_animation":"","global_animationduration":"300","global_animationdelay":"0","hidden_md":"0","hidden_sm":"0","hidden_xs":"0","acl":null}},{"id":1486530997581,"name":"button","visibility":true,"settings":{"admin_label":"","text":"Learn More","alignment":"sppb-text-left","fontstyle":["lighter"],"letterspace":"1px","url":"","target":"","type":"custom","appearance":"","background_color":"","color":"rgba(79, 218, 149, 1)","background_color_hover":"","color_hover":"rgba(34, 34, 34, 1)","size":"","shape":"rounded","block":"","icon":"fa-caret-right","icon_position":"right","class":"","global_text_color":"","global_link_color":"","global_link_hover_color":"","global_use_background":0,"global_background_color":"","global_background_image":"","global_background_repeat":"no-repeat","global_background_size":"cover","global_background_attachment":"inherit","global_user_border":0,"global_border_width":"","global_border_color":"","global_boder_style":"none","global_border_radius":"","global_margin":{"md":"0 0 0 -15px","sm":"   ","xs":"   "},"global_padding":{"md":"   ","sm":"   ","xs":"   "},"global_use_animation":0,"global_animation":"","global_animationduration":"300","global_animationdelay":"0","hidden_md":"0","hidden_sm":"0","hidden_xs":"0","acl":null,"button_padding":{"md":"   ","sm":"   ","xs":"   "}}}]}]}]},{"id":1486529314055,"class_name":"col-md-3","visibility":true,"settings":{"default":{"background_image":"","background_repeat":"no-repeat","background_size":"cover","background_attachment":"scroll","background_position":"0 0","boxshadow":"0 0 0 0 #fff","sm_col":"","xs_col":"","hidden_xs":"","hidden_sm":"","hidden_md":"","animationduration":"300","animationdelay":"0"},"padding":{"md":"0  0 0","sm":"   ","xs":"   "},"hidden_xs":0,"hidden_sm":0,"hidden_md":0,"sm_col":"col-sm-4","xs_col":"col-xs-6"},"addons":[{"id":1486531738159,"name":"image","visibility":true,"settings":{"admin_label":"Our vision","title":"","heading_selector":"h3","title_fontsize":"","title_lineheight":"","title_fontstyle":null,"title_letterspace":"0","title_fontweight":"","title_text_color":"","title_margin_top":"","title_margin_bottom":"","image":"https://sppagebuilder.com/sample-data/images/2017/02/08/vission.jpg","alt_text":"Our vision","position":"sppb-text-center","open_lightbox":"0","overlay_color":"rgba(119, 219, 31, 0.5)","link":"","target":"","class":"","global_text_color":"","global_link_color":"","global_link_hover_color":"","global_use_background":"0","global_background_color":"","global_background_image":"","global_background_repeat":"no-repeat","global_background_size":"cover","global_background_attachment":"inherit","global_user_border":"0","global_border_width":"","global_border_color":"","global_boder_style":"none","global_border_radius":"","global_margin":"","global_padding":"","global_use_animation":"0","global_animation":"","global_animationduration":"300","global_animationdelay":"0","hidden_md":"0","hidden_sm":"0","hidden_xs":"0","acl":null}},{"id":1486531738160,"type":"inner_row","settings":{"admin_label":"","title":"","heading_selector":"h3","title_fontsize":"","title_fontweight":"","title_text_color":"","title_margin_top":"","title_margin_bottom":"","subtitle":"","subtitle_fontsize":"","title_position":"sppb-text-center","columns_equal_height":"0","fullscreen":"0","no_gutter":"0","id":"","class":"","padding":"30px 25px 20px 30px","margin":"0px 0px 0px 0px","color":"","background_color":"rgba(255, 255, 255, 1)","background_image":"","overlay":"","background_repeat":"no-repeat","background_size":"cover","background_attachment":"fixed","background_position":"0 0","background_video":"0","background_video_mp4":"","background_video_ogv":"","hidden_xs":"","hidden_sm":"","hidden_md":"","animation":"","animationduration":"300","animationdelay":"0"},"layout":"12","visibility":true,"columns":[{"id":1486531738161,"class_name":"col-md-12","visibility":true,"settings":{},"addons":[{"id":1486531738166,"name":"feature","visibility":true,"settings":{"admin_label":"","title":"Our vision","heading_selector":"h4","title_position":"before","title_fontsize":"16","title_lineheight":"","title_fontstyle":null,"title_letterspace":"0","title_fontweight":"","title_text_color":"","title_margin_top":"0","title_margin_bottom":"10","title_url":"","url_appear":"title","feature_type":"icon","feature_image":"","icon_name":"","icon_size":"36","icon_color":"","icon_background":"","icon_border_color":"","icon_border_width":"","icon_border_radius":"","icon_margin_top":"","icon_margin_bottom":"","icon_padding":"","text":"\t\t\t\tLorem ipsum dolor sit amet, consectetur adipisicing elit, sed do eiusmod tempor.","alignment":"sppb-text-left","class":"","global_text_color":"","global_link_color":"","global_link_hover_color":"","global_use_background":"0","global_background_color":"","global_background_image":"","global_background_repeat":"no-repeat","global_background_size":"cover","global_background_attachment":"inherit","global_user_border":"0","global_border_width":"","global_border_color":"","global_boder_style":"none","global_border_radius":"","global_margin":"0 0 22px 0","global_padding":"","global_use_animation":"0","global_animation":"","global_animationduration":"300","global_animationdelay":"0","hidden_md":"0","hidden_sm":"0","hidden_xs":"0","acl":null}},{"id":1486531738171,"name":"button","visibility":true,"settings":{"admin_label":"","text":"Learn More","alignment":"sppb-text-left","fontstyle":["lighter"],"letterspace":"1px","url":"","target":"","type":"custom","appearance":"","background_color":"","color":"rgba(79, 218, 149, 1)","background_color_hover":"","color_hover":"rgba(34, 34, 34, 1)","size":"","shape":"rounded","block":"","icon":"fa-caret-right","icon_position":"right","class":"","global_text_color":"","global_link_color":"","global_link_hover_color":"","global_use_background":"0","global_background_color":"","global_background_image":"","global_background_repeat":"no-repeat","global_background_size":"cover","global_background_attachment":"inherit","global_user_border":"0","global_border_width":"","global_border_color":"","global_boder_style":"none","global_border_radius":"","global_margin":"0 0 0 -15px","global_padding":"","global_use_animation":"0","global_animation":"","global_animationduration":"300","global_animationdelay":"0","hidden_md":"0","hidden_sm":"0","hidden_xs":"0","acl":null}}]}]}]}]},{"id":1486531811436,"visibility":true,"collapse":false,"settings":{"admin_label":"Get Started","title":"","heading_selector":"h3","title_fontsize":"","title_fontweight":"","title_text_color":"","title_margin_top":"","title_margin_bottom":"","subtitle":"","subtitle_fontsize":"","title_position":"sppb-text-center","columns_equal_height":"0","fullscreen":0,"no_gutter":0,"id":"","class":"","padding":{"md":"70px 0px 70px 0px","sm":"   ","xs":"   "},"margin":{"md":"0px 0px 0px 0px","sm":"   ","xs":"   "},"color":"","background_color":"rgba(43, 215, 129, 1)","background_image":"","overlay":"","background_repeat":"no-repeat","background_size":"cover","background_attachment":"fixed","background_position":"0 0","background_video":0,"background_video_mp4":"","background_video_ogv":"","hidden_xs":"","hidden_sm":"","hidden_md":"","animation":"","animationduration":"300","animationdelay":"0","background_parallax":0,"show_top_shape":0,"show_bottom_shape":0,"columns_align_center":1},"layout":"3,9","columns":[{"id":1486531811438,"class_name":"col-md-9","visibility":true,"settings":{"default":{"background_image":"","background_repeat":"no-repeat","background_size":"cover","background_attachment":"scroll","background_position":"0 0","boxshadow":"0 0 0 0 #fff","sm_col":"","xs_col":"","hidden_xs":"","hidden_sm":"","hidden_md":"","animationduration":"300","animationdelay":"0"},"padding":{"md":"   ","sm":"   ","xs":"   "},"hidden_xs":0,"hidden_sm":0,"hidden_md":0,"sm_col":"col-sm-8"},"addons":[{"id":1509711398307,"name":"heading","visibility":true,"settings":{"admin_label":"","title":"We help <strong>businesses innovate</strong> and grow & Let's deliver the right solution for <strong>your business</strong>.","heading_selector":"h2","use_link":0,"title_link":"","link_new_tab":"","title_fontsize":{"md":"24","sm":"20","xs":"18"},"title_lineheight":{"md":"36","sm":"28","xs":"26"},"title_letterspace":"0","title_margin":{"md":"0px 0px 0px 0px","sm":"   ","xs":"   "},"title_padding":{"md":"0px 0px 0px 0px","sm":"   ","xs":"   "},"title_icon_position":"before","alignment":"sppb-text-left","class":"","global_use_background":0,"global_user_border":0,"global_margin":{"md":"   ","sm":"   ","xs":"   "},"global_padding":{"md":"   ","sm":"   ","xs":"   "},"global_use_animation":0,"global_text_color":"#ffffff","title_font_style":{"weight":400},"use_global_width":1,"hidden_md":0,"hidden_sm":0,"hidden_xs":0,"global_width":{"md":"80","sm":"100","xs":"100"}}}]},{"id":1486531811437,"class_name":"col-md-3","visibility":true,"settings":{"default":{"background_image":"","background_repeat":"no-repeat","background_size":"cover","background_attachment":"scroll","background_position":"0 0","boxshadow":"0 0 0 0 #fff","sm_col":"","xs_col":"","hidden_xs":"","hidden_sm":"","hidden_md":"","animationduration":"300","animationdelay":"0"},"padding":{"md":"   ","sm":"   ","xs":"   "},"hidden_xs":0,"hidden_sm":0,"hidden_md":0,"sm_col":"col-sm-4"},"addons":[{"id":1486532389787,"name":"button","visibility":true,"settings":{"admin_label":"CTA Button","text":"Get Started","alignment":"sppb-text-right","fontstyle":null,"letterspace":"1px","url":"#","target":"","type":"custom","appearance":"outline","background_color":"rgba(255, 255, 255, 1)","color":"rgba(255, 255, 255, 1)","background_color_hover":"rgba(34, 34, 34, 1)","color_hover":"rgba(255, 255, 255, 1)","size":"","shape":"round","block":"sppb-btn-block","icon":"","icon_position":"left","class":"","global_text_color":"","global_link_color":"","global_link_hover_color":"","global_use_background":0,"global_background_color":"","global_background_image":"","global_background_repeat":"no-repeat","global_background_size":"cover","global_background_attachment":"inherit","global_user_border":0,"global_border_width":"","global_border_color":"","global_boder_style":"none","global_border_radius":"","global_margin":{"md":"20px 0 0 0","sm":"   ","xs":"   "},"global_padding":{"md":"   ","sm":"   ","xs":"   "},"global_use_animation":0,"global_animation":"","global_animationduration":"300","global_animationdelay":"0","hidden_md":0,"hidden_sm":0,"hidden_xs":0,"acl":null,"button_padding":{"md":"24px 40px 24px 40px","sm":"20px 20px 20px 20px","xs":"15px 15px 15px 15px"},"use_global_width":1,"global_width":{"md":"","sm":"","xs":"50"}}}]}]},{"id":1486533016929,"visibility":true,"collapse":false,"settings":{"admin_label":"Our Best Services","title":"","heading_selector":"h3","title_fontsize":"36","title_fontweight":"300","title_text_color":"","title_margin_top":"","title_margin_bottom":"20","subtitle":"","subtitle_fontsize":"16","title_position":"sppb-text-left","columns_equal_height":"0","fullscreen":0,"no_gutter":0,"id":"","class":"","padding":{"md":"130px 0px 130px 0px","sm":"   ","xs":"50px  50px "},"margin":{"md":"0px 0px 0px 0px","sm":"   ","xs":"   "},"color":"","background_color":"rgba(250, 250, 250, 1)","background_image":"","overlay":"","background_repeat":"no-repeat","background_size":"cover","background_attachment":"fixed","background_position":"0 0","background_video":0,"background_video_mp4":"","background_video_ogv":"","hidden_xs":"","hidden_sm":"","hidden_md":"","animation":"","animationduration":"300","animationdelay":"0","columns_align_center":0,"background_parallax":0,"show_top_shape":0,"show_bottom_shape":0},"layout":"12,3,3,3,3","columns":[{"id":1486533016930,"class_name":"col-md-12","visibility":true,"settings":{},"addons":[{"id":1509710552289,"name":"heading","visibility":true,"settings":{"admin_label":"","title":"Our Best Services","heading_selector":"h2","use_link":0,"title_link":"","link_new_tab":"","title_fontsize":{"md":"36","sm":"","xs":""},"title_lineheight":"","title_letterspace":"0","title_margin":{"md":"0px 0px 20px 0px","sm":"   ","xs":"   "},"title_padding":{"md":"0px 0px 0px 0px","sm":"   ","xs":"   "},"title_icon_position":"before","alignment":"sppb-text-left","class":""}},{"id":1509710552174,"name":"heading","visibility":true,"settings":{"admin_label":"","title":"Lorem ipsum dolor sit amet, consectetur adipisicing elit, sed do","heading_selector":"h3","use_link":0,"title_link":"","link_new_tab":"","title_fontsize":{"md":"16","sm":"","xs":""},"title_lineheight":"","title_letterspace":"0","title_margin":{"md":"0px 0px 50px 0px","sm":"   ","xs":"   "},"title_padding":{"md":"0px 0px 0px 0px","sm":"   ","xs":"   "},"title_icon_position":"before","alignment":"sppb-text-left","class":"","global_use_background":0,"global_user_border":0,"global_margin":{"md":"   ","sm":"   ","xs":"   "},"global_padding":{"md":"   ","sm":"   ","xs":"   "},"global_use_animation":0,"global_text_color":"#989898","title_font_style":{"weight":400}}}]},{"id":1486533016931,"class_name":"col-md-3","visibility":true,"settings":{"default":{"background_image":"","background_repeat":"no-repeat","background_size":"cover","background_attachment":"scroll","background_position":"0 0","items_align_center":0,"boxshadow":"0 0 0 0 #fff","sm_col":"","xs_col":"","hidden_xs":"","hidden_sm":"","hidden_md":"","animationduration":"300","animationdelay":"0"},"items_align_center":0,"padding":{"md":"   ","sm":"   ","xs":"   "},"hidden_xs":0,"hidden_sm":0,"hidden_md":0,"sm_col":"col-sm-6"},"addons":[{"id":1486533565308,"name":"feature","visibility":true,"settings":{"admin_label":"","title":"Development Ideas","heading_selector":"h3","title_position":"after","title_fontsize":"16","title_lineheight":"","title_fontstyle":null,"title_letterspace":"0","title_fontweight":"","title_text_color":"","title_margin_top":"35","title_margin_bottom":"","title_url":"","url_appear":"title","feature_type":"image","feature_image":"https://sppagebuilder.com/sample-data/images/2017/02/08/services1.png","icon_name":"","icon_size":"36","icon_color":"","icon_background":"","icon_border_color":"","icon_border_width":"","icon_border_radius":"","icon_margin_top":"","icon_margin_bottom":"","icon_padding":"","text":"Lorem ipsum dolor sit amet, consectetur adipisicing elit, sed do eiusmod tempor.","alignment":"sppb-text-left","class":"","global_text_color":"","global_link_color":"","global_link_hover_color":"","global_use_background":1,"global_background_color":"rgba(255, 255, 255, 1)","global_background_image":"","global_background_repeat":"no-repeat","global_background_size":"cover","global_background_attachment":"inherit","global_user_border":0,"global_border_width":"","global_border_color":"","global_boder_style":"none","global_border_radius":"","global_margin":{"md":"0 0 30px 0","sm":"   ","xs":"   "},"global_padding":{"md":"40px 30px 30px 30px","sm":"   ","xs":"   "},"global_use_animation":1,"global_animation":"fadeIn","global_animationduration":"","global_animationdelay":"","hidden_md":"0","hidden_sm":"0","hidden_xs":"0","acl":null,"global_use_overlay":0}},{"id":1486533016959,"name":"feature","visibility":true,"settings":{"admin_label":"","title":"Marketing Strategy","heading_selector":"h3","title_position":"after","title_fontsize":"16","title_lineheight":"","title_fontstyle":null,"title_letterspace":"0","title_fontweight":"","title_text_color":"","title_margin_top":"35","title_margin_bottom":"","title_url":"","url_appear":"title","feature_type":"image","feature_image":"https://sppagebuilder.com/sample-data/images/2017/02/08/services5.png","icon_name":"","icon_size":"36","icon_color":"","icon_background":"","icon_border_color":"","icon_border_width":"","icon_border_radius":"","icon_margin_top":"","icon_margin_bottom":"","icon_padding":"","text":"Lorem ipsum dolor sit amet, consectetur adipisicing elit, sed do eiusmod tempor.","alignment":"sppb-text-left","class":"","global_text_color":"","global_link_color":"","global_link_hover_color":"","global_use_background":1,"global_background_color":"rgba(255, 255, 255, 1)","global_background_image":"","global_background_repeat":"no-repeat","global_background_size":"cover","global_background_attachment":"inherit","global_user_border":0,"global_border_width":"","global_border_color":"","global_boder_style":"none","global_border_radius":"","global_margin":{"md":"0px 0px 30px 0px","sm":"   ","xs":"   "},"global_padding":{"md":"40px 30px 30px 30px","sm":"   ","xs":"   "},"global_use_animation":1,"global_animation":"fadeIn","global_animationduration":"","global_animationdelay":"600","hidden_md":"0","hidden_sm":"0","hidden_xs":"0","acl":null,"global_use_overlay":0}}]},{"id":1486533016932,"class_name":"col-md-3","visibility":true,"settings":{"default":{"background_image":"","background_repeat":"no-repeat","background_size":"cover","background_attachment":"scroll","background_position":"0 0","items_align_center":0,"boxshadow":"0 0 0 0 #fff","sm_col":"","xs_col":"","hidden_xs":"","hidden_sm":"","hidden_md":"","animationduration":"300","animationdelay":"0"},"items_align_center":0,"padding":{"md":"   ","sm":"   ","xs":"   "},"hidden_xs":0,"hidden_sm":0,"hidden_md":0,"sm_col":"col-sm-6"},"addons":[{"id":1486533016950,"name":"feature","visibility":true,"settings":{"admin_label":"","title":"Organization","heading_selector":"h3","title_position":"after","title_fontsize":"16","title_lineheight":"","title_fontstyle":null,"title_letterspace":"0","title_fontweight":"","title_text_color":"","title_margin_top":"35","title_margin_bottom":"","title_url":"","url_appear":"title","feature_type":"image","feature_image":"https://sppagebuilder.com/sample-data/images/2017/02/08/services2.png","icon_name":"","icon_size":"36","icon_color":"","icon_background":"","icon_border_color":"","icon_border_width":"","icon_border_radius":"","icon_margin_top":"","icon_margin_bottom":"","icon_padding":"","text":"Lorem ipsum dolor sit amet, consectetur adipisicing elit, sed do eiusmod tempor.","alignment":"sppb-text-left","class":"","global_text_color":"","global_link_color":"","global_link_hover_color":"","global_use_background":1,"global_background_color":"rgba(255, 255, 255, 1)","global_background_image":"","global_background_repeat":"no-repeat","global_background_size":"cover","global_background_attachment":"inherit","global_user_border":0,"global_border_width":"","global_border_color":"","global_boder_style":"none","global_border_radius":"","global_margin":{"md":"0 0 30px 0","sm":"   ","xs":"   "},"global_padding":{"md":"40px 30px 30px 30px","sm":"   ","xs":"   "},"global_use_animation":1,"global_animation":"fadeIn","global_animationduration":"","global_animationdelay":"150","hidden_md":"0","hidden_sm":"0","hidden_xs":"0","acl":null,"global_use_overlay":0}},{"id":1486533016962,"name":"feature","visibility":true,"settings":{"admin_label":"","title":"Business Idea ","heading_selector":"h3","title_position":"after","title_fontsize":"16","title_lineheight":"","title_fontstyle":null,"title_letterspace":"0","title_fontweight":"","title_text_color":"","title_margin_top":"35","title_margin_bottom":"","title_url":"","url_appear":"title","feature_type":"image","feature_image":"https://sppagebuilder.com/sample-data/images/2017/02/08/services6.png","icon_name":"","icon_size":"36","icon_color":"","icon_background":"","icon_border_color":"","icon_border_width":"","icon_border_radius":"","icon_margin_top":"","icon_margin_bottom":"","icon_padding":"","text":"Lorem ipsum dolor sit amet, consectetur adipisicing elit, sed do eiusmod tempor.","alignment":"sppb-text-left","class":"","global_text_color":"","global_link_color":"","global_link_hover_color":"","global_use_background":1,"global_background_color":"rgba(255, 255, 255, 1)","global_background_image":"","global_background_repeat":"no-repeat","global_background_size":"cover","global_background_attachment":"inherit","global_user_border":0,"global_border_width":"","global_border_color":"","global_boder_style":"none","global_border_radius":"","global_margin":{"md":"  30px ","sm":"   ","xs":"   "},"global_padding":{"md":"40px 30px 30px 30px","sm":"   ","xs":"   "},"global_use_animation":1,"global_animation":"fadeIn","global_animationduration":"","global_animationdelay":"750","hidden_md":"0","hidden_sm":"0","hidden_xs":"0","acl":null,"global_use_overlay":0}}]},{"id":1486533016933,"class_name":"col-md-3","visibility":true,"settings":{"default":{"background_image":"","background_repeat":"no-repeat","background_size":"cover","background_attachment":"scroll","background_position":"0 0","items_align_center":0,"boxshadow":"0 0 0 0 #fff","sm_col":"","xs_col":"","hidden_xs":"","hidden_sm":"","hidden_md":"","animationduration":"300","animationdelay":"0"},"items_align_center":0,"padding":{"md":"   ","sm":"   ","xs":"   "},"hidden_xs":0,"hidden_sm":0,"hidden_md":0,"sm_col":"col-sm-6"},"addons":[{"id":1486533016953,"name":"feature","visibility":true,"settings":{"admin_label":"","title":"Advanced Analytics","heading_selector":"h3","title_position":"after","title_fontsize":"16","title_lineheight":"","title_fontstyle":null,"title_letterspace":"0","title_fontweight":"","title_text_color":"","title_margin_top":"35","title_margin_bottom":"","title_url":"","url_appear":"title","feature_type":"image","feature_image":"https://sppagebuilder.com/sample-data/images/2017/02/08/services3.png","icon_name":"","icon_size":"36","icon_color":"","icon_background":"","icon_border_color":"","icon_border_width":"","icon_border_radius":"","icon_margin_top":"","icon_margin_bottom":"","icon_padding":"","text":"Lorem ipsum dolor sit amet, consectetur adipisicing elit, sed do eiusmod tempor.","alignment":"sppb-text-left","class":"","global_text_color":"","global_link_color":"","global_link_hover_color":"","global_use_background":1,"global_background_color":"rgba(255, 255, 255, 1)","global_background_image":"","global_background_repeat":"no-repeat","global_background_size":"cover","global_background_attachment":"inherit","global_user_border":0,"global_border_width":"","global_border_color":"","global_boder_style":"none","global_border_radius":"","global_margin":{"md":"0 0 30px 0","sm":"   ","xs":"   "},"global_padding":{"md":"40px 30px 30px 30px","sm":"   ","xs":"   "},"global_use_animation":1,"global_animation":"fadeIn","global_animationduration":"","global_animationdelay":"300","hidden_md":"0","hidden_sm":"0","hidden_xs":"0","acl":null,"global_use_overlay":0}},{"id":1486533016965,"name":"feature","visibility":true,"settings":{"admin_label":"","title":"Making Money","heading_selector":"h3","title_position":"after","title_fontsize":"16","title_lineheight":"","title_fontstyle":null,"title_letterspace":"0","title_fontweight":"","title_text_color":"","title_margin_top":"35","title_margin_bottom":"","title_url":"","url_appear":"title","feature_type":"image","feature_image":"https://sppagebuilder.com/sample-data/images/2017/02/08/services7.png","icon_name":"","icon_size":"36","icon_color":"","icon_background":"","icon_border_color":"","icon_border_width":"","icon_border_radius":"","icon_margin_top":"","icon_margin_bottom":"","icon_padding":"","text":"\t\t\t\t\t\t\t\tLorem ipsum dolor sit amet, consectetur adipisicing elit, sed do eiusmod tempor.","alignment":"sppb-text-left","class":"","global_text_color":"","global_link_color":"","global_link_hover_color":"","global_use_background":1,"global_background_color":"rgba(255, 255, 255, 1)","global_background_image":"","global_background_repeat":"no-repeat","global_background_size":"cover","global_background_attachment":"inherit","global_user_border":0,"global_border_width":"","global_border_color":"","global_boder_style":"none","global_border_radius":"","global_margin":{"md":"  30px ","sm":"   ","xs":"   "},"global_padding":{"md":"40px 30px 30px 30px","sm":"   ","xs":"   "},"global_use_animation":1,"global_animation":"fadeIn","global_animationduration":"","global_animationdelay":"900","hidden_md":"0","hidden_sm":"0","hidden_xs":"0","acl":null,"global_use_overlay":0}}]},{"id":1486534628836,"class_name":"col-md-3","visibility":true,"settings":{"default":{"background_image":"","background_repeat":"no-repeat","background_size":"cover","background_attachment":"scroll","background_position":"0 0","items_align_center":0,"boxshadow":"0 0 0 0 #fff","sm_col":"","xs_col":"","hidden_xs":"","hidden_sm":"","hidden_md":"","animationduration":"300","animationdelay":"0"},"items_align_center":0,"padding":{"md":"   ","sm":"   ","xs":"   "},"hidden_xs":0,"hidden_sm":0,"hidden_md":0,"sm_col":"col-sm-6"},"addons":[{"id":1486533016956,"name":"feature","visibility":true,"settings":{"admin_label":"","title":"Performance","heading_selector":"h3","title_position":"after","title_fontsize":"16","title_lineheight":"","title_fontstyle":null,"title_letterspace":"0","title_fontweight":"","title_text_color":"","title_margin_top":"35","title_margin_bottom":"","title_url":"","url_appear":"title","feature_type":"image","feature_image":"https://sppagebuilder.com/sample-data/images/2017/02/08/services4.png","icon_name":"","icon_size":"36","icon_color":"","icon_background":"","icon_border_color":"","icon_border_width":"","icon_border_radius":"","icon_margin_top":"","icon_margin_bottom":"","icon_padding":"","text":"Lorem ipsum dolor sit amet, consectetur adipisicing elit, sed do eiusmod tempor.","alignment":"sppb-text-left","class":"","global_text_color":"","global_link_color":"","global_link_hover_color":"","global_use_background":1,"global_background_color":"rgba(255, 255, 255, 1)","global_background_image":"","global_background_repeat":"no-repeat","global_background_size":"cover","global_background_attachment":"inherit","global_user_border":0,"global_border_width":"","global_border_color":"","global_boder_style":"none","global_border_radius":"","global_margin":{"md":"0 0 30px 0","sm":"   ","xs":"   "},"global_padding":{"md":"40px 30px 30px 30px","sm":"   ","xs":"   "},"global_use_animation":1,"global_animation":"fadeIn","global_animationduration":"","global_animationdelay":"450","hidden_md":"0","hidden_sm":"0","hidden_xs":"0","acl":null,"global_use_overlay":0}},{"id":1486533016968,"name":"feature","visibility":true,"settings":{"admin_label":"","title":"Saving Money","heading_selector":"h3","title_position":"after","title_fontsize":"16","title_lineheight":"","title_fontstyle":null,"title_letterspace":"0","title_fontweight":"","title_text_color":"","title_margin_top":"35","title_margin_bottom":"","title_url":"","url_appear":"title","feature_type":"image","feature_image":"https://sppagebuilder.com/sample-data/images/2017/02/08/services8.png","icon_name":"","icon_size":"36","icon_color":"","icon_background":"","icon_border_color":"","icon_border_width":"","icon_border_radius":"","icon_margin_top":"","icon_margin_bottom":"","icon_padding":"","text":"\t\t\t\t\t\t\t\tLorem ipsum dolor sit amet, consectetur adipisicing elit, sed do eiusmod tempor.","alignment":"sppb-text-left","class":"","global_text_color":"","global_link_color":"","global_link_hover_color":"","global_use_background":1,"global_background_color":"rgba(255, 255, 255, 1)","global_background_image":"","global_background_repeat":"no-repeat","global_background_size":"cover","global_background_attachment":"inherit","global_user_border":0,"global_border_width":"","global_border_color":"","global_boder_style":"none","global_border_radius":"","global_margin":{"md":"  30px ","sm":"   ","xs":"   "},"global_padding":{"md":"40px 30px 30px 30px","sm":"   ","xs":"   "},"global_use_animation":1,"global_animation":"fadeIn","global_animationduration":"","global_animationdelay":"1050","hidden_md":"0","hidden_sm":"0","hidden_xs":"0","acl":null,"global_use_overlay":0}}]}]},{"id":1486536750537,"visibility":true,"collapse":false,"settings":{"admin_label":"Let's deliver the right solution","title":"","heading_selector":"h3","title_fontsize":"","title_fontweight":"","title_text_color":"","title_margin_top":"","title_margin_bottom":"","subtitle":"","subtitle_fontsize":"","title_position":"sppb-text-center","columns_equal_height":"0","fullscreen":0,"no_gutter":0,"id":"","class":"","padding":{"md":"130px 0px 130px 0px","sm":"   ","xs":"50px  50px "},"margin":{"md":"0px 0px 0px 0px","sm":"   ","xs":"   "},"color":"","background_color":"","background_image":"https://sppagebuilder.com/sample-data/images/2017/02/08/cta-bg2.jpg","overlay":"","background_repeat":"no-repeat","background_size":"cover","background_attachment":"inherit","background_position":"50% 50%","background_video":0,"background_video_mp4":"","background_video_ogv":"","hidden_xs":"","hidden_sm":"","hidden_md":"","animation":"fadeIn","animationduration":"","animationdelay":"","columns_align_center":0,"background_parallax":0,"show_top_shape":0,"show_bottom_shape":0},"layout":"12","columns":[{"id":1486018098901,"class_name":"col-md-12","visibility":true,"settings":{"color":"","background":"","background_image":"","overlay":"","background_repeat":"no-repeat","background_size":"cover","background_attachment":"scroll","background_position":"0 0","padding":"","class":"","sm_col":"","xs_col":"","hidden_xs":"","hidden_sm":"","hidden_md":"","animation":"","animationduration":"300","animationdelay":"0"},"addons":[{"id":1486025708586,"name":"feature","visibility":true,"settings":{"admin_label":"","title":"Let's deliver the right solution for your business.","heading_selector":"h3","title_position":"before","title_fontsize":{"md":"46","sm":"36","xs":"24"},"title_lineheight":{"md":"52","sm":"42","xs":"32"},"title_fontstyle":null,"title_letterspace":"0","title_fontweight":"700","title_text_color":"#2BD781","title_margin_top":"0","title_margin_bottom":{"md":"28","sm":"","xs":"20"},"title_url":"","url_appear":"title","feature_type":"icon","feature_image":"","icon_name":"","icon_size":"36","icon_color":"","icon_background":"","icon_border_color":"","icon_border_width":"","icon_border_radius":"","icon_margin_top":"","icon_margin_bottom":"","icon_padding":{"md":"   ","sm":"   ","xs":"   "},"text":"Lorem ipsum dolor sit amet, consectetur adipisicing elit, sed do eiusmod tempor. incididunt ut labore et dolore magna aliqua. Ut enim ad minim veniam, quis nostrud exercitation.","alignment":"sppb-text-left","class":"","global_text_color":"","global_link_color":"","global_link_hover_color":"","global_use_background":0,"global_background_color":"","global_background_image":"","global_background_repeat":"no-repeat","global_background_size":"cover","global_background_attachment":"inherit","global_user_border":0,"global_border_width":"","global_border_color":"","global_boder_style":"none","global_border_radius":"","global_margin":{"md":"0 0 30px 0","sm":"   ","xs":"   "},"global_padding":{"md":"   ","sm":"   ","xs":"   "},"global_use_animation":0,"global_animation":"","global_animationduration":"300","global_animationdelay":"0","hidden_md":0,"hidden_sm":0,"hidden_xs":0,"acl":null,"text_fontsize":{"md":"16","sm":"","xs":"14"},"text_lineheight":{"md":"26","sm":"","xs":"22"},"use_global_width":1,"global_width":{"md":"50","sm":"75","xs":"100"}}},{"id":1509952335189,"name":"button","visibility":true,"settings":{"admin_label":"Get Started Now!","text":"Contact US","alignment":"sppb-text-left","fontstyle":null,"letterspace":"0","url":"#","target":"","type":"custom","appearance":"","background_color":"#2BD781","color":"#ffffff","background_color_hover":"#28bd73","color_hover":"#ffffff","size":"","shape":"rounded","block":"","icon":"","icon_position":"left","class":"","global_text_color":"","global_link_color":"","global_link_hover_color":"","global_use_background":0,"global_background_color":"","global_background_image":"","global_background_repeat":"no-repeat","global_background_size":"cover","global_background_attachment":"inherit","global_user_border":0,"global_border_width":"","global_border_color":"","global_boder_style":"none","global_border_radius":"3","global_margin":{"md":"   ","sm":"   ","xs":"   "},"global_padding":{"md":"   ","sm":"   ","xs":"   "},"global_use_animation":0,"global_animation":"fadeInUp","global_animationduration":"","global_animationdelay":"300","hidden_md":"0","hidden_sm":"0","hidden_xs":"0","acl":null,"button_padding":{"md":"20px 40px 20px 40px","sm":"15px 15px 15px 15px","xs":"10px 15px 10px 15px"}}}]}]},{"id":1486536905119,"visibility":true,"collapse":false,"settings":{"admin_label":"","title":"","heading_selector":"h3","title_fontsize":"22","title_fontweight":"300","title_text_color":"","title_margin_top":"","title_margin_bottom":"","subtitle":"","subtitle_fontsize":"36","title_position":"sppb-text-center","columns_equal_height":"0","fullscreen":0,"no_gutter":0,"id":"","class":"","padding":{"md":"130px 0px 130px 0px","sm":"   ","xs":"50px  50px "},"margin":{"md":"0px 0px 0px 0px","sm":"   ","xs":"   "},"color":"","background_color":"","background_image":"","overlay":"","background_repeat":"no-repeat","background_size":"cover","background_attachment":"fixed","background_position":"0 0","background_video":0,"background_video_mp4":"","background_video_ogv":"","hidden_xs":"","hidden_sm":"","hidden_md":"","animation":"","animationduration":"300","animationdelay":"0","columns_align_center":0,"background_parallax":0,"show_top_shape":0,"show_bottom_shape":0},"layout":"4,4,4","columns":[{"id":1486536905120,"class_name":"col-md-4","visibility":true,"settings":{"default":{"background_image":"","background_repeat":"no-repeat","background_size":"cover","background_attachment":"scroll","background_position":"0 0","items_align_center":0,"boxshadow":"0 0 0 0 #fff","sm_col":"","xs_col":"","hidden_xs":"","hidden_sm":"","hidden_md":"","animationduration":"300","animationdelay":"0"},"items_align_center":0,"padding":{"md":"   ","sm":"   ","xs":"   "},"hidden_xs":0,"hidden_sm":0,"hidden_md":0,"sm_col":"col-sm-4"},"addons":[{"id":1486539249587,"name":"image","visibility":true,"settings":{"admin_label":"AWARD 1","title":"","heading_selector":"h3","title_fontsize":"","title_lineheight":"","title_fontstyle":null,"title_letterspace":"0","title_fontweight":"","title_text_color":"","title_margin_top":"","title_margin_bottom":"","image":"https://sppagebuilder.com/sample-data/images/2017/02/08/client-link1.png","alt_text":"Inc. 5000","position":"sppb-text-center","open_lightbox":0,"overlay_color":"rgba(119, 219, 31, 0.5)","link":"","target":"","class":"","global_text_color":"","global_link_color":"","global_link_hover_color":"","global_use_background":"0","global_background_color":"","global_background_image":"","global_background_repeat":"no-repeat","global_background_size":"cover","global_background_attachment":"inherit","global_user_border":"0","global_border_width":"","global_border_color":"","global_boder_style":"none","global_border_radius":"","global_margin":"","global_padding":"","global_use_animation":"0","global_animation":"","global_animationduration":"300","global_animationdelay":"0","hidden_md":"0","hidden_sm":"0","hidden_xs":"0","acl":null}}]},{"id":1486536905121,"class_name":"col-md-4","visibility":true,"settings":{"default":{"background_image":"","background_repeat":"no-repeat","background_size":"cover","background_attachment":"scroll","background_position":"0 0","items_align_center":0,"boxshadow":"0 0 0 0 #fff","sm_col":"","xs_col":"","hidden_xs":"","hidden_sm":"","hidden_md":"","animationduration":"300","animationdelay":"0"},"items_align_center":0,"padding":{"md":"   ","sm":"   ","xs":"   "},"hidden_xs":0,"hidden_sm":0,"hidden_md":0,"sm_col":"col-sm-4"},"addons":[{"id":1486536905137,"name":"image","visibility":true,"settings":{"admin_label":"AWARD 2","title":"","heading_selector":"h3","title_fontsize":"","title_lineheight":"","title_fontstyle":null,"title_letterspace":"0","title_fontweight":"","title_text_color":"","title_margin_top":"","title_margin_bottom":"","image":"https://sppagebuilder.com/sample-data/images/2017/02/08/client-link2.png","alt_text":"Inc. 5000","position":"sppb-text-center","open_lightbox":0,"overlay_color":"rgba(119, 219, 31, 0.5)","link":"","target":"","class":"","global_text_color":"","global_link_color":"","global_link_hover_color":"","global_use_background":"0","global_background_color":"","global_background_image":"","global_background_repeat":"no-repeat","global_background_size":"cover","global_background_attachment":"inherit","global_user_border":"0","global_border_width":"","global_border_color":"","global_boder_style":"none","global_border_radius":"","global_margin":"","global_padding":"","global_use_animation":"0","global_animation":"","global_animationduration":"300","global_animationdelay":"0","hidden_md":"0","hidden_sm":"0","hidden_xs":"0","acl":null}}]},{"id":1486536905122,"class_name":"col-md-4","visibility":true,"settings":{"default":{"background_image":"","background_repeat":"no-repeat","background_size":"cover","background_attachment":"scroll","background_position":"0 0","items_align_center":0,"boxshadow":"0 0 0 0 #fff","sm_col":"","xs_col":"","hidden_xs":"","hidden_sm":"","hidden_md":"","animationduration":"300","animationdelay":"0"},"items_align_center":0,"padding":{"md":"   ","sm":"   ","xs":"   "},"hidden_xs":0,"hidden_sm":0,"hidden_md":0,"sm_col":"col-sm-4"},"addons":[{"id":1486536905140,"name":"image","visibility":true,"settings":{"admin_label":"AWARD 3","title":"","heading_selector":"h3","title_fontsize":"","title_lineheight":"","title_fontstyle":null,"title_letterspace":"0","title_fontweight":"","title_text_color":"","title_margin_top":"","title_margin_bottom":"","image":"https://sppagebuilder.com/sample-data/images/2017/02/08/client-link3.png","alt_text":"Inc. 5000","position":"sppb-text-center","open_lightbox":0,"overlay_color":"rgba(119, 219, 31, 0.5)","link":"","target":"","class":"","global_text_color":"","global_link_color":"","global_link_hover_color":"","global_use_background":"0","global_background_color":"","global_background_image":"","global_background_repeat":"no-repeat","global_background_size":"cover","global_background_attachment":"inherit","global_user_border":"0","global_border_width":"","global_border_color":"","global_boder_style":"none","global_border_radius":"","global_margin":"","global_padding":"","global_use_animation":"0","global_animation":"","global_animationduration":"300","global_animationdelay":"0","hidden_md":"0","hidden_sm":"0","hidden_xs":"0","acl":null}}]}]}]