[{"id":1486623834338,"visibility":true,"collapse":false,"settings":{"admin_label":"Hero Section","title":"","heading_selector":"h3","title_fontsize":"85","title_fontweight":"700","title_text_color":"","title_margin_top":"","title_margin_bottom":"","subtitle":"","subtitle_fontsize":"60","title_position":"sppb-text-center","columns_equal_height":"0","fullscreen":0,"no_gutter":0,"id":"","class":"","padding":{"md":"200px 0px 200px 0px","sm":"   ","xs":"80px  80px "},"margin":{"md":"0px 0px 0px 0px","sm":"   ","xs":"   "},"color":"#FFFFFF","background_color":"#404040","background_image":"https://sppagebuilder.com/sample-data/images/2017/02/09/constructor-hero.jpg","overlay":"","background_repeat":"no-repeat","background_size":"cover","background_attachment":"inherit","background_position":"50% 50%","background_video":0,"background_video_mp4":"","background_video_ogv":"","hidden_xs":"","hidden_sm":"","hidden_md":"","animation":"","animationduration":"300","animationdelay":"0","columns_align_center":0,"background_parallax":0,"show_top_shape":0,"show_bottom_shape":0},"layout":"12","columns":[{"id":1485942005422,"class_name":"col-md-12","visibility":true,"settings":{},"addons":[{"id":1509953234952,"name":"heading","visibility":true,"settings":{"admin_label":"","title":"We Have Everything","heading_selector":"h2","use_link":0,"title_link":"","link_new_tab":"","title_fontsize":{"md":"84","sm":"72","xs":"36"},"title_lineheight":{"md":"84","sm":"72","xs":"42"},"title_letterspace":"0","title_margin":{"md":"0px 0px 30px 0px","sm":"0px 0px 20px 0px","xs":"0px 0px 10px 0px"},"title_padding":{"md":"0px 0px 0px 0px","sm":"   ","xs":"   "},"title_icon_position":"before","alignment":"sppb-text-center","class":"","title_font_style":{"weight":700},"global_use_background":0,"global_user_border":0,"global_margin":{"md":"   ","sm":"   ","xs":"   "},"global_padding":{"md":"   ","sm":"   ","xs":"   "},"global_use_animation":0,"global_animation":"","global_animationduration":"300"}},{"id":1509952958432,"name":"heading","visibility":true,"settings":{"admin_label":"","title":"To Build Your Dream","heading_selector":"h2","use_link":0,"title_link":"","link_new_tab":"","title_fontsize":{"md":"56","sm":"48","xs":"28"},"title_lineheight":{"md":"56","sm":"48","xs":"36"},"title_letterspace":"0","title_margin":{"md":"0px 0px 50px 0px","sm":"0px 0px 50px 0px","xs":"0px 0px 30px 0px"},"title_padding":{"md":"0px 0px 0px 0px","sm":"   ","xs":"   "},"title_icon_position":"before","alignment":"sppb-text-center","class":"","title_font_style":{"weight":700},"global_use_background":0,"global_user_border":0,"global_margin":{"md":"   ","sm":"   ","xs":"   "},"global_padding":{"md":"   ","sm":"   ","xs":"   "},"global_use_animation":0,"global_animation":"fadeInUp","global_animationduration":"200","global_animationdelay":"100"}},{"id":1509952958004,"name":"button","visibility":true,"settings":{"admin_label":"","text":"Learn More","alignment":"sppb-text-center","letterspace":"2px","type":"custom","appearance":"","background_color":"#FFBE23","color":"#000000","background_color_hover":"#ffffff","color_hover":"#000000","button_padding":{"md":"20px 60px 20px 60px","sm":"20px 40px 20px 40px","xs":"10px 30px 10px 30px"},"icon_position":"left","class":"","global_margin":{"md":"   ","sm":"   ","xs":"   "},"global_padding":{"md":"   ","sm":"   ","xs":"   "},"global_use_background":0,"global_use_overlay":0,"url":"#","shape":"round","font_style":{"weight":500},"size":"lg","global_user_border":0,"global_use_animation":0,"global_animation":"fadeInUp","global_animationduration":"300","global_animationdelay":"600"}}]}]},{"id":1486628730869,"visibility":true,"collapse":false,"settings":{"admin_label":"Our’s Achievement","title":"","heading_selector":"h3","title_fontsize":"","title_fontweight":"","title_text_color":"","title_margin_top":"","title_margin_bottom":"","subtitle":"","subtitle_fontsize":"","title_position":"sppb-text-center","columns_equal_height":"0","fullscreen":0,"no_gutter":0,"id":"","class":"","padding":{"md":"140px 0px 143px 0px","sm":"   ","xs":"50px  50px "},"margin":{"md":"0px 0px 0px 0px","sm":"   ","xs":"   "},"color":"","background_color":"","background_image":"https://sppagebuilder.com/sample-data/images/2017/02/09/construction-image.jpg","overlay":"","background_repeat":"no-repeat","background_size":"cover","background_attachment":"inherit","background_position":"0 100%","background_video":0,"background_video_mp4":"","background_video_ogv":"","hidden_xs":"","hidden_sm":"","hidden_md":"","animation":"","animationduration":"300","animationdelay":"0","columns_align_center":0,"background_parallax":0,"show_top_shape":0,"show_bottom_shape":0},"layout":"6,6","columns":[{"id":1486628730870,"class_name":"col-md-6","visibility":true,"settings":{},"addons":[]},{"id":1486628730871,"class_name":"col-md-6","visibility":true,"settings":{"color":"","background":"","background_image":"","overlay":"","background_repeat":"no-repeat","background_size":"cover","background_attachment":"scroll","background_position":"0 0","padding":{"md":"   ","sm":"   ","xs":"   "},"class":"","sm_col":"","xs_col":"","hidden_xs":"","hidden_sm":"","hidden_md":"","animation":"","animationduration":"300","animationdelay":"0"},"addons":[{"id":1486629508205,"name":"heading","visibility":true,"settings":{"admin_label":"","title":"Our’s Achievement","heading_selector":"h2","use_link":0,"title_link":"","link_new_tab":"0","title_fontsize":{"md":"45","sm":"","xs":"30"},"title_fontstyle":["bold"],"title_lineheight":"","title_letterspace":"0","title_margin":{"md":"0px 0px 0px 0px","sm":"   ","xs":"   "},"title_padding":{"md":"0px 0px 0px 0px","sm":"   ","xs":"   "},"alignment":"sppb-text-left","class":"","global_text_color":"","global_link_color":"","global_link_hover_color":"","global_use_background":0,"global_background_color":"","global_background_image":"","global_background_repeat":"no-repeat","global_background_size":"cover","global_background_attachment":"inherit","global_user_border":0,"global_border_width":"","global_border_color":"","global_boder_style":"none","global_border_radius":"","global_margin":{"md":"0 0 42px 0","sm":"  10px ","xs":"  10px "},"global_padding":{"md":"   ","sm":"   ","xs":"   "},"global_use_animation":0,"global_animation":"","global_animationduration":"300","global_animationdelay":"0","hidden_md":"0","hidden_sm":"0","hidden_xs":"0","acl":null}},{"id":1486629622719,"name":"text_block","visibility":true,"settings":{"admin_label":"","title":"<strong>3570+</strong> Project Completed All <br>Over the world.","heading_selector":"h3","title_fontsize":{"md":"36","sm":"","xs":"22"},"title_lineheight":{"md":"48","sm":"","xs":"30"},"title_fontstyle":null,"title_letterspace":"0","title_fontweight":"300","title_text_color":"","title_margin_top":"","title_margin_bottom":"15","text":"Lorem ipsum dolor sit amet, consectetur adipisicing elit, sed do eiusmod tempor incididunt ut labore et dolore magna aliqua. Ut enim ad minim veniam, quis nostrud exercitation.","alignment":"sppb-text-left","class":"","global_text_color":"","global_link_color":"","global_link_hover_color":"","global_use_background":0,"global_background_color":"","global_background_image":"","global_background_repeat":"no-repeat","global_background_size":"cover","global_background_attachment":"inherit","global_user_border":0,"global_border_width":"","global_border_color":"","global_boder_style":"none","global_border_radius":"","global_margin":{"md":"   ","sm":"   ","xs":"   "},"global_padding":{"md":"   ","sm":"   ","xs":"   "},"global_use_animation":0,"global_animation":"","global_animationduration":"300","global_animationdelay":"0","hidden_md":"0","hidden_sm":"0","hidden_xs":"0","acl":null,"dropcap":0}},{"id":1486628730884,"type":"inner_row","settings":{"admin_label":"","title":"","heading_selector":"h3","title_fontsize":"","title_fontweight":"","title_text_color":"","title_margin_top":"","title_margin_bottom":"","subtitle":"","subtitle_fontsize":"","title_position":"sppb-text-center","columns_equal_height":"0","fullscreen":0,"no_gutter":0,"id":"","class":"","padding":{"md":"50px 0px 0px 0px","sm":"   ","xs":"20px   "},"margin":{"md":"0px 0px 0px 0px","sm":"   ","xs":"   "},"color":"","background_color":"","background_image":"","overlay":"","background_repeat":"no-repeat","background_size":"cover","background_attachment":"fixed","background_position":"0 0","background_video":0,"background_video_mp4":"","background_video_ogv":"","hidden_xs":"","hidden_sm":"","hidden_md":"","animation":"","animationduration":"300","animationdelay":"0","columns_align_center":0,"background_parallax":0,"show_top_shape":0,"show_bottom_shape":0},"layout":"4,4,4","visibility":true,"columns":[{"id":1486628730885,"class_name":"col-md-4","visibility":true,"settings":{"default":{"background_image":"","background_repeat":"no-repeat","background_size":"cover","background_attachment":"scroll","background_position":"0 0","items_align_center":0,"boxshadow":"0 0 0 0 #fff","sm_col":"","xs_col":"","hidden_xs":"","hidden_sm":"","hidden_md":"","animationduration":"300","animationdelay":"0"},"items_align_center":0,"padding":{"md":"   ","sm":"   ","xs":"   "},"hidden_xs":0,"hidden_sm":0,"hidden_md":0,"sm_col":"col-sm-4"},"addons":[{"id":1486629984164,"name":"animated_number","visibility":true,"settings":{"admin_label":"Clients","number":"2315","duration":"1000","font_size":{"md":"63","sm":"55","xs":"40"},"color":"","counter_title":"Clients","title_font_size":"15","alignment":"sppb-text-left","class":"","global_text_color":"","global_link_color":"","global_link_hover_color":"","global_use_background":0,"global_background_color":"","global_background_image":"","global_background_repeat":"no-repeat","global_background_size":"cover","global_background_attachment":"inherit","global_user_border":0,"global_border_width":"","global_border_color":"","global_boder_style":"none","global_border_radius":"","global_margin":{"md":"   ","sm":"   ","xs":"  20px "},"global_padding":{"md":"   ","sm":"   ","xs":"   "},"global_use_animation":0,"global_animation":"","global_animationduration":"300","global_animationdelay":"0","hidden_md":"0","hidden_sm":"0","hidden_xs":"0","acl":null}}]},{"id":1486628730888,"class_name":"col-md-4","visibility":true,"settings":{"default":{"background_image":"","background_repeat":"no-repeat","background_size":"cover","background_attachment":"scroll","background_position":"0 0","items_align_center":0,"boxshadow":"0 0 0 0 #fff","sm_col":"","xs_col":"","hidden_xs":"","hidden_sm":"","hidden_md":"","animationduration":"300","animationdelay":"0"},"items_align_center":0,"padding":{"md":"   ","sm":"   ","xs":"   "},"hidden_xs":0,"hidden_sm":0,"hidden_md":0,"sm_col":"col-sm-4"},"addons":[{"id":1486628730898,"name":"animated_number","visibility":true,"settings":{"admin_label":"Members","number":"3043","duration":"1000","font_size":{"md":"63","sm":"55","xs":"40"},"color":"","counter_title":"Members","title_font_size":"15","alignment":"sppb-text-left","class":"","global_text_color":"","global_link_color":"","global_link_hover_color":"","global_use_background":0,"global_background_color":"","global_background_image":"","global_background_repeat":"no-repeat","global_background_size":"cover","global_background_attachment":"inherit","global_user_border":0,"global_border_width":"","global_border_color":"","global_boder_style":"none","global_border_radius":"","global_margin":{"md":"   ","sm":"   ","xs":"  20px "},"global_padding":{"md":"   ","sm":"   ","xs":"   "},"global_use_animation":0,"global_animation":"","global_animationduration":"300","global_animationdelay":"0","hidden_md":"0","hidden_sm":"0","hidden_xs":"0","acl":null}}]},{"id":1486628730889,"class_name":"col-md-4","visibility":true,"settings":{"default":{"background_image":"","background_repeat":"no-repeat","background_size":"cover","background_attachment":"scroll","background_position":"0 0","items_align_center":0,"boxshadow":"0 0 0 0 #fff","sm_col":"","xs_col":"","hidden_xs":"","hidden_sm":"","hidden_md":"","animationduration":"300","animationdelay":"0"},"items_align_center":0,"padding":{"md":"   ","sm":"   ","xs":"   "},"hidden_xs":0,"hidden_sm":0,"hidden_md":0,"sm_col":"col-sm-4"},"addons":[{"id":1486628730903,"name":"animated_number","visibility":true,"settings":{"admin_label":"Awards","number":"125","duration":"1000","font_size":{"md":"63","sm":"55","xs":"40"},"color":"","counter_title":"Awards","title_font_size":"15","alignment":"sppb-text-left","class":"","global_text_color":"","global_link_color":"","global_link_hover_color":"","global_use_background":"0","global_background_color":"","global_background_image":"","global_background_repeat":"no-repeat","global_background_size":"cover","global_background_attachment":"inherit","global_user_border":"0","global_border_width":"","global_border_color":"","global_boder_style":"none","global_border_radius":"","global_margin":"","global_padding":"","global_use_animation":"0","global_animation":"","global_animationduration":"300","global_animationdelay":"0","hidden_md":"0","hidden_sm":"0","hidden_xs":"0","acl":null}}]}]}]}]},{"id":1486631488483,"visibility":true,"collapse":false,"settings":{"admin_label":"Our Services","title":"","heading_selector":"h3","title_fontsize":"","title_fontweight":"","title_text_color":"","title_margin_top":"","title_margin_bottom":"","subtitle":"","subtitle_fontsize":"","title_position":"sppb-text-center","columns_equal_height":"0","fullscreen":1,"no_gutter":1,"id":"","class":"","padding":"0px 0px 0px 0px","margin":"0px 0px 0px 0px","color":"rgba(255, 255, 255, 1)","background_color":"","background_image":"","overlay":"","background_repeat":"no-repeat","background_size":"cover","background_attachment":"fixed","background_position":"0 0","background_video":"0","background_video_mp4":"","background_video_ogv":"","hidden_xs":"","hidden_sm":"","hidden_md":"","animation":"","animationduration":"300","animationdelay":"0","columns_align_center":0},"layout":"4,4,4","columns":[{"id":1486544439316,"class_name":"col-md-4","visibility":true,"settings":{"color":"","background":"rgba(255, 198, 61, 1)","background_image":"","overlay":"","background_repeat":"no-repeat","background_size":"cover","background_attachment":"inherit","background_position":"50% 50%","padding":{"md":"115px 50px 100px 50px","sm":"50px 50px 50px 50px","xs":"30px 30px 30px 30px"},"class":"","sm_col":"","xs_col":"","hidden_xs":"","hidden_sm":"","hidden_md":"","animation":"","animationduration":"300","animationdelay":"0","items_align_center":0},"addons":[{"id":1486545101166,"name":"feature","visibility":true,"settings":{"admin_label":"","title":"Construction","heading_selector":"h3","title_position":"left","title_fontsize":{"md":"24","sm":"","xs":"20"},"title_lineheight":"","title_fontstyle":["uppercase","bold"],"title_letterspace":"1px","title_fontweight":"","title_text_color":"","title_margin_top":"0","title_margin_bottom":{"md":"20","sm":"","xs":"10"},"title_url":"","url_appear":"title","feature_type":"image","feature_image":"https://sppagebuilder.com/sample-data/images/2017/02/09/svg-icon1.png","icon_name":"","icon_size":"36","icon_color":"","icon_background":"","icon_border_color":"","icon_border_width":"","icon_border_radius":"","icon_margin_top":"","icon_margin_bottom":"","icon_padding":"","text":"Lorem ipsum dolor sit amet, consectetur adipisicing elit, sed do eiusmod tempor.","alignment":"sppb-text-left","class":"","global_text_color":"","global_link_color":"","global_link_hover_color":"","global_use_background":"0","global_background_color":"","global_background_image":"","global_background_repeat":"no-repeat","global_background_size":"cover","global_background_attachment":"inherit","global_user_border":"0","global_border_width":"","global_border_color":"","global_boder_style":"none","global_border_radius":"","global_margin":"0 0 15px 0","global_padding":"","global_use_animation":"0","global_animation":"","global_animationduration":"300","global_animationdelay":"0","hidden_md":"0","hidden_sm":"0","hidden_xs":"0","acl":null}}]},{"id":1486544439317,"class_name":"col-md-4","visibility":true,"settings":{"color":"","background":"rgba(255, 190, 35, 1)","background_image":"","overlay":"","background_repeat":"no-repeat","background_size":"cover","background_attachment":"inherit","background_position":"50% 50%","padding":{"md":"115px 50px 100px 50px","sm":"50px 50px 50px 50px","xs":"30px 30px 30px 30px"},"class":"","sm_col":"","xs_col":"","hidden_xs":"","hidden_sm":"","hidden_md":"","animation":"","animationduration":"300","animationdelay":"0","items_align_center":0},"addons":[{"id":1486632962520,"name":"feature","visibility":true,"settings":{"admin_label":"","title":"Architecture","heading_selector":"h3","title_position":"left","title_fontsize":{"md":"24","sm":"","xs":"20"},"title_lineheight":"","title_fontstyle":["uppercase","bold"],"title_letterspace":"1px","title_fontweight":"","title_text_color":"","title_margin_top":"0","title_margin_bottom":{"md":"20","sm":"","xs":"10"},"title_url":"","url_appear":"title","feature_type":"image","feature_image":"https://sppagebuilder.com/sample-data/images/2017/02/09/svg-icon2.png","icon_name":"","icon_size":"36","icon_color":"","icon_background":"","icon_border_color":"","icon_border_width":"","icon_border_radius":"","icon_margin_top":"","icon_margin_bottom":"","icon_padding":"","text":"Lorem ipsum dolor sit amet, consectetur adipisicing elit, sed do eiusmod tempor.","alignment":"sppb-text-left","class":"","global_text_color":"","global_link_color":"","global_link_hover_color":"","global_use_background":"0","global_background_color":"","global_background_image":"","global_background_repeat":"no-repeat","global_background_size":"cover","global_background_attachment":"inherit","global_user_border":"0","global_border_width":"","global_border_color":"","global_boder_style":"none","global_border_radius":"","global_margin":"0 0 15px 0","global_padding":"","global_use_animation":"0","global_animation":"","global_animationduration":"300","global_animationdelay":"0","hidden_md":"0","hidden_sm":"0","hidden_xs":"0","acl":null}}]},{"id":1486544439318,"class_name":"col-md-4","visibility":true,"settings":{"color":"","background":"rgba(253, 181, 9, 1)","background_image":"","overlay":"","background_repeat":"no-repeat","background_size":"cover","background_attachment":"inherit","background_position":"0 0","padding":{"md":"115px 50px 100px 50px","sm":"50px 50px 50px 50px","xs":"30px 30px 30px 30px"},"class":"","sm_col":"","xs_col":"","hidden_xs":"","hidden_sm":"","hidden_md":"","animation":"","animationduration":"300","animationdelay":"0","items_align_center":0},"addons":[{"id":1486632962517,"name":"feature","visibility":true,"settings":{"admin_label":"","title":"Interior Design","heading_selector":"h3","title_position":"left","title_fontsize":{"md":"24","sm":"","xs":"20"},"title_lineheight":"","title_fontstyle":["uppercase","bold"],"title_letterspace":"1px","title_fontweight":"","title_text_color":"","title_margin_top":"0","title_margin_bottom":{"md":"20","sm":"","xs":"10"},"title_url":"","url_appear":"title","feature_type":"image","feature_image":"https://sppagebuilder.com/sample-data/images/2017/02/09/svg-icon3.png","icon_name":"","icon_size":"36","icon_color":"","icon_background":"","icon_border_color":"","icon_border_width":"","icon_border_radius":"","icon_margin_top":"","icon_margin_bottom":"","icon_padding":"","text":"Lorem ipsum dolor sit amet, consectetur adipisicing elit, sed do eiusmod tempor.","alignment":"sppb-text-left","class":"","global_text_color":"","global_link_color":"","global_link_hover_color":"","global_use_background":"0","global_background_color":"","global_background_image":"","global_background_repeat":"no-repeat","global_background_size":"cover","global_background_attachment":"inherit","global_user_border":"0","global_border_width":"","global_border_color":"","global_boder_style":"none","global_border_radius":"","global_margin":"0 0 15px 0","global_padding":"","global_use_animation":"0","global_animation":"","global_animationduration":"300","global_animationdelay":"0","hidden_md":"0","hidden_sm":"0","hidden_xs":"0","acl":null}}]}]},{"id":1486633810545,"visibility":true,"collapse":false,"settings":{"admin_label":"Our Projects","title":"","heading_selector":"h3","title_fontsize":"","title_fontweight":"","title_text_color":"","title_margin_top":"","title_margin_bottom":"","subtitle":"","subtitle_fontsize":"","title_position":"sppb-text-center","columns_equal_height":"0","fullscreen":"0","no_gutter":"0","id":"","class":"","padding":{"md":"130px 0px 0px 0px","sm":"   ","xs":"50px   "},"margin":{"md":"0px 0px 0px 0px","sm":"   ","xs":"   "},"color":"","background_color":"","background_image":"","overlay":"","background_repeat":"no-repeat","background_size":"cover","background_attachment":"fixed","background_position":"0 0","background_video":0,"background_video_mp4":"","background_video_ogv":"","hidden_xs":"","hidden_sm":"","hidden_md":"","animation":"","animationduration":"300","animationdelay":"0","columns_align_center":0,"background_parallax":0,"show_top_shape":0,"show_bottom_shape":0},"layout":"12","columns":[{"id":1486633810546,"class_name":"col-md-12","visibility":true,"settings":{"color":"","background":"","background_image":"","overlay":"","background_repeat":"no-repeat","background_size":"cover","background_attachment":"scroll","background_position":"0 0","padding":{"md":"   ","sm":"   ","xs":"   "},"class":"","sm_col":"","xs_col":"","hidden_xs":"","hidden_sm":"","hidden_md":"","animation":"","animationduration":"300","animationdelay":"0","items_align_center":0},"addons":[{"id":1509960450308,"name":"heading","visibility":true,"settings":{"admin_label":"","title":"Our Feature Project","heading_selector":"h2","use_link":0,"title_link":"","link_new_tab":"","title_fontsize":{"md":"46","sm":"","xs":"35"},"title_lineheight":"","title_letterspace":"0","title_margin":{"md":"0px 0px 20px 0px","sm":"   ","xs":"   "},"title_padding":{"md":"0px 0px 0px 0px","sm":"   ","xs":"   "},"title_icon_position":"before","alignment":"sppb-text-center","class":"","title_font_style":{"weight":700},"use_global_width":0,"hidden_md":0,"hidden_sm":0,"hidden_xs":0}},{"id":1509954739145,"name":"heading","visibility":true,"settings":{"admin_label":"","title":"The comments below are just a sample of the 22.500 clients worldwide","heading_selector":"div","use_link":0,"title_link":"","link_new_tab":"","title_fontsize":{"md":"16","sm":"","xs":""},"title_lineheight":{"md":"28","sm":"","xs":""},"title_letterspace":"0","title_margin":{"md":"0px 0px 20px 0px","sm":"   ","xs":"   "},"title_padding":{"md":"0px 0px 0px 0px","sm":"   ","xs":"   "},"title_icon_position":"before","alignment":"sppb-text-center","class":"","title_font_style":{"weight":""}}}]}]},{"id":1509970989823,"visibility":true,"collapse":false,"settings":{"default":{"admin_label":"","title":"","heading_selector":"h3","title_fontsize":"","title_fontweight":"","title_position":"sppb-text-center","columns_align_center":0,"fullscreen":0,"no_gutter":0,"padding":"50px 0px 50px 0px","margin":"0px 0px 0px 0px","background_image":"","background_parallax":"0","background_repeat":"no-repeat","background_size":"cover","background_attachment":"fixed","background_position":"0 0","background_video":"0","external_background_video":"0","show_top_shape":"","shape_name":"clouds-flat","shape_color":"#e5e5e5","shape_width":{"md":100,"sm":100,"xs":100},"shape_height":"","shape_flip":false,"shape_invert":false,"shape_to_front":false,"show_bottom_shape":"","bottom_shape_name":"clouds-opacity","bottom_shape_color":"#e5e5e5","bottom_shape_width":{"md":100,"sm":100,"xs":100},"bottom_shape_height":"","bottom_shape_flip":false,"bottom_shape_invert":false,"bottom_shape_to_front":false,"hidden_xs":"","hidden_sm":"","hidden_md":"","animationduration":"300","animationdelay":"0"},"columns_align_center":0,"fullscreen":0,"no_gutter":1,"padding":{"md":"35px 0px 35px 0px","sm":"   ","xs":"10px   "},"margin":{"md":"   ","sm":"   ","xs":"   "},"background_parallax":0,"background_video":0,"show_top_shape":0,"show_bottom_shape":0},"layout":"6,6","columns":[{"id":1509970989824,"class_name":"col-md-6","visibility":true,"settings":{"default":{"background_image":"","background_repeat":"no-repeat","background_size":"cover","background_attachment":"scroll","background_position":"0 0","boxshadow":"0 0 0 0 #fff","sm_col":"","xs_col":"","hidden_xs":"","hidden_sm":"","hidden_md":"","animationduration":"300","animationdelay":"0"}},"addons":[{"id":1509970989825,"name":"image","visibility":true,"settings":{"admin_label":"Idea Center","title":"","heading_selector":"h3","title_fontsize":"","title_lineheight":"","title_fontstyle":null,"title_letterspace":"0","title_fontweight":"","title_text_color":"","title_margin_top":"","title_margin_bottom":"","image":"https://sppagebuilder.com/sample-data/images/2017/02/09/project1.jpg","alt_text":"Project image","position":"sppb-text-center","open_lightbox":0,"overlay_color":"rgba(119, 219, 31, 0.5)","link":"","target":"","class":"","global_text_color":"","global_link_color":"","global_link_hover_color":"","global_use_background":"0","global_background_color":"","global_background_image":"","global_background_repeat":"no-repeat","global_background_size":"cover","global_background_attachment":"inherit","global_user_border":"0","global_border_width":"","global_border_color":"","global_boder_style":"none","global_border_radius":"","global_margin":"","global_padding":"","global_use_animation":"0","global_animation":"","global_animationduration":"300","global_animationdelay":"0","hidden_md":"0","hidden_sm":"0","hidden_xs":"0","acl":null}}]},{"id":1509970989826,"class_name":"col-md-6","visibility":true,"settings":{"default":{"background_image":"","background_repeat":"no-repeat","background_size":"cover","background_attachment":"scroll","background_position":"0 0","boxshadow":"0 0 0 0 #fff","sm_col":"","xs_col":"","hidden_xs":"","hidden_sm":"","hidden_md":"","animationduration":"300","animationdelay":"0"},"padding":{"md":"30px 30px 30px 30px","sm":"   ","xs":"   "},"background":"#F5F5F5","hidden_xs":0,"hidden_sm":0,"hidden_md":0,"items_align_center":1},"addons":[{"id":1509970989827,"name":"text_block","visibility":true,"settings":{"admin_label":"","title":"Hotel Rajmi","heading_selector":"h3","title_fontsize":{"md":"24","sm":"","xs":"20"},"title_lineheight":"","title_fontstyle":["uppercase"],"title_letterspace":"0","title_fontweight":"700","title_text_color":"","title_margin_top":{"md":"0","sm":"","xs":""},"title_margin_bottom":{"md":"30","sm":"","xs":"10"},"text":"<strong>Project :</strong> Under Construction<br /> <strong>Handover Date:</strong> 28 Jan, 2018 <br /><strong>Budget:</strong> $50,00,000<br /><br />Lorem ipsum dolor sit amet, consectetur adipisicing elit, sed do eiusmod tempor incididunt ut labore et dolore magna aliqua.","alignment":"sppb-text-left","class":"","global_text_color":"","global_link_color":"","global_link_hover_color":"","global_use_background":"0","global_background_color":"","global_background_image":"","global_background_repeat":"no-repeat","global_background_size":"cover","global_background_attachment":"inherit","global_user_border":"0","global_border_width":"","global_border_color":"","global_boder_style":"none","global_border_radius":"","global_margin":"","global_padding":"","global_use_animation":"0","global_animation":"","global_animationduration":"300","global_animationdelay":"0","hidden_md":"0","hidden_sm":"0","hidden_xs":"0","acl":null,"dropcap":0,"text_fontsize":{"md":"16","sm":"","xs":"14"},"text_lineheight":{"md":"26","sm":"","xs":""},"title_font_style":{"uppercase":true,"weight":700}}},{"id":1509970989828,"name":"button","visibility":true,"settings":{"admin_label":"","text":"Read More","alignment":"sppb-text-left","fontstyle":["uppercase","bold"],"letterspace":"1px","url":"#","target":"","type":"custom","appearance":"","background_color":"","color":"rgba(34, 34, 34, 1)","background_color_hover":"","color_hover":"rgba(0, 0, 0, 1)","size":"","shape":"rounded","block":"","icon":"fa-caret-right","icon_position":"right","class":"","global_text_color":"","global_link_color":"","global_link_hover_color":"","global_use_background":"0","global_background_color":"","global_background_image":"","global_background_repeat":"no-repeat","global_background_size":"cover","global_background_attachment":"inherit","global_user_border":"0","global_border_width":"","global_border_color":"","global_boder_style":"none","global_border_radius":"","global_margin":"20px 0 0 -15px","global_padding":"","global_use_animation":"0","global_animation":"","global_animationduration":"300","global_animationdelay":"0","hidden_md":"0","hidden_sm":"0","hidden_xs":"0","acl":null}}]}]},{"id":1509954739180,"visibility":true,"collapse":false,"settings":{"default":{"admin_label":"","title":"","heading_selector":"h3","title_fontsize":"","title_fontweight":"","title_position":"sppb-text-center","columns_align_center":0,"fullscreen":0,"no_gutter":0,"padding":"50px 0px 50px 0px","margin":"0px 0px 0px 0px","background_image":"","background_parallax":"0","background_repeat":"no-repeat","background_size":"cover","background_attachment":"fixed","background_position":"0 0","background_video":"0","external_background_video":"0","show_top_shape":"","shape_name":"clouds-flat","shape_color":"#e5e5e5","shape_width":{"md":100,"sm":100,"xs":100},"shape_height":"","shape_flip":false,"shape_invert":false,"shape_to_front":false,"show_bottom_shape":"","bottom_shape_name":"clouds-opacity","bottom_shape_color":"#e5e5e5","bottom_shape_width":{"md":100,"sm":100,"xs":100},"bottom_shape_height":"","bottom_shape_flip":false,"bottom_shape_invert":false,"bottom_shape_to_front":false,"hidden_xs":"","hidden_sm":"","hidden_md":"","animationduration":"300","animationdelay":"0"},"columns_align_center":0,"fullscreen":0,"no_gutter":1,"padding":{"md":"35px 0px 35px 0px","sm":"   ","xs":"   "},"margin":{"md":"   ","sm":"   ","xs":"   "},"background_parallax":0,"background_video":0,"show_top_shape":0,"show_bottom_shape":0},"layout":"6,6","columns":[{"id":1509954739179,"class_name":"col-md-6","visibility":true,"settings":{"default":{"background_image":"","background_repeat":"no-repeat","background_size":"cover","background_attachment":"scroll","background_position":"0 0","boxshadow":"0 0 0 0 #fff","sm_col":"","xs_col":"","hidden_xs":"","hidden_sm":"","hidden_md":"","animationduration":"300","animationdelay":"0"},"padding":{"md":"30px 30px 30px 30px","sm":"   ","xs":"   "},"background":"#F5F5F5","hidden_xs":0,"hidden_sm":0,"hidden_md":0,"items_align_center":1},"addons":[{"id":1509971086575,"name":"text_block","visibility":true,"settings":{"admin_label":"","title":"Park House","heading_selector":"h3","title_fontsize":{"md":"24","sm":"","xs":"20"},"title_lineheight":"","title_fontstyle":["uppercase"],"title_letterspace":"0","title_fontweight":"700","title_text_color":"","title_margin_top":{"md":"0","sm":"","xs":""},"title_margin_bottom":{"md":"30","sm":"","xs":"10"},"text":"<strong>Project :</strong> Under Construction<br /> <strong>Handover Date:</strong> 28 Jan, 2018 <br /><strong>Budget:</strong> $50,00,000<br /><br />Lorem ipsum dolor sit amet, consectetur adipisicing elit, sed do eiusmod tempor incididunt ut labore et dolore magna aliqua.","alignment":"sppb-text-left","class":"","global_text_color":"","global_link_color":"","global_link_hover_color":"","global_use_background":"0","global_background_color":"","global_background_image":"","global_background_repeat":"no-repeat","global_background_size":"cover","global_background_attachment":"inherit","global_user_border":"0","global_border_width":"","global_border_color":"","global_boder_style":"none","global_border_radius":"","global_margin":"","global_padding":"","global_use_animation":"0","global_animation":"","global_animationduration":"300","global_animationdelay":"0","hidden_md":"0","hidden_sm":"0","hidden_xs":"0","acl":null,"dropcap":0,"text_fontsize":{"md":"16","sm":"","xs":"14"},"text_lineheight":{"md":"26","sm":"","xs":""},"title_font_style":{"uppercase":true,"weight":700}}},{"id":1486639956346,"name":"button","visibility":true,"settings":{"admin_label":"","text":"Read More","alignment":"sppb-text-left","fontstyle":["uppercase","bold"],"letterspace":"1px","url":"#","target":"","type":"custom","appearance":"","background_color":"","color":"rgba(34, 34, 34, 1)","background_color_hover":"","color_hover":"rgba(0, 0, 0, 1)","size":"","shape":"rounded","block":"","icon":"fa-caret-right","icon_position":"right","class":"","global_text_color":"","global_link_color":"","global_link_hover_color":"","global_use_background":"0","global_background_color":"","global_background_image":"","global_background_repeat":"no-repeat","global_background_size":"cover","global_background_attachment":"inherit","global_user_border":"0","global_border_width":"","global_border_color":"","global_boder_style":"none","global_border_radius":"","global_margin":"20px 0 0 -15px","global_padding":"","global_use_animation":"0","global_animation":"","global_animationduration":"300","global_animationdelay":"0","hidden_md":"0","hidden_sm":"0","hidden_xs":"0","acl":null}}]},{"id":1509954739178,"class_name":"col-md-6","visibility":true,"settings":{"default":{"background_image":"","background_repeat":"no-repeat","background_size":"cover","background_attachment":"scroll","background_position":"0 0","boxshadow":"0 0 0 0 #fff","sm_col":"","xs_col":"","hidden_xs":"","hidden_sm":"","hidden_md":"","animationduration":"300","animationdelay":"0"}},"addons":[{"id":1486639956343,"name":"image","visibility":true,"settings":{"admin_label":"Idea Center","title":"","heading_selector":"h3","title_fontsize":"","title_lineheight":"","title_fontstyle":null,"title_letterspace":"0","title_fontweight":"","title_text_color":"","title_margin_top":"","title_margin_bottom":"","image":"https://sppagebuilder.com/sample-data/images/2017/02/09/project2.jpg","alt_text":"Project image","position":"sppb-text-center","open_lightbox":0,"overlay_color":"rgba(119, 219, 31, 0.5)","link":"","target":"","class":"","global_text_color":"","global_link_color":"","global_link_hover_color":"","global_use_background":"0","global_background_color":"","global_background_image":"","global_background_repeat":"no-repeat","global_background_size":"cover","global_background_attachment":"inherit","global_user_border":"0","global_border_width":"","global_border_color":"","global_boder_style":"none","global_border_radius":"","global_margin":"","global_padding":"","global_use_animation":"0","global_animation":"","global_animationduration":"300","global_animationdelay":"0","hidden_md":"0","hidden_sm":"0","hidden_xs":"0","acl":null}}]}]},{"id":1509970989829,"visibility":true,"collapse":false,"settings":{"default":{"admin_label":"","title":"","heading_selector":"h3","title_fontsize":"","title_fontweight":"","title_position":"sppb-text-center","columns_align_center":0,"fullscreen":0,"no_gutter":0,"padding":"50px 0px 50px 0px","margin":"0px 0px 0px 0px","background_image":"","background_parallax":"0","background_repeat":"no-repeat","background_size":"cover","background_attachment":"fixed","background_position":"0 0","background_video":"0","external_background_video":"0","show_top_shape":"","shape_name":"clouds-flat","shape_color":"#e5e5e5","shape_width":{"md":100,"sm":100,"xs":100},"shape_height":"","shape_flip":false,"shape_invert":false,"shape_to_front":false,"show_bottom_shape":"","bottom_shape_name":"clouds-opacity","bottom_shape_color":"#e5e5e5","bottom_shape_width":{"md":100,"sm":100,"xs":100},"bottom_shape_height":"","bottom_shape_flip":false,"bottom_shape_invert":false,"bottom_shape_to_front":false,"hidden_xs":"","hidden_sm":"","hidden_md":"","animationduration":"300","animationdelay":"0"},"columns_align_center":0,"fullscreen":0,"no_gutter":1,"padding":{"md":"35px 0px 35px 0px","sm":"   ","xs":"0px  10px "},"margin":{"md":"   ","sm":"   ","xs":"   "},"background_parallax":0,"background_video":0,"show_top_shape":0,"show_bottom_shape":0},"layout":"6,6","columns":[{"id":1509970989830,"class_name":"col-md-6","visibility":true,"settings":{"default":{"background_image":"","background_repeat":"no-repeat","background_size":"cover","background_attachment":"scroll","background_position":"0 0","boxshadow":"0 0 0 0 #fff","sm_col":"","xs_col":"","hidden_xs":"","hidden_sm":"","hidden_md":"","animationduration":"300","animationdelay":"0"}},"addons":[{"id":1509970989831,"name":"image","visibility":true,"settings":{"admin_label":"Idea Center","title":"","heading_selector":"h3","title_fontsize":"","title_lineheight":"","title_fontstyle":null,"title_letterspace":"0","title_fontweight":"","title_text_color":"","title_margin_top":"","title_margin_bottom":"","image":"https://sppagebuilder.com/sample-data/images/2017/02/09/project3.jpg","alt_text":"Project image","position":"sppb-text-center","open_lightbox":"0","overlay_color":"rgba(119, 219, 31, 0.5)","link":"","target":"","class":"","global_text_color":"","global_link_color":"","global_link_hover_color":"","global_use_background":"0","global_background_color":"","global_background_image":"","global_background_repeat":"no-repeat","global_background_size":"cover","global_background_attachment":"inherit","global_user_border":"0","global_border_width":"","global_border_color":"","global_boder_style":"none","global_border_radius":"","global_margin":"","global_padding":"","global_use_animation":"0","global_animation":"","global_animationduration":"300","global_animationdelay":"0","hidden_md":"0","hidden_sm":"0","hidden_xs":"0","acl":null}}]},{"id":1509970989832,"class_name":"col-md-6","visibility":true,"settings":{"default":{"background_image":"","background_repeat":"no-repeat","background_size":"cover","background_attachment":"scroll","background_position":"0 0","boxshadow":"0 0 0 0 #fff","sm_col":"","xs_col":"","hidden_xs":"","hidden_sm":"","hidden_md":"","animationduration":"300","animationdelay":"0"},"padding":{"md":"30px 30px 30px 30px","sm":"   ","xs":"   "},"background":"#F5F5F5","hidden_xs":0,"hidden_sm":0,"hidden_md":0,"items_align_center":1},"addons":[{"id":1509970989833,"name":"text_block","visibility":true,"settings":{"admin_label":"","title":"Idea Center","heading_selector":"h3","title_fontsize":{"md":"24","sm":"","xs":"20"},"title_lineheight":"","title_fontstyle":["uppercase"],"title_letterspace":"0","title_fontweight":"700","title_text_color":"","title_margin_top":{"md":"0","sm":"","xs":""},"title_margin_bottom":{"md":"30","sm":"","xs":"10"},"text":"<strong>Project :</strong> Under Construction<br /> <strong>Handover Date:</strong> 28 Jan, 2018 <br /><strong>Budget:</strong> $50,00,000<br /><br />Lorem ipsum dolor sit amet, consectetur adipisicing elit, sed do eiusmod tempor incididunt ut labore et dolore magna aliqua.","alignment":"sppb-text-left","class":"","global_text_color":"","global_link_color":"","global_link_hover_color":"","global_use_background":0,"global_background_color":"","global_background_image":"","global_background_repeat":"no-repeat","global_background_size":"cover","global_background_attachment":"inherit","global_user_border":0,"global_border_width":"","global_border_color":"","global_boder_style":"none","global_border_radius":"","global_margin":{"md":"   ","sm":"   ","xs":"   "},"global_padding":{"md":"   ","sm":"   ","xs":"   "},"global_use_animation":0,"global_animation":"","global_animationduration":"300","global_animationdelay":"0","hidden_md":"0","hidden_sm":"0","hidden_xs":"0","acl":null,"dropcap":0,"text_fontsize":{"md":"16","sm":"","xs":"14"},"text_lineheight":{"md":"26","sm":"","xs":""},"title_font_style":{"uppercase":true}}},{"id":1509970989834,"name":"button","visibility":true,"settings":{"admin_label":"","text":"Read More","alignment":"sppb-text-left","fontstyle":["uppercase","bold"],"letterspace":"1px","url":"#","target":"","type":"custom","appearance":"","background_color":"","color":"rgba(34, 34, 34, 1)","background_color_hover":"","color_hover":"rgba(0, 0, 0, 1)","size":"","shape":"rounded","block":"","icon":"fa-caret-right","icon_position":"right","class":"","global_text_color":"","global_link_color":"","global_link_hover_color":"","global_use_background":"0","global_background_color":"","global_background_image":"","global_background_repeat":"no-repeat","global_background_size":"cover","global_background_attachment":"inherit","global_user_border":"0","global_border_width":"","global_border_color":"","global_boder_style":"none","global_border_radius":"","global_margin":"20px 0 0 -15px","global_padding":"","global_use_animation":"0","global_animation":"","global_animationduration":"300","global_animationdelay":"0","hidden_md":"0","hidden_sm":"0","hidden_xs":"0","acl":null}}]}]},{"id":1509971086637,"visibility":true,"collapse":false,"settings":{"default":{"admin_label":"","title":"","heading_selector":"h3","title_fontsize":"","title_fontweight":"","title_position":"sppb-text-center","columns_align_center":0,"fullscreen":0,"no_gutter":0,"padding":"50px 0px 50px 0px","margin":"0px 0px 0px 0px","background_image":"","background_parallax":"0","background_repeat":"no-repeat","background_size":"cover","background_attachment":"fixed","background_position":"0 0","background_video":"0","external_background_video":"0","show_top_shape":"","shape_name":"clouds-flat","shape_color":"#e5e5e5","shape_width":{"md":100,"sm":100,"xs":100},"shape_height":"","shape_flip":false,"shape_invert":false,"shape_to_front":false,"show_bottom_shape":"","bottom_shape_name":"clouds-opacity","bottom_shape_color":"#e5e5e5","bottom_shape_width":{"md":100,"sm":100,"xs":100},"bottom_shape_height":"","bottom_shape_flip":false,"bottom_shape_invert":false,"bottom_shape_to_front":false,"hidden_xs":"","hidden_sm":"","hidden_md":"","animationduration":"300","animationdelay":"0"},"columns_align_center":0,"fullscreen":0,"no_gutter":0,"padding":{"md":"35px 0px 130px 0px","sm":"   ","xs":"20px  20px "},"margin":{"md":"   ","sm":"   ","xs":"   "},"background_parallax":0,"background_video":0,"show_top_shape":0,"show_bottom_shape":0},"layout":"12","columns":[{"id":1509971086636,"class_name":"col-md-12","visibility":true,"settings":{"default":{"background_image":"","background_repeat":"no-repeat","background_size":"cover","background_attachment":"scroll","background_position":"0 0","items_align_center":0,"boxshadow":"0 0 0 0 #fff","sm_col":"","xs_col":"","hidden_xs":"","hidden_sm":"","hidden_md":"","animationduration":"300","animationdelay":"0"}},"addons":[{"id":1486639981586,"name":"button","visibility":true,"settings":{"admin_label":"View All Project","text":"View All Project","alignment":"sppb-text-center","fontstyle":["uppercase","bold"],"letterspace":"1px","url":"#","target":"","type":"custom","appearance":"","background_color":"","color":"rgba(41, 41, 41, 1)","background_color_hover":"","color_hover":"rgba(255, 190, 35, 1)","size":"lg","shape":"rounded","block":"","icon":"fa-caret-right","icon_position":"right","class":"","global_text_color":"","global_link_color":"","global_link_hover_color":"","global_use_background":0,"global_background_color":"","global_background_image":"","global_background_repeat":"no-repeat","global_background_size":"cover","global_background_attachment":"inherit","global_user_border":0,"global_border_width":"","global_border_color":"","global_boder_style":"none","global_border_radius":"","global_margin":{"md":"   ","sm":"   ","xs":"   "},"global_padding":{"md":"   ","sm":"   ","xs":"   "},"global_use_animation":0,"global_animation":"","global_animationduration":"300","global_animationdelay":"0","hidden_md":"0","hidden_sm":"0","hidden_xs":"0","acl":null,"button_padding":{"md":"   ","sm":"   ","xs":"   "}}}]}]},{"id":1486640755796,"visibility":true,"collapse":false,"settings":{"admin_label":"WORKING WITH US","title":"","heading_selector":"h3","title_fontsize":"","title_fontweight":"","title_text_color":"","title_margin_top":"","title_margin_bottom":"","subtitle":"","subtitle_fontsize":"","title_position":"sppb-text-center","columns_equal_height":"0","fullscreen":0,"no_gutter":0,"id":"","class":"","padding":{"md":"140px 0px 140px 0px","sm":"   ","xs":"50px  50px "},"margin":{"md":"0px 0px 0px 0px","sm":"   ","xs":"   "},"color":"rgba(255, 255, 255, 1)","background_color":"","background_image":"https://sppagebuilder.com/sample-data/images/2017/02/09/constructor-cta.jpg","overlay":"","background_repeat":"no-repeat","background_size":"cover","background_attachment":"inherit","background_position":"50% 50%","background_video":0,"background_video_mp4":"","background_video_ogv":"","hidden_xs":"","hidden_sm":"","hidden_md":"","animation":"","animationduration":"300","animationdelay":"0","columns_align_center":0,"background_parallax":0,"show_top_shape":0,"show_bottom_shape":0},"layout":"12","columns":[{"id":1486640755797,"class_name":"col-md-12","visibility":true,"settings":{"color":"","background":"","background_image":"","overlay":"","background_repeat":"no-repeat","background_size":"cover","background_attachment":"scroll","background_position":"0 0","padding":"","class":"","sm_col":"","xs_col":"","hidden_xs":"","hidden_sm":"","hidden_md":"","animation":"fadeIn","animationduration":"","animationdelay":"150"},"addons":[{"id":1509973792560,"name":"heading","visibility":true,"settings":{"admin_label":"","title":"Working With Us","heading_selector":"h2","use_link":0,"title_link":"","link_new_tab":"","title_fontsize":{"md":"22","sm":"","xs":"18"},"title_lineheight":{"md":"","sm":"","xs":""},"title_letterspace":"0","title_margin":{"md":"0px 0px 20px 0px","sm":"   ","xs":"  10px "},"title_padding":{"md":"0px 0px 0px 0px","sm":"   ","xs":"   "},"title_icon_position":"before","alignment":"sppb-text-left","class":"","title_font_style":{"underline":false,"weight":700,"uppercase":true}}},{"id":1509973031305,"name":"heading","visibility":true,"settings":{"admin_label":"","title":"Contractors & Construction <br class=\"sppb-hidden-xs\" >Managers Since 1989","heading_selector":"h2","use_link":0,"title_link":"","link_new_tab":"","title_fontsize":{"md":"46","sm":"","xs":"35"},"title_lineheight":{"md":"56","sm":"","xs":"40"},"title_letterspace":"0","title_margin":{"md":"0px 0px 30px 0px","sm":"   ","xs":"   "},"title_padding":{"md":"0px 0px 0px 0px","sm":"   ","xs":"   "},"title_icon_position":"before","alignment":"sppb-text-left","class":"","title_font_style":{"underline":false,"weight":700,"uppercase":false}}},{"id":1486640755809,"name":"button","visibility":true,"settings":{"admin_label":"","text":"Get a Quote","alignment":"sppb-text-left","fontstyle":null,"letterspace":"","url":"","target":"","type":"custom","appearance":"","background_color":"rgba(255, 190, 35, 1)","color":"rgba(255, 255, 255, 1)","background_color_hover":"rgba(255, 255, 255, 1)","color_hover":"rgba(34, 34, 34, 1)","size":"lg","shape":"round","block":"","icon":"","icon_position":"right","class":"","global_text_color":"","global_link_color":"","global_link_hover_color":"","global_use_background":"0","global_background_color":"","global_background_image":"","global_background_repeat":"no-repeat","global_background_size":"cover","global_background_attachment":"inherit","global_user_border":"0","global_border_width":"","global_border_color":"","global_boder_style":"none","global_border_radius":"40","global_margin":"","global_padding":"","global_use_animation":"0","global_animation":"","global_animationduration":"300","global_animationdelay":"0","hidden_md":"0","hidden_sm":"0","hidden_xs":"0","acl":null,"button_padding":{"md":"15px 60px 15px 60px","sm":"   ","xs":"10px 20px 10px 20px"}}}]}]},{"id":1486705829512,"visibility":true,"collapse":false,"settings":{"admin_label":"Our Partner","title":"","heading_selector":"h3","title_fontsize":"","title_fontweight":"","title_text_color":"","title_margin_top":"","title_margin_bottom":"","subtitle":"","subtitle_fontsize":"","title_position":"sppb-text-center","columns_equal_height":"0","fullscreen":0,"no_gutter":0,"id":"","class":"","padding":{"md":"130px 0px 130px 0px","sm":"   ","xs":"50px  50px "},"margin":{"md":"0px 0px 0px 0px","sm":"   ","xs":"   "},"color":"","background_color":"","background_image":"","overlay":"","background_repeat":"no-repeat","background_size":"cover","background_attachment":"fixed","background_position":"0 0","background_video":0,"background_video_mp4":"","background_video_ogv":"","hidden_xs":"","hidden_sm":"","hidden_md":"","animation":"","animationduration":"300","animationdelay":"0","columns_align_center":0,"background_parallax":0,"show_top_shape":0,"show_bottom_shape":0},"layout":"12","columns":[{"id":1486705829513,"class_name":"col-md-12","visibility":true,"settings":{"color":"","background":"","background_image":"","overlay":"","background_repeat":"no-repeat","background_size":"cover","background_attachment":"scroll","background_position":"0 0","padding":"","class":"","sm_col":"","xs_col":"","hidden_xs":"","hidden_sm":"","hidden_md":"","animation":"","animationduration":"","animationdelay":""},"addons":[{"id":1509971086674,"name":"heading","visibility":true,"settings":{"admin_label":"","title":"Our Partner","heading_selector":"h2","use_link":0,"title_link":"","link_new_tab":"","title_fontsize":{"md":"46","sm":"","xs":"35"},"title_lineheight":"","title_letterspace":"0","title_margin":{"md":"0px 0px 20px 0px","sm":"   ","xs":"   "},"title_padding":{"md":"0px 0px 0px 0px","sm":"   ","xs":"   "},"title_icon_position":"before","alignment":"sppb-text-center","class":"","title_font_style":{"weight":700}}},{"id":1509971086677,"name":"heading","visibility":true,"settings":{"admin_label":"","title":"The comments below are just a sample of the 22.500 clients worldwide","heading_selector":"div","use_link":0,"title_link":"","link_new_tab":"","title_fontsize":{"md":"16","sm":"","xs":"16"},"title_lineheight":{"md":"28","sm":"","xs":"24"},"title_letterspace":"0","title_margin":{"md":"0px 0px 20px 0px","sm":"   ","xs":"   "},"title_padding":{"md":"0px 0px 0px 0px","sm":"   ","xs":"   "},"title_icon_position":"before","alignment":"sppb-text-center","class":"","title_font_style":{"weight":""}}},{"id":1486706381699,"name":"clients","visibility":true,"settings":{"admin_label":"","title":"","heading_selector":"h3","title_fontsize":"","title_lineheight":"","title_fontstyle":null,"title_letterspace":"0","title_fontweight":"","title_text_color":"","title_margin_top":"","title_margin_bottom":"","count":"sppb-col-sm-3","alignment":"sppb-text-left","class":"","sp_clients_item":[{"title":"","image":"https://sppagebuilder.com/sample-data/images/2017/02/10/client-logo4.png","url":"#"},{"title":"","image":"https://sppagebuilder.com/sample-data/images/2017/02/10/client-logo3.png","url":"#"},{"title":"","image":"https://sppagebuilder.com/sample-data/images/2017/02/10/client-logo2.png","url":"#"},{"title":"","image":"https://sppagebuilder.com/sample-data/images/2017/02/10/client-logo1.png","url":"#"}],"global_text_color":"","global_link_color":"","global_link_hover_color":"","global_use_background":0,"global_background_color":"","global_background_image":"","global_background_repeat":"no-repeat","global_background_size":"cover","global_background_attachment":"inherit","global_user_border":0,"global_border_width":"","global_border_color":"","global_boder_style":"none","global_border_radius":"","global_margin":{"md":"72px   ","sm":"   ","xs":"20px   "},"global_padding":{"md":"   ","sm":"   ","xs":"   "},"global_use_animation":0,"global_animation":"","global_animationduration":"300","global_animationdelay":"0","hidden_md":"0","hidden_sm":"0","hidden_xs":"0","acl":null}}]}]}]