[{"id":1494834765767,"visibility":true,"collapse":false,"settings":{"admin_label":"Hero Section","title":"","heading_selector":"h3","title_fontsize":"","title_fontweight":"","title_text_color":"","title_margin_top":"","title_margin_bottom":"","subtitle":"","subtitle_fontsize":"","title_position":"sppb-text-center","columns_equal_height":"0","fullscreen":0,"no_gutter":0,"id":"","class":"","padding":{"md":"230px 0px 230px 0px","sm":"   ","xs":"100px  100px "},"margin":{"md":"0px 0px 0px 0px","sm":"   ","xs":"   "},"color":"rgba(255, 255, 255, 1)","background_color":"","background_image":"https://sppagebuilder.com/sample-data/images/2017/07/10/hero-section7.jpg","overlay":"","background_repeat":"no-repeat","background_size":"cover","background_attachment":"inherit","background_position":"50% 50%","background_video":0,"background_video_mp4":"","background_video_ogv":"","hidden_xs":"","hidden_sm":"","hidden_md":"","animation":"","animationduration":"300","animationdelay":"0","columns_align_center":0,"background_parallax":0,"show_top_shape":0,"show_bottom_shape":0},"layout":"12","columns":[{"id":1494834765768,"class_name":"col-md-12","visibility":true,"settings":{},"addons":[{"id":1494846467168,"name":"heading","visibility":true,"settings":{"admin_label":"Architecture is the reaching out for the Truth.","title":"Architecture is the reaching out for the Truth.","heading_selector":"h2","use_link":0,"title_link":"","link_new_tab":"0","title_fontsize":{"md":"48","sm":"36","xs":"24"},"title_fontstyle":["uppercase"],"title_fontweight":"700","title_lineheight":{"md":"56","sm":"48","xs":"36"},"title_letterspace":"0","title_margin":{"md":"0px 0px 30px 0px","sm":"   ","xs":"   "},"title_padding":{"md":"0px 100px 0px 100px","sm":"0px 0px 0px 0px","xs":"0px 0px 0px 0px"},"alignment":"sppb-text-center","class":"","global_text_color":"","global_link_color":"","global_link_hover_color":"","global_use_background":0,"global_background_color":"","global_background_image":"","global_background_repeat":"no-repeat","global_background_size":"cover","global_background_attachment":"inherit","global_user_border":0,"global_border_width":"","global_border_color":"","global_boder_style":"none","global_border_radius":"","global_margin":{"md":" auto  auto","sm":"   ","xs":"   "},"global_padding":{"md":"   ","sm":"   ","xs":"   "},"global_use_animation":1,"global_animation":"fadeInDown","global_animationduration":"700","global_animationdelay":"","hidden_md":0,"hidden_sm":0,"hidden_xs":0,"acl":null,"use_global_width":1,"global_width":{"md":"90","sm":"","xs":"100"}}},{"id":1499661653288,"name":"button_group","visibility":true,"settings":{"admin_label":"","alignment":"sppb-text-center","margin":"10","class":"","sp_button_group_item":[{"title":"See Our Works","fontstyle":["uppercase"],"letterspace":"0","url":"#","type":"custom","appearance":"","background_color":"rgba(255, 209, 0, 1)","color":"rgba(51, 51, 51, 1)","background_color_hover":"rgba(224, 195, 4, 1)","color_hover":"rgba(51, 51, 51, 1)","size":"","button_padding":"12px 30px 12px 30px","shape":"rounded","block":"","icon":"","icon_position":"left","target":""},{"title":"Contact Us","fontstyle":["uppercase"],"letterspace":"0","url":"#","type":"custom","appearance":"outline","background_color":"rgba(208, 208, 207, 1)","color":"rgba(255, 255, 255, 1)","background_color_hover":"rgba(255, 255, 255, 1)","color_hover":"rgba(68, 68, 68, 1)","size":"","button_padding":"11px 40px 11px 40px","shape":"rounded","block":"","icon":"","icon_position":"left","target":""}],"global_text_color":"","global_link_color":"","global_link_hover_color":"","global_use_background":"0","global_background_color":"","global_background_image":"","global_background_repeat":"no-repeat","global_background_size":"cover","global_background_attachment":"inherit","global_user_border":"0","global_border_width":"","global_border_color":"","global_boder_style":"none","global_border_radius":"","global_margin":"","global_padding":"","global_use_animation":"1","global_animation":"fadeInDown","global_animationduration":"700","global_animationdelay":"600","hidden_md":"0","hidden_sm":"0","hidden_xs":"0","acl":null}}]}]},{"id":1499666359298,"visibility":true,"collapse":false,"settings":{"admin_label":"About Us Section","title":"","heading_selector":"h3","title_fontsize":"","title_fontweight":"","title_text_color":"","title_margin_top":"","title_margin_bottom":"","subtitle":"","subtitle_fontsize":"","title_position":"sppb-text-center","columns_equal_height":"0","fullscreen":0,"no_gutter":0,"id":"","class":"","padding":{"md":"100px 0px 100px 0px","sm":"   ","xs":"50px  50px "},"margin":{"md":"0px 0px 0px 0px","sm":"   ","xs":"   "},"color":"","background_color":"rgba(250, 250, 250, 1)","background_image":"","overlay":"","background_repeat":"no-repeat","background_size":"cover","background_attachment":"fixed","background_position":"0 0","background_video":0,"background_video_mp4":"","background_video_ogv":"","hidden_xs":"","hidden_sm":"","hidden_md":"","animation":"","animationduration":"300","animationdelay":"0","columns_align_center":1,"background_parallax":0,"show_top_shape":0,"show_bottom_shape":0},"layout":"7,5","columns":[{"id":1494397321380,"class_name":"col-md-7","visibility":true,"settings":{"color":"","background":"","background_image":"","overlay":"","background_repeat":"no-repeat","background_size":"cover","background_attachment":"scroll","background_position":"0 0","padding":{"md":"0  0 0","sm":"   ","xs":"   "},"class":"","sm_col":"","xs_col":"","hidden_xs":"","hidden_sm":"","hidden_md":"","animation":"","animationduration":"300","animationdelay":"0","items_align_center":0},"addons":[{"id":1494397779869,"name":"image","visibility":true,"settings":{"admin_label":"","title":"","heading_selector":"h3","title_fontsize":"","title_lineheight":"","title_fontstyle":null,"title_letterspace":"0","title_fontweight":"","title_text_color":"","title_margin_top":"","title_margin_bottom":"","image":"https://sppagebuilder.com/sample-data/images/2017/07/10/architect-img.jpg","alt_text":"image","position":"sppb-text-center","open_lightbox":0,"overlay_color":"rgba(119, 219, 31, 0.5)","link":"","target":"","class":"","global_text_color":"","global_link_color":"","global_link_hover_color":"","global_use_background":0,"global_background_color":"","global_background_image":"","global_background_repeat":"no-repeat","global_background_size":"cover","global_background_attachment":"inherit","global_user_border":0,"global_border_width":"","global_border_color":"","global_boder_style":"none","global_border_radius":"","global_margin":{"md":"   ","sm":"   ","xs":"   "},"global_padding":{"md":"   ","sm":"   ","xs":"   "},"global_use_animation":0,"global_animation":"","global_animationduration":"300","global_animationdelay":"0","hidden_md":"0","hidden_sm":"0","hidden_xs":"0","acl":null}}]},{"id":1494397321381,"class_name":"col-md-5","visibility":true,"settings":{"color":"","background":"","background_image":"","overlay":"","background_repeat":"no-repeat","background_size":"cover","background_attachment":"scroll","background_position":"0 0","padding":{"md":" 0 0 0","sm":"   ","xs":"   "},"class":"","sm_col":"","xs_col":"","hidden_xs":0,"hidden_sm":0,"hidden_md":0,"animation":"","animationduration":"300","animationdelay":"0","items_align_center":0},"addons":[{"id":1494397840378,"name":"heading","visibility":true,"settings":{"admin_label":"About Us","title":"About Us","heading_selector":"h3","use_link":0,"title_link":"","link_new_tab":"0","title_fontsize":{"md":"36","sm":"","xs":"25"},"title_fontstyle":null,"title_fontweight":"700","title_lineheight":"","title_letterspace":"0","title_margin":{"md":"0px 0px 20px 0px","sm":"30px 0px 20px 0px","xs":"30px 0px 20px 0px"},"title_padding":{"md":"0px 0px 0px 0px","sm":"   ","xs":"   "},"alignment":"sppb-text-left","class":"","global_text_color":"rgba(28, 28, 28, 1)","global_link_color":"","global_link_hover_color":"","global_use_background":"0","global_background_color":"","global_background_image":"","global_background_repeat":"no-repeat","global_background_size":"cover","global_background_attachment":"inherit","global_user_border":"0","global_border_width":"","global_border_color":"","global_boder_style":"none","global_border_radius":"","global_margin":"","global_padding":"","global_use_animation":"0","global_animation":"","global_animationduration":"300","global_animationdelay":"0","hidden_md":"0","hidden_sm":"0","hidden_xs":"0","acl":null}},{"id":1494850019797,"name":"text_block","visibility":true,"settings":{"admin_label":"It was popularised in the 1960s.....","title":"When it comes to choosing an antiaging eye cream, the possibilities are endless. The choices range from high end department store brands, to affordable names brands.<br><br>\nThere’s a new hairstyle that seems to be sweeping Hollywood: what would you be willing to do to get it for yourself?","heading_selector":"h4","title_fontsize":{"md":"17","sm":"","xs":"14"},"title_lineheight":{"md":"25","sm":"","xs":"24"},"title_fontstyle":null,"title_letterspace":"0","title_fontweight":"300","title_text_color":"rgba(135, 135, 135, 1)","title_margin_top":"0","title_margin_bottom":"","text":"","alignment":"sppb-text-left","class":"","global_text_color":"","global_link_color":"","global_link_hover_color":"","global_use_background":"0","global_background_color":"","global_background_image":"","global_background_repeat":"no-repeat","global_background_size":"cover","global_background_attachment":"inherit","global_user_border":"0","global_border_width":"","global_border_color":"","global_boder_style":"none","global_border_radius":"","global_margin":"0 0 20px 0","global_padding":"","global_use_animation":"0","global_animation":"","global_animationduration":"300","global_animationdelay":"0","hidden_md":"0","hidden_sm":"0","hidden_xs":"0","acl":null,"dropcap":0}},{"id":1494398059422,"name":"button","visibility":true,"settings":{"admin_label":"Learn More","text":"Learn More","alignment":"sppb-text-left","fontstyle":["uppercase","bold"],"letterspace":"0","url":"#","target":"","type":"custom","appearance":"","background_color":"rgba(255, 209, 0, 1)","color":"rgba(51, 51, 51, 1)","background_color_hover":"rgba(222, 193, 4, 1)","color_hover":"rgba(51, 51, 51, 1)","button_padding":"12px 35px 12px 35px","size":"","shape":"rounded","block":"","icon":"","icon_position":"left","class":"","global_text_color":"","global_link_color":"","global_link_hover_color":"","global_use_background":"0","global_background_color":"","global_background_image":"","global_background_repeat":"no-repeat","global_background_size":"cover","global_background_attachment":"inherit","global_user_border":"0","global_border_width":"","global_border_color":"","global_boder_style":"none","global_border_radius":"","global_margin":"","global_padding":"","global_use_animation":"0","global_animation":"","global_animationduration":"300","global_animationdelay":"0","hidden_md":"0","hidden_sm":"0","hidden_xs":"0","acl":null}}]}]},{"id":1494847035476,"visibility":true,"collapse":false,"settings":{"admin_label":"Features","title":"","heading_selector":"h3","title_fontsize":"","title_fontweight":"","title_text_color":"","title_margin_top":"","title_margin_bottom":"","subtitle":"","subtitle_fontsize":"","title_position":"sppb-text-center","columns_equal_height":"0","fullscreen":0,"no_gutter":0,"id":"","class":"","padding":{"md":"100px 0px 70px 0px","sm":"   ","xs":"50px  50px "},"margin":{"md":"0px 0px 0px 0px","sm":"   ","xs":"   "},"color":"","background_color":"","background_image":"","overlay":"","background_repeat":"no-repeat","background_size":"cover","background_attachment":"fixed","background_position":"0 0","background_video":0,"background_video_mp4":"","background_video_ogv":"","hidden_xs":"","hidden_sm":"","hidden_md":"","animation":"","animationduration":"300","animationdelay":"0","columns_align_center":0,"background_parallax":0,"show_top_shape":0,"show_bottom_shape":0},"layout":"12,3,3,3,3","columns":[{"id":1494493363858,"class_name":"col-md-12","visibility":true,"settings":{},"addons":[{"id":1499661039445,"name":"heading","visibility":true,"settings":{"admin_label":"We Provide","title":"We Provide","heading_selector":"h2","use_link":0,"title_link":"","link_new_tab":"0","title_fontsize":{"md":"36","sm":"","xs":"30"},"title_fontstyle":null,"title_fontweight":"700","title_lineheight":{"md":"","sm":"","xs":""},"title_letterspace":"0","title_margin":{"md":"0px 0px 20px 0px","sm":"   ","xs":"   "},"title_padding":{"md":"0px 0px 0px 0px","sm":"   ","xs":"   "},"alignment":"sppb-text-center","class":"","global_text_color":"rgba(51, 51, 51, 1)","global_link_color":"","global_link_hover_color":"","global_use_background":"0","global_background_color":"","global_background_image":"","global_background_repeat":"no-repeat","global_background_size":"cover","global_background_attachment":"inherit","global_user_border":"0","global_border_width":"","global_border_color":"","global_boder_style":"none","global_border_radius":"","global_margin":"","global_padding":"","global_use_animation":"0","global_animation":"","global_animationduration":"300","global_animationdelay":"0","hidden_md":"0","hidden_sm":"0","hidden_xs":"0","acl":null}},{"id":1499666359306,"name":"heading","visibility":true,"settings":{"admin_label":"Take a look what we are offering to you","title":"Take a look what we are offering to you","heading_selector":"h3","use_link":0,"title_link":"","link_new_tab":"0","title_fontsize":{"md":"18","sm":"","xs":"16"},"title_fontstyle":null,"title_fontweight":"300","title_lineheight":{"md":"","sm":"","xs":""},"title_letterspace":"0","title_margin":{"md":"0px 0px 70px 0px","sm":"   ","xs":"   "},"title_padding":{"md":"0px 0px 0px 0px","sm":"   ","xs":"   "},"alignment":"sppb-text-center","class":"","global_text_color":"rgba(153, 153, 153, 1)","global_link_color":"","global_link_hover_color":"","global_use_background":"0","global_background_color":"","global_background_image":"","global_background_repeat":"no-repeat","global_background_size":"cover","global_background_attachment":"inherit","global_user_border":"0","global_border_width":"","global_border_color":"","global_boder_style":"none","global_border_radius":"","global_margin":"","global_padding":"","global_use_animation":"0","global_animation":"","global_animationduration":"300","global_animationdelay":"0","hidden_md":"0","hidden_sm":"0","hidden_xs":"0","acl":null}}]},{"id":1510055420039,"class_name":"col-md-3","visibility":true,"settings":{"default":{"background_image":"","background_repeat":"no-repeat","background_size":"cover","background_attachment":"scroll","background_position":"0 0","items_align_center":0,"boxshadow":"0 0 0 0 #fff","sm_col":"","xs_col":"","hidden_xs":"","hidden_sm":"","hidden_md":"","animationduration":"300","animationdelay":"0"},"items_align_center":0,"padding":{"md":"   ","sm":"   ","xs":"   "},"hidden_xs":0,"hidden_sm":0,"hidden_md":0,"sm_col":"col-sm-4"},"addons":[{"id":1494496278621,"name":"feature","visibility":true,"settings":{"admin_label":"Architecture","title":"Architecture","heading_selector":"h3","title_position":"after","title_fontsize":"20","title_lineheight":"","title_fontstyle":null,"title_letterspace":"0","title_fontweight":"700","title_text_color":"rgba(51, 51, 51, 1)","title_margin_top":"25","title_margin_bottom":"15","title_url":"","url_appear":"title","feature_type":"image","feature_image":"https://sppagebuilder.com/sample-data/images/2017/07/10/icon19.png","icon_name":"fa-tachometer","icon_size":"48","icon_color":"rgba(184, 233, 134, 1)","icon_background":"","icon_border_color":"","icon_border_width":"","icon_border_radius":"","icon_margin_top":"","icon_margin_bottom":"","icon_padding":"","text":"<div style=\"color: #878787; font-size: 16px;\">Lorem Ipsum has been the industry's standard dummy text ever since the 1500s</div>","alignment":"sppb-text-left","class":"","global_text_color":"","global_link_color":"","global_link_hover_color":"","global_use_background":0,"global_background_color":"","global_background_image":"","global_background_repeat":"no-repeat","global_background_size":"cover","global_background_attachment":"inherit","global_user_border":0,"global_border_width":"","global_border_color":"","global_boder_style":"none","global_border_radius":"","global_margin":{"md":"0 0 30px 0","sm":"   ","xs":"   "},"global_padding":{"md":"   ","sm":"   ","xs":"   "},"global_use_animation":1,"global_animation":"fadeInLeft","global_animationduration":"700","global_animationdelay":"900","hidden_md":"0","hidden_sm":"0","hidden_xs":"0","acl":null}}]},{"id":1510055420040,"class_name":"col-md-3","visibility":true,"settings":{"default":{"background_image":"","background_repeat":"no-repeat","background_size":"cover","background_attachment":"scroll","background_position":"0 0","items_align_center":0,"boxshadow":"0 0 0 0 #fff","sm_col":"","xs_col":"","hidden_xs":"","hidden_sm":"","hidden_md":"","animationduration":"300","animationdelay":"0"},"items_align_center":0,"padding":{"md":"   ","sm":"   ","xs":"   "},"hidden_xs":0,"hidden_sm":0,"hidden_md":0,"sm_col":"col-sm-4"},"addons":[{"id":1499667001726,"name":"feature","visibility":true,"settings":{"admin_label":"Interior","title":"Interior","heading_selector":"h3","title_position":"after","title_fontsize":"20","title_lineheight":"","title_fontstyle":null,"title_letterspace":"0","title_fontweight":"700","title_text_color":"rgba(51, 51, 51, 1)","title_margin_top":"25","title_margin_bottom":"15","title_url":"","url_appear":"title","feature_type":"image","feature_image":"https://sppagebuilder.com/sample-data/images/2017/07/10/icon20.png","icon_name":"fa-tachometer","icon_size":"48","icon_color":"rgba(184, 233, 134, 1)","icon_background":"","icon_border_color":"","icon_border_width":"","icon_border_radius":"","icon_margin_top":"","icon_margin_bottom":"","icon_padding":"","text":"<div style=\"color: #878787; font-size: 16px;\">Lorem Ipsum has been the industry's standard dummy text ever since the 1500s</div>","alignment":"sppb-text-left","class":"","global_text_color":"","global_link_color":"","global_link_hover_color":"","global_use_background":0,"global_background_color":"","global_background_image":"","global_background_repeat":"no-repeat","global_background_size":"cover","global_background_attachment":"inherit","global_user_border":0,"global_border_width":"","global_border_color":"","global_boder_style":"none","global_border_radius":"","global_margin":{"md":"0 0 30px 0","sm":"   ","xs":"   "},"global_padding":{"md":"   ","sm":"   ","xs":"   "},"global_use_animation":1,"global_animation":"fadeInLeft","global_animationduration":"700","global_animationdelay":"600","hidden_md":"0","hidden_sm":"0","hidden_xs":"0","acl":null}}]},{"id":1510055420041,"class_name":"col-md-3","visibility":true,"settings":{"default":{"background_image":"","background_repeat":"no-repeat","background_size":"cover","background_attachment":"scroll","background_position":"0 0","items_align_center":0,"boxshadow":"0 0 0 0 #fff","sm_col":"","xs_col":"","hidden_xs":"","hidden_sm":"","hidden_md":"","animationduration":"300","animationdelay":"0"},"items_align_center":0,"padding":{"md":"   ","sm":"   ","xs":"   "},"hidden_xs":0,"hidden_sm":0,"hidden_md":0,"sm_col":"col-sm-4"},"addons":[{"id":1499667001731,"name":"feature","visibility":true,"settings":{"admin_label":"Engineering","title":"Engineering","heading_selector":"h3","title_position":"after","title_fontsize":"20","title_lineheight":"","title_fontstyle":null,"title_letterspace":"0","title_fontweight":"700","title_text_color":"rgba(51, 51, 51, 1)","title_margin_top":"25","title_margin_bottom":"15","title_url":"","url_appear":"title","feature_type":"image","feature_image":"https://sppagebuilder.com/sample-data/images/2017/07/10/icon21.png","icon_name":"fa-tachometer","icon_size":"48","icon_color":"rgba(184, 233, 134, 1)","icon_background":"","icon_border_color":"","icon_border_width":"","icon_border_radius":"","icon_margin_top":"","icon_margin_bottom":"","icon_padding":"","text":"<div style=\"color: #878787; font-size: 16px;\">Lorem Ipsum has been the industry's standard dummy text ever since the 1500s</div>","alignment":"sppb-text-left","class":"","global_text_color":"","global_link_color":"","global_link_hover_color":"","global_use_background":"0","global_background_color":"","global_background_image":"","global_background_repeat":"no-repeat","global_background_size":"cover","global_background_attachment":"inherit","global_user_border":"0","global_border_width":"","global_border_color":"","global_boder_style":"none","global_border_radius":"","global_margin":"0 0 30px 0","global_padding":"","global_use_animation":"1","global_animation":"fadeInLeft","global_animationduration":"700","global_animationdelay":"300","hidden_md":"0","hidden_sm":"0","hidden_xs":"0","acl":null}}]},{"id":1510055420042,"class_name":"col-md-3","visibility":true,"settings":{"default":{"background_image":"","background_repeat":"no-repeat","background_size":"cover","background_attachment":"scroll","background_position":"0 0","items_align_center":0,"boxshadow":"0 0 0 0 #fff","sm_col":"","xs_col":"","hidden_xs":"","hidden_sm":"","hidden_md":"","animationduration":"300","animationdelay":"0"},"items_align_center":0,"padding":{"md":"   ","sm":"   ","xs":"   "},"hidden_xs":0,"hidden_sm":0,"hidden_md":0,"sm_col":"col-sm-4"},"addons":[{"id":1499667001736,"name":"feature","visibility":true,"settings":{"admin_label":"Landscape","title":"Landscape","heading_selector":"h3","title_position":"after","title_fontsize":"20","title_lineheight":"","title_fontstyle":null,"title_letterspace":"0","title_fontweight":"700","title_text_color":"rgba(51, 51, 51, 1)","title_margin_top":"25","title_margin_bottom":"15","title_url":"","url_appear":"title","feature_type":"image","feature_image":"https://sppagebuilder.com/sample-data/images/2017/07/10/icon22.png","icon_name":"fa-tachometer","icon_size":"48","icon_color":"rgba(184, 233, 134, 1)","icon_background":"","icon_border_color":"","icon_border_width":"","icon_border_radius":"","icon_margin_top":"","icon_margin_bottom":"","icon_padding":"","text":"<div style=\"color: #878787; font-size: 16px;\">Lorem Ipsum has been the industry's standard dummy text ever since the 1500s</div>","alignment":"sppb-text-left","class":"","global_text_color":"","global_link_color":"","global_link_hover_color":"","global_use_background":0,"global_background_color":"","global_background_image":"","global_background_repeat":"no-repeat","global_background_size":"cover","global_background_attachment":"inherit","global_user_border":0,"global_border_width":"","global_border_color":"","global_boder_style":"none","global_border_radius":"","global_margin":{"md":"0 0 30px 0","sm":"   ","xs":"   "},"global_padding":{"md":"   ","sm":"   ","xs":"   "},"global_use_animation":1,"global_animation":"fadeInLeft","global_animationduration":"700","global_animationdelay":"","hidden_md":"0","hidden_sm":"0","hidden_xs":"0","acl":null}}]}]},{"id":1509974985428,"visibility":true,"collapse":false,"settings":{"admin_label":"Features","title":"","heading_selector":"h3","title_fontsize":"","title_fontweight":"","title_text_color":"","title_margin_top":"","title_margin_bottom":"","subtitle":"","subtitle_fontsize":"","title_position":"sppb-text-center","columns_equal_height":"0","fullscreen":0,"no_gutter":0,"id":"","class":"","padding":{"md":"100px 0px 30px 0px","sm":"   ","xs":"50px  0px "},"margin":{"md":"0px 0px 0px 0px","sm":"   ","xs":"   "},"color":"","background_color":"#FAFAFA","background_image":"","overlay":"","background_repeat":"no-repeat","background_size":"cover","background_attachment":"fixed","background_position":"0 0","background_video":0,"background_video_mp4":"","background_video_ogv":"","hidden_xs":"","hidden_sm":"","hidden_md":"","animation":"","animationduration":"300","animationdelay":"0","columns_align_center":0,"background_parallax":0,"show_top_shape":0,"show_bottom_shape":0},"layout":"12","columns":[{"id":1509974985429,"class_name":"col-md-12","visibility":true,"settings":{},"addons":[{"id":1509974985430,"name":"heading","visibility":true,"settings":{"admin_label":"Our Works","title":"Our Works","heading_selector":"h2","use_link":0,"title_link":"","link_new_tab":"0","title_fontsize":{"md":"36","sm":"","xs":"30"},"title_fontstyle":null,"title_fontweight":"700","title_lineheight":"","title_letterspace":"0","title_margin":{"md":"0px 0px 20px 0px","sm":"   ","xs":"   "},"title_padding":{"md":"0px 0px 0px 0px","sm":"   ","xs":"   "},"alignment":"sppb-text-center","class":"","global_text_color":"rgba(51, 51, 51, 1)","global_link_color":"","global_link_hover_color":"","global_use_background":"0","global_background_color":"","global_background_image":"","global_background_repeat":"no-repeat","global_background_size":"cover","global_background_attachment":"inherit","global_user_border":"0","global_border_width":"","global_border_color":"","global_boder_style":"none","global_border_radius":"","global_margin":"","global_padding":"","global_use_animation":"0","global_animation":"","global_animationduration":"300","global_animationdelay":"0","hidden_md":"0","hidden_sm":"0","hidden_xs":"0","acl":null}},{"id":1509974985431,"name":"heading","visibility":true,"settings":{"admin_label":"Take a look what we are offering to you","title":"Take a look what we are offering to you","heading_selector":"h3","use_link":0,"title_link":"","link_new_tab":"0","title_fontsize":{"md":"18","sm":"","xs":"16"},"title_fontstyle":null,"title_fontweight":"300","title_lineheight":{"md":"","sm":"","xs":""},"title_letterspace":"0","title_margin":{"md":"0px 0px 30px 0px","sm":"   ","xs":"   "},"title_padding":{"md":"0px 0px 0px 0px","sm":"   ","xs":"   "},"alignment":"sppb-text-center","class":"","global_text_color":"rgba(153, 153, 153, 1)","global_link_color":"","global_link_hover_color":"","global_use_background":"0","global_background_color":"","global_background_image":"","global_background_repeat":"no-repeat","global_background_size":"cover","global_background_attachment":"inherit","global_user_border":"0","global_border_width":"","global_border_color":"","global_boder_style":"none","global_border_radius":"","global_margin":"","global_padding":"","global_use_animation":"0","global_animation":"","global_animationduration":"300","global_animationdelay":"0","hidden_md":"0","hidden_sm":"0","hidden_xs":"0","acl":null}}]}]},{"id":1509974985425,"visibility":true,"collapse":false,"settings":{"default":{"admin_label":"","title":"","heading_selector":"h3","title_fontsize":"","title_fontweight":"","title_position":"sppb-text-center","columns_align_center":0,"fullscreen":0,"no_gutter":0,"padding":"50px 0px 50px 0px","margin":"0px 0px 0px 0px","background_image":"","background_parallax":"0","background_repeat":"no-repeat","background_size":"cover","background_attachment":"fixed","background_position":"0 0","background_video":"0","external_background_video":"0","show_top_shape":"","shape_name":"clouds-flat","shape_color":"#e5e5e5","shape_width":{"md":100,"sm":100,"xs":100},"shape_height":"","shape_flip":false,"shape_invert":false,"shape_to_front":false,"show_bottom_shape":"","bottom_shape_name":"clouds-opacity","bottom_shape_color":"#e5e5e5","bottom_shape_width":{"md":100,"sm":100,"xs":100},"bottom_shape_height":"","bottom_shape_flip":false,"bottom_shape_invert":false,"bottom_shape_to_front":false,"hidden_xs":"","hidden_sm":"","hidden_md":"","animationduration":"300","animationdelay":"0"},"padding":{"md":"30px 0px 70px 0px","sm":"   ","xs":"10px  20px "},"margin":{"md":"   ","sm":"   ","xs":"   "},"background_parallax":0,"background_video":0,"show_top_shape":0,"show_bottom_shape":0,"background_color":"#FAFAFA","columns_align_center":0,"fullscreen":0,"no_gutter":0},"layout":"3,3,3,3","columns":[{"id":1509974985421,"class_name":"col-md-3","visibility":true,"settings":{"default":{"background_image":"","background_repeat":"no-repeat","background_size":"cover","background_attachment":"scroll","background_position":"0 0","items_align_center":0,"boxshadow":"0 0 0 0 #fff","sm_col":"","xs_col":"","hidden_xs":"","hidden_sm":"","hidden_md":"","animationduration":"300","animationdelay":"0"},"items_align_center":0,"padding":{"md":"   ","sm":"   ","xs":"   "},"hidden_xs":0,"hidden_sm":0,"hidden_md":0,"sm_col":"col-sm-6"},"addons":[{"id":1499252017893,"name":"flip_box","visibility":true,"settings":{"admin_label":"Gallery image 1","flip_bhave":"hover","front_text":"","flip_text":"<h3 style=\"font-size: 14px;font-weight: 400;\">Architecture</h3>\n<h4 style=\"font-size: 20px;font-weight: 500;\">Interior Design</h4><br>\n<a href=\"#\" class=\"btn btn-primary\" style=\"background: #fff;color: #293340;font-size: 14px;border: none; padding: 11px 30px; border-radius: 5px;\">Live Demo</a>","class":"","flip_style":"slide_style","rotate":"flip_top","height":"255","text_align":"center","border_styles":null,"border_color":"","front_bgcolor":"","front_bgimg":"https://sppagebuilder.com/sample-data/images/2017/07/10/architect-gallery1.jpg","front_textcolor":"","back_bgcolor":"rgba(255, 209, 0, 1)","back_bgimg":"","back_textcolor":"rgba(51, 51, 51, 1)","global_text_color":"","global_link_color":"","global_link_hover_color":"","global_use_background":0,"global_background_color":"","global_background_image":"","global_background_repeat":"no-repeat","global_background_size":"cover","global_background_attachment":"inherit","global_user_border":0,"global_border_width":"","global_border_color":"","global_boder_style":"none","global_border_radius":"","global_margin":{"md":"0 0 30px 0","sm":"   ","xs":"   "},"global_padding":{"md":"   ","sm":"   ","xs":"   "},"global_use_animation":0,"global_animation":"","global_animationduration":"300","global_animationdelay":"0","hidden_md":"0","hidden_sm":"0","hidden_xs":"0","acl":null}},{"id":1499667001813,"name":"flip_box","visibility":true,"settings":{"admin_label":"Gallery image 5","flip_bhave":"hover","front_text":"","flip_text":"<h3 style=\"font-size: 14px;font-weight: 400;\">Architecture</h3>\n<h4 style=\"font-size: 20px;font-weight: 500;\">Interior Design</h4><br>\n<a href=\"#\" class=\"btn btn-primary\" style=\"background: #fff;color: #293340;font-size: 14px;border: none; padding: 11px 30px; border-radius: 5px;\">Live Demo</a>","class":"","flip_style":"slide_style","rotate":"flip_top","height":"255","text_align":"center","border_styles":null,"border_color":"","front_bgcolor":"","front_bgimg":"https://sppagebuilder.com/sample-data/images/2017/07/10/architect-gallery5.png","front_textcolor":"","back_bgcolor":"rgba(255, 209, 0, 1)","back_bgimg":"","back_textcolor":"rgba(51, 51, 51, 1)","global_text_color":"","global_link_color":"","global_link_hover_color":"","global_use_background":0,"global_background_color":"","global_background_image":"","global_background_repeat":"no-repeat","global_background_size":"cover","global_background_attachment":"inherit","global_user_border":0,"global_border_width":"","global_border_color":"","global_boder_style":"none","global_border_radius":"","global_margin":{"md":"0 0 30px 0","sm":"   ","xs":"   "},"global_padding":{"md":"   ","sm":"   ","xs":"   "},"global_use_animation":0,"global_animation":"","global_animationduration":"300","global_animationdelay":"0","hidden_md":"0","hidden_sm":"0","hidden_xs":"0","acl":null}}]},{"id":1509974985422,"class_name":"col-md-3","visibility":true,"settings":{"default":{"background_image":"","background_repeat":"no-repeat","background_size":"cover","background_attachment":"scroll","background_position":"0 0","items_align_center":0,"boxshadow":"0 0 0 0 #fff","sm_col":"","xs_col":"","hidden_xs":"","hidden_sm":"","hidden_md":"","animationduration":"300","animationdelay":"0"},"items_align_center":0,"padding":{"md":"   ","sm":"   ","xs":"   "},"hidden_xs":0,"hidden_sm":0,"hidden_md":0,"sm_col":"col-sm-6"},"addons":[{"id":1499667001828,"name":"flip_box","visibility":true,"settings":{"admin_label":"Gallery image 2","flip_bhave":"hover","front_text":"","flip_text":"<h3 style=\"font-size: 14px;font-weight: 400;\">Architecture</h3>\n<h4 style=\"font-size: 20px;font-weight: 500;\">Interior Design</h4><br>\n<a href=\"#\" class=\"btn btn-primary\" style=\"background: #fff;color: #293340;font-size: 14px;border: none; padding: 11px 30px; border-radius: 5px;\">Live Demo</a>","class":"","flip_style":"slide_style","rotate":"flip_top","height":"255","text_align":"center","border_styles":null,"border_color":"","front_bgcolor":"","front_bgimg":"https://sppagebuilder.com/sample-data/images/2017/07/10/architect-gallery2.jpg","front_textcolor":"","back_bgcolor":"rgba(255, 209, 0, 1)","back_bgimg":"","back_textcolor":"rgba(51, 51, 51, 1)","global_text_color":"","global_link_color":"","global_link_hover_color":"","global_use_background":0,"global_background_color":"","global_background_image":"","global_background_repeat":"no-repeat","global_background_size":"cover","global_background_attachment":"inherit","global_user_border":0,"global_border_width":"","global_border_color":"","global_boder_style":"none","global_border_radius":"","global_margin":{"md":"0 0 30px 0","sm":"   ","xs":"   "},"global_padding":{"md":"   ","sm":"   ","xs":"   "},"global_use_animation":0,"global_animation":"","global_animationduration":"300","global_animationdelay":"0","hidden_md":"0","hidden_sm":"0","hidden_xs":"0","acl":null}},{"id":1499667001823,"name":"flip_box","visibility":true,"settings":{"admin_label":"Gallery image 6","flip_bhave":"hover","front_text":"","flip_text":"<h3 style=\"font-size: 14px;font-weight: 400;\">Architecture</h3>\n<h4 style=\"font-size: 20px;font-weight: 500;\">Interior Design</h4><br>\n<a href=\"#\" class=\"btn btn-primary\" style=\"background: #fff;color: #293340;font-size: 14px;border: none; padding: 11px 30px; border-radius: 5px;\">Live Demo</a>","class":"","flip_style":"slide_style","rotate":"flip_top","height":"255","text_align":"center","border_styles":null,"border_color":"","front_bgcolor":"","front_bgimg":"https://sppagebuilder.com/sample-data/images/2017/07/10/architect-gallery6.png","front_textcolor":"","back_bgcolor":"rgba(255, 209, 0, 1)","back_bgimg":"","back_textcolor":"rgba(51, 51, 51, 1)","global_text_color":"","global_link_color":"","global_link_hover_color":"","global_use_background":0,"global_background_color":"","global_background_image":"","global_background_repeat":"no-repeat","global_background_size":"cover","global_background_attachment":"inherit","global_user_border":0,"global_border_width":"","global_border_color":"","global_boder_style":"none","global_border_radius":"","global_margin":{"md":"0 0 30px 0","sm":"   ","xs":"   "},"global_padding":{"md":"   ","sm":"   ","xs":"   "},"global_use_animation":0,"global_animation":"","global_animationduration":"300","global_animationdelay":"0","hidden_md":"0","hidden_sm":"0","hidden_xs":"0","acl":null}}]},{"id":1509974985423,"class_name":"col-md-3","visibility":true,"settings":{"default":{"background_image":"","background_repeat":"no-repeat","background_size":"cover","background_attachment":"scroll","background_position":"0 0","items_align_center":0,"boxshadow":"0 0 0 0 #fff","sm_col":"","xs_col":"","hidden_xs":"","hidden_sm":"","hidden_md":"","animationduration":"300","animationdelay":"0"},"items_align_center":0,"padding":{"md":"   ","sm":"   ","xs":"   "},"hidden_xs":0,"hidden_sm":0,"hidden_md":0,"sm_col":"col-sm-6"},"addons":[{"id":1499667001838,"name":"flip_box","visibility":true,"settings":{"admin_label":"Gallery image 3","flip_bhave":"hover","front_text":"","flip_text":"<h3 style=\"font-size: 14px;font-weight: 400;\">Architecture</h3>\n<h4 style=\"font-size: 20px;font-weight: 500;\">Interior Design</h4><br>\n<a href=\"#\" class=\"btn btn-primary\" style=\"background: #fff;color: #293340;font-size: 14px;border: none; padding: 11px 30px; border-radius: 5px;\">Live Demo</a>","class":"","flip_style":"slide_style","rotate":"flip_top","height":"255","text_align":"center","border_styles":null,"border_color":"","front_bgcolor":"","front_bgimg":"https://sppagebuilder.com/sample-data/images/2017/07/10/architect-gallery3.jpg","front_textcolor":"","back_bgcolor":"rgba(255, 209, 0, 1)","back_bgimg":"","back_textcolor":"rgba(51, 51, 51, 1)","global_text_color":"","global_link_color":"","global_link_hover_color":"","global_use_background":0,"global_background_color":"","global_background_image":"","global_background_repeat":"no-repeat","global_background_size":"cover","global_background_attachment":"inherit","global_user_border":0,"global_border_width":"","global_border_color":"","global_boder_style":"none","global_border_radius":"","global_margin":{"md":"0 0 30px 0","sm":"   ","xs":"   "},"global_padding":{"md":"   ","sm":"   ","xs":"   "},"global_use_animation":0,"global_animation":"","global_animationduration":"300","global_animationdelay":"0","hidden_md":"0","hidden_sm":"0","hidden_xs":"0","acl":null}},{"id":1499667001833,"name":"flip_box","visibility":true,"settings":{"admin_label":"Gallery image 7","flip_bhave":"hover","front_text":"","flip_text":"<h3 style=\"font-size: 14px;font-weight: 400;\">Architecture</h3>\n<h4 style=\"font-size: 20px;font-weight: 500;\">Interior Design</h4><br>\n<a href=\"#\" class=\"btn btn-primary\" style=\"background: #fff;color: #293340;font-size: 14px;border: none; padding: 11px 30px; border-radius: 5px;\">Live Demo</a>","class":"","flip_style":"slide_style","rotate":"flip_top","height":"255","text_align":"center","border_styles":null,"border_color":"","front_bgcolor":"","front_bgimg":"https://sppagebuilder.com/sample-data/images/2017/07/10/architect-gallery7.jpg","front_textcolor":"","back_bgcolor":"rgba(255, 209, 0, 1)","back_bgimg":"","back_textcolor":"rgba(51, 51, 51, 1)","global_text_color":"","global_link_color":"","global_link_hover_color":"","global_use_background":0,"global_background_color":"","global_background_image":"","global_background_repeat":"no-repeat","global_background_size":"cover","global_background_attachment":"inherit","global_user_border":0,"global_border_width":"","global_border_color":"","global_boder_style":"none","global_border_radius":"","global_margin":{"md":"0 0 30px 0","sm":"   ","xs":"   "},"global_padding":{"md":"   ","sm":"   ","xs":"   "},"global_use_animation":0,"global_animation":"","global_animationduration":"300","global_animationdelay":"0","hidden_md":"0","hidden_sm":"0","hidden_xs":"0","acl":null}}]},{"id":1509974985424,"class_name":"col-md-3","visibility":true,"settings":{"default":{"background_image":"","background_repeat":"no-repeat","background_size":"cover","background_attachment":"scroll","background_position":"0 0","items_align_center":0,"boxshadow":"0 0 0 0 #fff","sm_col":"","xs_col":"","hidden_xs":"","hidden_sm":"","hidden_md":"","animationduration":"300","animationdelay":"0"},"items_align_center":0,"padding":{"md":"   ","sm":"   ","xs":"   "},"hidden_xs":0,"hidden_sm":0,"hidden_md":0,"sm_col":"col-sm-6"},"addons":[{"id":1499667001818,"name":"flip_box","visibility":true,"settings":{"admin_label":"Gallery image 4","flip_bhave":"hover","front_text":"","flip_text":"<h3 style=\"font-size: 14px;font-weight: 400;\">Architecture</h3>\n<h4 style=\"font-size: 20px;font-weight: 500;\">Interior Design</h4><br>\n<a href=\"#\" class=\"btn btn-primary\" style=\"background: #fff;color: #293340;font-size: 14px;border: none; padding: 11px 30px; border-radius: 5px;\">Live Demo</a>","class":"","flip_style":"slide_style","rotate":"flip_top","height":"255","text_align":"center","border_styles":null,"border_color":"","front_bgcolor":"","front_bgimg":"https://sppagebuilder.com/sample-data/images/2017/07/10/architect-gallery4.jpg","front_textcolor":"","back_bgcolor":"rgba(255, 209, 0, 1)","back_bgimg":"","back_textcolor":"rgba(51, 51, 51, 1)","global_text_color":"","global_link_color":"","global_link_hover_color":"","global_use_background":0,"global_background_color":"","global_background_image":"","global_background_repeat":"no-repeat","global_background_size":"cover","global_background_attachment":"inherit","global_user_border":0,"global_border_width":"","global_border_color":"","global_boder_style":"none","global_border_radius":"","global_margin":{"md":"0 0 30px 0","sm":"   ","xs":"   "},"global_padding":{"md":"   ","sm":"   ","xs":"   "},"global_use_animation":0,"global_animation":"","global_animationduration":"300","global_animationdelay":"0","hidden_md":"0","hidden_sm":"0","hidden_xs":"0","acl":null}},{"id":1499667001843,"name":"flip_box","visibility":true,"settings":{"admin_label":"Gallery image 1","flip_bhave":"hover","front_text":"","flip_text":"<h3 style=\"font-size: 14px;font-weight: 400;\">Architecture</h3>\n<h4 style=\"font-size: 20px;font-weight: 500;\">Interior Design</h4><br>\n<a href=\"#\" class=\"btn btn-primary\" style=\"background: #fff;color: #293340;font-size: 14px;border: none; padding: 11px 30px; border-radius: 5px;\">Live Demo</a>","class":"","flip_style":"slide_style","rotate":"flip_top","height":"255","text_align":"center","border_styles":null,"border_color":"","front_bgcolor":"","front_bgimg":"https://sppagebuilder.com/sample-data/images/2017/07/10/architect-gallery1.jpg","front_textcolor":"","back_bgcolor":"rgba(255, 209, 0, 1)","back_bgimg":"","back_textcolor":"rgba(51, 51, 51, 1)","global_text_color":"","global_link_color":"","global_link_hover_color":"","global_use_background":0,"global_background_color":"","global_background_image":"","global_background_repeat":"no-repeat","global_background_size":"cover","global_background_attachment":"inherit","global_user_border":0,"global_border_width":"","global_border_color":"","global_boder_style":"none","global_border_radius":"","global_margin":{"md":"0 0 30px 0","sm":"   ","xs":"   "},"global_padding":{"md":"   ","sm":"   ","xs":"   "},"global_use_animation":0,"global_animation":"","global_animationduration":"300","global_animationdelay":"0","hidden_md":"0","hidden_sm":"0","hidden_xs":"0","acl":null}}]}]},{"id":1509974985524,"visibility":true,"collapse":false,"settings":{"admin_label":"Features","title":"","heading_selector":"h3","title_fontsize":"","title_fontweight":"","title_text_color":"","title_margin_top":"","title_margin_bottom":"","subtitle":"","subtitle_fontsize":"","title_position":"sppb-text-center","columns_equal_height":"0","fullscreen":0,"no_gutter":0,"id":"","class":"","padding":{"md":"100px 0px 100px 0px","sm":"   ","xs":"50px  50px "},"margin":{"md":"   ","sm":"   ","xs":"   "},"color":"","background_color":"#ffffff","background_image":"","overlay":"","background_repeat":"no-repeat","background_size":"cover","background_attachment":"fixed","background_position":"0 0","background_video":0,"background_video_mp4":"","background_video_ogv":"","hidden_xs":"","hidden_sm":"","hidden_md":"","animation":"","animationduration":"300","animationdelay":"0","columns_align_center":0,"background_parallax":0,"show_top_shape":0,"show_bottom_shape":0},"layout":"12","columns":[{"id":1509974985525,"class_name":"col-md-12","visibility":true,"settings":{},"addons":[{"id":1509974985526,"name":"heading","visibility":true,"settings":{"admin_label":"","title":"Testimonial","heading_selector":"h2","use_link":0,"title_link":"","link_new_tab":"0","title_fontsize":{"md":"36","sm":"","xs":"30"},"title_fontstyle":null,"title_fontweight":"700","title_lineheight":"","title_letterspace":"0","title_margin":{"md":"0px 0px 20px 0px","sm":"   ","xs":"   "},"title_padding":{"md":"0px 0px 0px 0px","sm":"   ","xs":"   "},"alignment":"sppb-text-center","class":"","global_text_color":"rgba(51, 51, 51, 1)","global_link_color":"","global_link_hover_color":"","global_use_background":"0","global_background_color":"","global_background_image":"","global_background_repeat":"no-repeat","global_background_size":"cover","global_background_attachment":"inherit","global_user_border":"0","global_border_width":"","global_border_color":"","global_boder_style":"none","global_border_radius":"","global_margin":"","global_padding":"","global_use_animation":"0","global_animation":"","global_animationduration":"300","global_animationdelay":"0","hidden_md":"0","hidden_sm":"0","hidden_xs":"0","acl":null}},{"id":1509974985527,"name":"heading","visibility":true,"settings":{"admin_label":"Take a look what we are offering to you","title":"Take a look what we are offering to you","heading_selector":"h3","use_link":0,"title_link":"","link_new_tab":"0","title_fontsize":{"md":"18","sm":"","xs":"16"},"title_fontstyle":null,"title_fontweight":"300","title_lineheight":{"md":"26","sm":"","xs":""},"title_letterspace":"0","title_margin":{"md":"0px 0px 50px 0px","sm":"   ","xs":"0px 0px 30px 0px"},"title_padding":{"md":"0px 0px 0px 0px","sm":"   ","xs":"   "},"alignment":"sppb-text-center","class":"","global_text_color":"rgba(153, 153, 153, 1)","global_link_color":"","global_link_hover_color":"","global_use_background":"0","global_background_color":"","global_background_image":"","global_background_repeat":"no-repeat","global_background_size":"cover","global_background_attachment":"inherit","global_user_border":"0","global_border_width":"","global_border_color":"","global_boder_style":"none","global_border_radius":"","global_margin":"","global_padding":"","global_use_animation":"0","global_animation":"","global_animationduration":"300","global_animationdelay":"0","hidden_md":"0","hidden_sm":"0","hidden_xs":"0","acl":null}},{"id":1509978229915,"name":"testimonial","visibility":true,"settings":{"admin_label":"","title":"","heading_selector":"h3","title_fontsize":"","title_lineheight":"","title_letterspace":"0","title_fontweight":"","show_quote":0,"icon_size":{"md":48,"sm":48,"xs":48},"icon_color":"#EDEEF2","review":"It is a long established fact that a reader will be distracted by the readable content of a page when looking at its layout. The point of using Lorem Ipsum is that it has a more-or-less normal distribution of letters, as opposed to using 'Content here, content here', making it look like readable English.","name":"John Doe","company":"CEO, JoomShaper","avatar_width":"46","avatar_shape":"sppb-avatar-circle","link":"","alignment":"sppb-text-center","class":"","avatar":"https://sppagebuilder.com/sample-data/images/2017/07/06/client1.png","review_size":{"md":"16","sm":"","xs":""},"review_line_height":{"md":"26","sm":"","xs":""},"global_use_background":0,"global_user_border":0,"global_margin":{"md":"   ","sm":"   ","xs":"   "},"global_padding":{"md":"0px 100px 0px 100px","sm":"0px 0px 0px 0px","xs":"0px 0px 0px 0px"},"global_use_animation":0}}]}]},{"id":1499667001880,"visibility":true,"collapse":false,"settings":{"admin_label":"CTA","title":"","heading_selector":"h3","title_fontsize":"","title_fontweight":"","title_text_color":"","title_margin_top":"","title_margin_bottom":"","subtitle":"","subtitle_fontsize":"","title_position":"sppb-text-center","columns_equal_height":"0","fullscreen":0,"no_gutter":0,"id":"","class":"","padding":{"md":"100px 0px 100px 0px","sm":"   ","xs":"50px  50px "},"margin":{"md":"0px 0px 0px 0px","sm":"   ","xs":"   "},"color":"rgba(51, 51, 51, 1)","background_color":"rgba(255, 209, 0, 1)","background_image":"","overlay":"","background_repeat":"no-repeat","background_size":"cover","background_attachment":"fixed","background_position":"0 0","background_video":0,"background_video_mp4":"","background_video_ogv":"","hidden_xs":"","hidden_sm":"","hidden_md":"","animation":"","animationduration":"300","animationdelay":"0","columns_align_center":0,"background_parallax":0,"show_top_shape":0,"show_bottom_shape":0},"layout":"12","columns":[{"id":1499667001881,"class_name":"col-md-12","visibility":true,"settings":{},"addons":[{"id":1509978512259,"name":"text_block","visibility":true,"settings":{"admin_label":"","title":"5 Reasons To Choose Us","heading_selector":"h3","title_fontsize":{"md":"36","sm":"","xs":"25"},"title_lineheight":{"md":"42","sm":"","xs":""},"title_letterspace":"0","title_fontweight":"","text":"It is a long established fact that a reader will be distracted by the readable content of a page when<br /> looking at its layout. The point of using Lorem Ipsum is that it has.","alignment":"sppb-text-center","text_fontsize":{"md":"","sm":"","xs":"14"},"text_lineheight":"","dropcap":0,"class":"","title_font_style":{"weight":700},"title_margin_top":{"md":"0","sm":"","xs":""},"title_margin_bottom":{"md":"20","sm":"","xs":""},"global_use_background":0,"global_user_border":0,"global_margin":{"md":"0px 0px 30px 0px","sm":"   ","xs":"   "},"global_padding":{"md":"   ","sm":"   ","xs":"   "},"global_use_animation":0}},{"id":1499667001900,"name":"button","visibility":true,"settings":{"admin_label":"Contact Us","text":"Contact Us","alignment":"sppb-text-center","fontstyle":["uppercase","bold"],"letterspace":"0","url":"#","target":"","type":"custom","appearance":"","background_color":"rgba(255, 255, 255, 1)","color":"rgba(51, 51, 51, 1)","background_color_hover":"rgba(255, 255, 255, 1)","color_hover":"rgba(51, 51, 51, 1)","button_padding":"12px 40px 12px 40px","size":"","shape":"rounded","block":"","icon":"","icon_position":"left","class":"","global_text_color":"","global_link_color":"","global_link_hover_color":"","global_use_background":"0","global_background_color":"","global_background_image":"","global_background_repeat":"no-repeat","global_background_size":"cover","global_background_attachment":"inherit","global_user_border":"0","global_border_width":"","global_border_color":"","global_boder_style":"none","global_border_radius":"","global_margin":"","global_padding":"","global_use_animation":"0","global_animation":"","global_animationduration":"300","global_animationdelay":"0","hidden_md":"0","hidden_sm":"0","hidden_xs":"0","acl":null}}]}]},{"id":1509974985694,"visibility":true,"collapse":false,"settings":{"admin_label":"Features","title":"","heading_selector":"h3","title_fontsize":"","title_fontweight":"","title_text_color":"","title_margin_top":"","title_margin_bottom":"","subtitle":"","subtitle_fontsize":"","title_position":"sppb-text-center","columns_equal_height":"0","fullscreen":0,"no_gutter":0,"id":"","class":"","padding":{"md":"100px 0px 100px 0px","sm":"   ","xs":"50px  50px "},"margin":{"md":"0px 0px 0px 0px","sm":"   ","xs":"   "},"color":"","background_color":"#ffffff","background_image":"","overlay":"","background_repeat":"no-repeat","background_size":"cover","background_attachment":"fixed","background_position":"0 0","background_video":0,"background_video_mp4":"","background_video_ogv":"","hidden_xs":"","hidden_sm":"","hidden_md":"","animation":"","animationduration":"300","animationdelay":"0","columns_align_center":0,"background_parallax":0,"show_top_shape":0,"show_bottom_shape":0},"layout":"12","columns":[{"id":1509974985695,"class_name":"col-md-12","visibility":true,"settings":{},"addons":[{"id":1509974985696,"name":"heading","visibility":true,"settings":{"admin_label":"","title":"Get in Touch","heading_selector":"h2","use_link":0,"title_link":"","link_new_tab":"0","title_fontsize":{"md":"36","sm":"","xs":"30"},"title_fontstyle":null,"title_fontweight":"700","title_lineheight":"","title_letterspace":"0","title_margin":{"md":"0px 0px 20px 0px","sm":"   ","xs":"   "},"title_padding":{"md":"0px 0px 0px 0px","sm":"   ","xs":"   "},"alignment":"sppb-text-center","class":"","global_text_color":"rgba(51, 51, 51, 1)","global_link_color":"","global_link_hover_color":"","global_use_background":"0","global_background_color":"","global_background_image":"","global_background_repeat":"no-repeat","global_background_size":"cover","global_background_attachment":"inherit","global_user_border":"0","global_border_width":"","global_border_color":"","global_boder_style":"none","global_border_radius":"","global_margin":"","global_padding":"","global_use_animation":"0","global_animation":"","global_animationduration":"300","global_animationdelay":"0","hidden_md":"0","hidden_sm":"0","hidden_xs":"0","acl":null}},{"id":1509974985697,"name":"heading","visibility":true,"settings":{"admin_label":"","title":"For any query please contact us via this form","heading_selector":"h3","use_link":0,"title_link":"","link_new_tab":"0","title_fontsize":{"md":"18","sm":"","xs":"16"},"title_fontstyle":null,"title_fontweight":"300","title_lineheight":{"md":"26","sm":"","xs":""},"title_letterspace":"0","title_margin":{"md":"0px 0px 70px 0px","sm":"   ","xs":"0px 0px 30px 0px"},"title_padding":{"md":"0px 0px 0px 0px","sm":"   ","xs":"   "},"alignment":"sppb-text-center","class":"","global_text_color":"rgba(153, 153, 153, 1)","global_link_color":"","global_link_hover_color":"","global_use_background":"0","global_background_color":"","global_background_image":"","global_background_repeat":"no-repeat","global_background_size":"cover","global_background_attachment":"inherit","global_user_border":"0","global_border_width":"","global_border_color":"","global_boder_style":"none","global_border_radius":"","global_margin":"","global_padding":"","global_use_animation":"0","global_animation":"","global_animationduration":"300","global_animationdelay":"0","hidden_md":"0","hidden_sm":"0","hidden_xs":"0","acl":null}},{"id":1499677031351,"name":"ajax_contact","visibility":true,"settings":{"admin_label":"","title":"","heading_selector":"h3","title_fontsize":"","title_lineheight":"","title_fontstyle":null,"title_letterspace":"0","title_fontweight":"","title_text_color":"","title_margin_top":"","title_margin_bottom":"","recipient_email":"email@yourdomain.com","from_name":"","from_email":"","formcaptcha":0,"captcha_type":"default","captcha_question":"3 + 4 = ?","captcha_answer":"7","use_custom_button":1,"button_text":"Submit Your Text","button_fontstyle":null,"button_letterspace":"0","button_type":"custom","button_appearance":"","button_background_color":"rgba(255, 209, 0, 1)","button_color":"rgba(51, 51, 51, 1)","button_background_color_hover":"rgba(255, 209, 0, 1)","button_color_hover":"rgba(51, 51, 51, 1)","button_size":"lg","button_shape":"rounded","button_block":"","button_icon":"","button_icon_position":"left","class":"text-center","global_text_color":"","global_link_color":"","global_link_hover_color":"","global_use_background":"0","global_background_color":"","global_background_image":"","global_background_repeat":"no-repeat","global_background_size":"cover","global_background_attachment":"inherit","global_user_border":"0","global_border_width":"","global_border_color":"","global_boder_style":"none","global_border_radius":"","global_margin":"","global_padding":"","global_use_animation":"0","global_animation":"","global_animationduration":"300","global_animationdelay":"0","hidden_md":"0","hidden_sm":"0","hidden_xs":"0","acl":null,"show_label":0}}]}]}]