[{"id":1494485826191,"visibility":true,"collapse":false,"settings":{"admin_label":"BUSINESS CONFERENCE","title":"","heading_selector":"h3","title_fontsize":"","title_fontweight":"","title_text_color":"","title_margin_top":"","title_margin_bottom":"","subtitle":"","subtitle_fontsize":"","title_position":"sppb-text-center","columns_equal_height":"0","fullscreen":0,"no_gutter":0,"id":"","class":"","padding":{"md":"185px  200px ","sm":"150px  150px ","xs":"70px  80px "},"margin":{"md":"   ","sm":"   ","xs":"   "},"color":"rgba(255, 255, 255, 1)","background_color":"","background_image":"https://sppagebuilder.com/sample-data/images/2017/07/07/music-event.jpg","overlay":"","background_repeat":"no-repeat","background_size":"cover","background_attachment":"inherit","background_position":"50% 50%","background_video":0,"background_video_mp4":"","background_video_ogv":"","hidden_xs":"","hidden_sm":"","hidden_md":"","animation":"","animationduration":"300","animationdelay":"0","columns_align_center":0,"background_parallax":0,"show_top_shape":0,"show_bottom_shape":0},"layout":"12","columns":[{"id":1499417229109,"class_name":"col-md-12","visibility":true,"settings":{},"addons":[{"id":1494486779456,"name":"countdown","visibility":true,"settings":{"admin_label":"","title":"","heading_selector":"h3","title_fontsize":"","title_lineheight":"","title_fontstyle":null,"title_letterspace":"0","title_fontweight":"","title_text_color":"","title_margin_top":"","title_margin_bottom":"","date":"2018/05/25","time":"20:23","finish_text":"Finally we are here","counter_height":{"md":"60","sm":"","xs":"45"},"counter_width":{"md":"80","sm":"","xs":"45"},"counter_font_size":{"md":"40","sm":"","xs":"25"},"counter_text_color":"","counter_background_color":"","counter_user_border":0,"counter_border_width":"1","counter_border_color":"#e5e5e5","counter_border_style":"solid","counter_border_radius":"","label_font_size":"20","label_color":"","class":"","global_text_color":"","global_link_color":"","global_link_hover_color":"","global_use_background":0,"global_background_color":"","global_background_image":"","global_background_repeat":"no-repeat","global_background_size":"cover","global_background_attachment":"inherit","global_user_border":0,"global_border_width":"","global_border_color":"","global_boder_style":"none","global_border_radius":"","global_margin":{"md":" auto 8px auto","sm":"   ","xs":"   "},"global_padding":{"md":"   ","sm":"   ","xs":"   "},"global_use_animation":1,"global_animation":"fadeIn","global_animationduration":"","global_animationdelay":"","hidden_md":0,"hidden_sm":0,"hidden_xs":0,"acl":null,"use_global_width":1,"global_width":{"md":"48","sm":"65","xs":"60"}}},{"id":1494486112649,"name":"heading","visibility":true,"settings":{"admin_label":"Music festival","title":"Music festival","heading_selector":"h2","use_link":0,"title_link":"","link_new_tab":"0","title_fontsize":{"md":"66","sm":"55","xs":"35"},"title_fontstyle":["uppercase"],"title_fontweight":"900","title_lineheight":{"md":"85","sm":"70","xs":"50"},"title_letterspace":"0","title_margin":{"md":"0px 0px 10px 0px","sm":"   ","xs":"  0px "},"title_padding":{"md":"0px 0px 0px 0px","sm":"   ","xs":"   "},"alignment":"sppb-text-center","class":"","global_text_color":"","global_link_color":"","global_link_hover_color":"","global_use_background":0,"global_background_color":"","global_background_image":"","global_background_repeat":"no-repeat","global_background_size":"cover","global_background_attachment":"inherit","global_user_border":0,"global_border_width":"","global_border_color":"","global_boder_style":"none","global_border_radius":"","global_margin":{"md":"   ","sm":"   ","xs":"   "},"global_padding":{"md":"   ","sm":"   ","xs":"   "},"global_use_animation":1,"global_animation":"fadeInDown","global_animationduration":"","global_animationdelay":"200","hidden_md":"0","hidden_sm":"0","hidden_xs":"0","acl":null}},{"id":1494485926579,"name":"heading","visibility":true,"settings":{"admin_label":"18 - 21 DECEMBER, 2017, LONDON","title":"18 - 21 DECEMBER, 2017, LONDON","heading_selector":"h2","use_link":0,"title_link":"","link_new_tab":"0","title_fontsize":{"md":"24","sm":"20","xs":"16"},"title_fontstyle":["uppercase"],"title_fontweight":"600","title_lineheight":{"md":"35","sm":"30","xs":"24"},"title_letterspace":"0","title_margin":{"md":"0px 0px 34px 0px","sm":"  25px ","xs":"  20px "},"title_padding":{"md":"   ","sm":"   ","xs":"   "},"alignment":"sppb-text-center","class":"","global_text_color":"","global_link_color":"","global_link_hover_color":"","global_use_background":"0","global_background_color":"","global_background_image":"","global_background_repeat":"no-repeat","global_background_size":"cover","global_background_attachment":"inherit","global_user_border":"0","global_border_width":"","global_border_color":"","global_boder_style":"none","global_border_radius":"","global_margin":"","global_padding":"","global_use_animation":"1","global_animation":"fadeInDown","global_animationduration":"","global_animationdelay":"400","hidden_md":"0","hidden_sm":"0","hidden_xs":"0","acl":null}},{"id":1499419078195,"name":"button_group","visibility":true,"settings":{"admin_label":"","alignment":"sppb-text-center","margin":"10","class":"","sp_button_group_item":[{"title":"CONTACT US","fontstyle":null,"letterspace":"0","url":"","type":"custom","appearance":"","background_color":"rgba(255, 26, 126, 1)","color":"#ffffff","background_color_hover":"rgba(235, 23, 104, 1)","color_hover":"#ffffff","size":"","button_padding":{"md":"14px 40px 14px 40px","sm":"10px 20px 10px 20px","xs":"10px 20px 10px 20px"},"shape":"rounded","block":"","icon":"","icon_position":"left","target":""},{"title":"REGISTER NOW","fontstyle":null,"letterspace":"0","url":"#","type":"custom","appearance":"","background_color":"rgba(255, 255, 255, 1)","color":"rgba(68, 68, 68, 1)","background_color_hover":"rgba(255, 255, 255, 1)","color_hover":"rgba(68, 68, 68, 1)","size":"","button_padding":{"md":"14px 40px 14px 40px","sm":"10px 20px 10px 20px","xs":"10px 20px 10px 20px"},"shape":"rounded","block":"","icon":"","icon_position":"left","target":""}],"global_text_color":"","global_link_color":"","global_link_hover_color":"","global_use_background":"0","global_background_color":"","global_background_image":"","global_background_repeat":"no-repeat","global_background_size":"cover","global_background_attachment":"inherit","global_user_border":"0","global_border_width":"","global_border_color":"","global_boder_style":"none","global_border_radius":"","global_margin":"","global_padding":"","global_use_animation":"1","global_animation":"fadeInDown","global_animationduration":"","global_animationdelay":"600","hidden_md":"0","hidden_sm":"0","hidden_xs":"0","acl":null}}]}]},{"id":1494485926610,"visibility":true,"collapse":false,"settings":{"admin_label":"Event Speakers","title":"","heading_selector":"h3","title_fontsize":"","title_fontweight":"","title_text_color":"","title_margin_top":"","title_margin_bottom":"","subtitle":"","subtitle_fontsize":"","title_position":"sppb-text-center","columns_equal_height":"0","fullscreen":0,"no_gutter":0,"id":"","class":"","padding":{"md":"95px  70px ","sm":"50px  40px ","xs":"40px  40px "},"margin":{"md":"   ","sm":"   ","xs":"   "},"color":"rgba(255, 255, 255, 1)","background_color":"rgba(255, 26, 126, 1)","background_image":"","overlay":"","background_repeat":"no-repeat","background_size":"cover","background_attachment":"fixed","background_position":"0 0","background_video":0,"background_video_mp4":"","background_video_ogv":"","hidden_xs":"","hidden_sm":"","hidden_md":"","animation":"fadeIn","animationduration":"700","animationdelay":"","columns_align_center":0,"background_parallax":0,"show_top_shape":0,"show_bottom_shape":0},"layout":"12","columns":[{"id":1494485926611,"class_name":"col-md-12","visibility":true,"settings":{},"addons":[{"id":1494487052277,"name":"heading","visibility":true,"settings":{"admin_label":"ARTISTS","title":"Artists","heading_selector":"h2","use_link":0,"title_link":"","link_new_tab":"0","title_fontsize":{"md":"36","sm":"","xs":"25"},"title_fontstyle":null,"title_fontweight":"700","title_lineheight":{"md":"45","sm":"","xs":"35"},"title_letterspace":"0","title_margin":{"md":"0px 0px 10px 0px","sm":"   ","xs":"   "},"title_padding":{"md":"0px 0px 0px 0px","sm":"   ","xs":"   "},"alignment":"sppb-text-center","class":"","global_text_color":"","global_link_color":"","global_link_hover_color":"","global_use_background":"0","global_background_color":"","global_background_image":"","global_background_repeat":"no-repeat","global_background_size":"cover","global_background_attachment":"inherit","global_user_border":"0","global_border_width":"","global_border_color":"","global_boder_style":"none","global_border_radius":"","global_margin":"","global_padding":"","global_use_animation":"0","global_animation":"","global_animationduration":"300","global_animationdelay":"0","hidden_md":"0","hidden_sm":"0","hidden_xs":"0","acl":null}},{"id":1494485926616,"name":"heading","visibility":true,"settings":{"admin_label":"Shure’s Music Phone Adapter (MPA) is our favorite","title":"Shure’s Music Phone Adapter (MPA) is our favorite","heading_selector":"h3","use_link":0,"title_link":"","link_new_tab":"0","title_fontsize":{"md":"18","sm":"","xs":"16"},"title_fontstyle":null,"title_fontweight":"300","title_lineheight":{"md":"22","sm":"","xs":"22"},"title_letterspace":"0","title_margin":{"md":"0px 0px 20px 0px","sm":"   ","xs":"   "},"title_padding":{"md":"0px 0px 0px 0px","sm":"   ","xs":"   "},"alignment":"sppb-text-center","class":"","global_text_color":"","global_link_color":"","global_link_hover_color":"","global_use_background":0,"global_background_color":"","global_background_image":"","global_background_repeat":"no-repeat","global_background_size":"cover","global_background_attachment":"inherit","global_user_border":0,"global_border_width":"","global_border_color":"","global_boder_style":"none","global_border_radius":"","global_margin":{"md":"  55px ","sm":"  30px ","xs":"  15px "},"global_padding":{"md":"   ","sm":"   ","xs":"   "},"global_use_animation":0,"global_animation":"","global_animationduration":"300","global_animationdelay":"0","hidden_md":"0","hidden_sm":"0","hidden_xs":"0","acl":null}},{"id":1494485926619,"type":"inner_row","settings":{"admin_label":"","title":"","heading_selector":"h3","title_fontsize":"","title_fontweight":"","title_text_color":"","title_margin_top":"","title_margin_bottom":"","subtitle":"","subtitle_fontsize":"","title_position":"sppb-text-center","columns_equal_height":"0","fullscreen":0,"no_gutter":0,"id":"","class":"","padding":{"md":"   ","sm":"   ","xs":"   "},"margin":{"md":"   ","sm":"   ","xs":"   "},"color":"rgba(28, 28, 28, 1)","background_color":"","background_image":"","overlay":"","background_repeat":"no-repeat","background_size":"cover","background_attachment":"fixed","background_position":"0 0","background_video":0,"background_video_mp4":"","background_video_ogv":"","hidden_xs":"","hidden_sm":"","hidden_md":"","animation":"","animationduration":"300","animationdelay":"0","columns_align_center":0,"background_parallax":0,"show_top_shape":0,"show_bottom_shape":0},"layout":"4,4,4","visibility":true,"columns":[{"id":1494485926620,"class_name":"col-md-4","visibility":true,"settings":{"color":"","background":"","background_image":"","overlay":"","background_repeat":"no-repeat","background_size":"cover","background_attachment":"scroll","background_position":"0 0","padding":{"md":"   ","sm":"   ","xs":"   "},"class":"","sm_col":"col-sm-4","xs_col":"","hidden_xs":"","hidden_sm":"","hidden_md":"","animation":"","animationduration":"300","animationdelay":"0"},"addons":[{"id":1494487267362,"name":"person","visibility":true,"settings":{"admin_label":"David Guetta","image":"https://sppagebuilder.com/sample-data/images/2017/07/07/singer3.jpg","name":"David Guetta","designation":"","email":"","introtext":"","facebook":"","twitter":"","google_plus":"","youtube":"","linkedin":"","pinterest":"","flickr":"","dribbble":"","behance":"","instagram":"","social_position":"after","alignment":"sppb-text-center","class":"","global_text_color":"","global_link_color":"","global_link_hover_color":"","global_use_background":1,"global_background_color":"rgba(255, 255, 255, 1)","global_background_image":"","global_background_repeat":"no-repeat","global_background_size":"cover","global_background_attachment":"inherit","global_user_border":0,"global_border_width":"","global_border_color":"","global_boder_style":"none","global_border_radius":{"md":"","sm":"","xs":""},"global_margin":{"md":"  30px ","sm":"   ","xs":"   "},"global_padding":{"md":"  20px ","sm":"   ","xs":"   "},"global_use_animation":0,"global_animation":"","global_animationduration":"300","global_animationdelay":"0","hidden_md":0,"hidden_sm":0,"hidden_xs":0,"acl":null,"global_use_overlay":0,"use_global_width":0}},{"id":1494485926655,"name":"person","visibility":true,"settings":{"admin_label":"Hardwell","image":"https://sppagebuilder.com/sample-data/images/2017/07/07/singer5.jpg","name":"Hardwell","designation":"","email":"","introtext":"","facebook":"","twitter":"","google_plus":"","youtube":"","linkedin":"","pinterest":"","flickr":"","dribbble":"","behance":"","instagram":"","social_position":"after","alignment":"sppb-text-center","class":"","global_text_color":"","global_link_color":"","global_link_hover_color":"","global_use_background":1,"global_background_color":"rgba(255, 255, 255, 1)","global_background_image":"","global_background_repeat":"no-repeat","global_background_size":"cover","global_background_attachment":"inherit","global_user_border":0,"global_border_width":"","global_border_color":"","global_boder_style":"none","global_border_radius":"","global_margin":{"md":"  30px ","sm":"   ","xs":"   "},"global_padding":{"md":"  20px ","sm":"   ","xs":"   "},"global_use_animation":0,"global_animation":"","global_animationduration":"300","global_animationdelay":"0","hidden_md":"0","hidden_sm":"0","hidden_xs":"0","acl":null,"global_use_overlay":0}}]},{"id":1494485926623,"class_name":"col-md-4","visibility":true,"settings":{"color":"","background":"","background_image":"","overlay":"","background_repeat":"no-repeat","background_size":"cover","background_attachment":"scroll","background_position":"0 0","padding":"","class":"","sm_col":"col-sm-4","xs_col":"","hidden_xs":"","hidden_sm":"","hidden_md":"","animation":"","animationduration":"300","animationdelay":"0"},"addons":[{"id":1494485926650,"name":"person","visibility":true,"settings":{"admin_label":"Martin Garrix","image":"https://sppagebuilder.com/sample-data/images/2017/07/07/singer4.jpg","name":"Martin Garrix","designation":"","email":"","introtext":"","facebook":"","twitter":"","google_plus":"","youtube":"","linkedin":"","pinterest":"","flickr":"","dribbble":"","behance":"","instagram":"","social_position":"after","alignment":"sppb-text-center","class":"","global_text_color":"","global_link_color":"","global_link_hover_color":"","global_use_background":1,"global_background_color":"rgba(255, 255, 255, 1)","global_background_image":"","global_background_repeat":"no-repeat","global_background_size":"cover","global_background_attachment":"inherit","global_user_border":0,"global_border_width":"","global_border_color":"","global_boder_style":"none","global_border_radius":{"md":"","sm":"","xs":""},"global_margin":{"md":"  30px ","sm":"   ","xs":"   "},"global_padding":{"md":"  20px ","sm":"   ","xs":"   "},"global_use_animation":0,"global_animation":"","global_animationduration":"300","global_animationdelay":"0","hidden_md":"0","hidden_sm":"0","hidden_xs":"0","acl":null,"global_use_overlay":0}},{"id":1494485926660,"name":"person","visibility":true,"settings":{"admin_label":"Dimitri Vegas","image":"https://sppagebuilder.com/sample-data/images/2017/07/07/singer6.jpg","name":"Dimitri Vegas","designation":"","email":"","introtext":"","facebook":"","twitter":"","google_plus":"","youtube":"","linkedin":"","pinterest":"","flickr":"","dribbble":"","behance":"","instagram":"","social_position":"after","alignment":"sppb-text-center","class":"","global_text_color":"","global_link_color":"","global_link_hover_color":"","global_use_background":1,"global_background_color":"rgba(255, 255, 255, 1)","global_background_image":"","global_background_repeat":"no-repeat","global_background_size":"cover","global_background_attachment":"inherit","global_user_border":0,"global_border_width":"","global_border_color":"","global_boder_style":"none","global_border_radius":"","global_margin":{"md":"  30px ","sm":"   ","xs":"   "},"global_padding":{"md":"  20px ","sm":"   ","xs":"   "},"global_use_animation":0,"global_animation":"","global_animationduration":"300","global_animationdelay":"0","hidden_md":"0","hidden_sm":"0","hidden_xs":"0","acl":null,"global_use_overlay":0}}]},{"id":1494485926624,"class_name":"col-md-4","visibility":true,"settings":{"color":"","background":"","background_image":"","overlay":"","background_repeat":"no-repeat","background_size":"cover","background_attachment":"scroll","background_position":"0 0","padding":"","class":"","sm_col":"col-sm-4","xs_col":"","hidden_xs":"","hidden_sm":"","hidden_md":"","animation":"","animationduration":"300","animationdelay":"0"},"addons":[{"id":1494485926645,"name":"person","visibility":true,"settings":{"admin_label":"Mark Mithel","image":"https://sppagebuilder.com/sample-data/images/2017/07/07/singer2.jpg","name":"David Guetta","designation":"","email":"","introtext":"","facebook":"","twitter":"","google_plus":"","youtube":"","linkedin":"","pinterest":"","flickr":"","dribbble":"","behance":"","instagram":"","social_position":"after","alignment":"sppb-text-center","class":"","global_text_color":"","global_link_color":"","global_link_hover_color":"","global_use_background":1,"global_background_color":"rgba(255, 255, 255, 1)","global_background_image":"","global_background_repeat":"no-repeat","global_background_size":"cover","global_background_attachment":"inherit","global_user_border":0,"global_border_width":"","global_border_color":"","global_boder_style":"none","global_border_radius":"","global_margin":{"md":"  30px ","sm":"   ","xs":"   "},"global_padding":{"md":"  20px ","sm":"   ","xs":"   "},"global_use_animation":0,"global_animation":"","global_animationduration":"300","global_animationdelay":"0","hidden_md":"0","hidden_sm":"0","hidden_xs":"0","acl":null,"global_use_overlay":0}},{"id":1494485926665,"name":"person","visibility":true,"settings":{"admin_label":"Like Mike","image":"https://sppagebuilder.com/sample-data/images/2017/07/07/singer7.jpg","name":"Like Mike","designation":"","email":"","introtext":"","facebook":"","twitter":"","google_plus":"","youtube":"","linkedin":"","pinterest":"","flickr":"","dribbble":"","behance":"","instagram":"","social_position":"after","alignment":"sppb-text-center","class":"","global_text_color":"","global_link_color":"","global_link_hover_color":"","global_use_background":1,"global_background_color":"rgba(255, 255, 255, 1)","global_background_image":"","global_background_repeat":"no-repeat","global_background_size":"cover","global_background_attachment":"inherit","global_user_border":0,"global_border_width":"","global_border_color":"","global_boder_style":"none","global_border_radius":"","global_margin":{"md":"  30px ","sm":"   ","xs":"   "},"global_padding":{"md":"  20px ","sm":"   ","xs":"   "},"global_use_animation":0,"global_animation":"","global_animationduration":"300","global_animationdelay":"0","hidden_md":"0","hidden_sm":"0","hidden_xs":"0","acl":null,"global_use_overlay":0}}]}]}]}]},{"id":1499416582702,"visibility":true,"collapse":false,"settings":{"admin_label":"Features","title":"","heading_selector":"h3","title_fontsize":"","title_fontweight":"","title_text_color":"","title_margin_top":"","title_margin_bottom":"","subtitle":"","subtitle_fontsize":"","title_position":"sppb-text-center","columns_equal_height":"0","fullscreen":0,"no_gutter":0,"id":"","class":"","padding":{"md":"93px  50px ","sm":"   ","xs":"50px  20px "},"margin":{"md":"   ","sm":"   ","xs":"   "},"color":"","background_color":"","background_image":"","overlay":"","background_repeat":"no-repeat","background_size":"cover","background_attachment":"fixed","background_position":"0 0","background_video":0,"background_video_mp4":"","background_video_ogv":"","hidden_xs":"","hidden_sm":"","hidden_md":"","animation":"","animationduration":"300","animationdelay":"0","columns_align_center":0,"background_parallax":0,"show_top_shape":0,"show_bottom_shape":0},"layout":"12,4,4,4","columns":[{"id":1494493363858,"class_name":"col-md-12","visibility":true,"settings":{},"addons":[{"id":1499417229208,"name":"heading","visibility":true,"settings":{"admin_label":"Travel Information","title":"Travel Information","heading_selector":"h2","use_link":0,"title_link":"","link_new_tab":"0","title_fontsize":{"md":"36","sm":"","xs":"25"},"title_fontstyle":null,"title_fontweight":"700","title_lineheight":{"md":"45","sm":"","xs":"35"},"title_letterspace":"0","title_margin":{"md":"  10px ","sm":"   ","xs":"  10px "},"title_padding":{"md":"   ","sm":"   ","xs":"   "},"alignment":"sppb-text-center","class":"","global_text_color":"rgba(41, 51, 64, 1)","global_link_color":"","global_link_hover_color":"","global_use_background":"0","global_background_color":"","global_background_image":"","global_background_repeat":"no-repeat","global_background_size":"cover","global_background_attachment":"inherit","global_user_border":"0","global_border_width":"","global_border_color":"","global_boder_style":"none","global_border_radius":"","global_margin":"","global_padding":"","global_use_animation":"0","global_animation":"","global_animationduration":"300","global_animationdelay":"0","hidden_md":"0","hidden_sm":"0","hidden_xs":"0","acl":null}},{"id":1499417229211,"name":"heading","visibility":true,"settings":{"admin_label":"Shure’s Music Phone Adapter (MPA) is our favorite","title":"Shure’s Music Phone Adapter (MPA) is our favorite","heading_selector":"h3","use_link":0,"title_link":"","link_new_tab":"0","title_fontsize":{"md":"18","sm":"","xs":"16"},"title_fontstyle":null,"title_fontweight":"300","title_lineheight":{"md":"24","sm":"","xs":"22"},"title_letterspace":"0","title_margin":{"md":"  70px ","sm":"  50px ","xs":"  40px "},"title_padding":{"md":"   ","sm":"   ","xs":"   "},"alignment":"sppb-text-center","class":"","global_text_color":"rgba(153, 153, 153, 1)","global_link_color":"","global_link_hover_color":"","global_use_background":"0","global_background_color":"","global_background_image":"","global_background_repeat":"no-repeat","global_background_size":"cover","global_background_attachment":"inherit","global_user_border":"0","global_border_width":"","global_border_color":"","global_boder_style":"none","global_border_radius":"","global_margin":"","global_padding":"","global_use_animation":"0","global_animation":"","global_animationduration":"300","global_animationdelay":"0","hidden_md":"0","hidden_sm":"0","hidden_xs":"0","acl":null}}]},{"id":1510052821232,"class_name":"col-md-4","visibility":true,"settings":{},"addons":[{"id":1494496278621,"name":"feature","visibility":true,"settings":{"admin_label":"Venue","title":"Venue","heading_selector":"h3","title_position":"after","title_fontsize":"20","title_lineheight":"","title_fontstyle":null,"title_letterspace":"0","title_fontweight":"700","title_text_color":"rgba(41, 51, 64, 1)","title_margin_top":{"md":"30","sm":"20","xs":"15"},"title_margin_bottom":{"md":"25","sm":"20","xs":"10"},"title_url":"","url_appear":"title","feature_type":"image","feature_image":"https://sppagebuilder.com/sample-data/images/2017/07/07/icon10.png","icon_name":"fa-tachometer","icon_size":"48","icon_color":"rgba(184, 233, 134, 1)","icon_background":"","icon_border_color":"","icon_border_width":"","icon_border_radius":"","icon_margin_top":"","icon_margin_bottom":"","icon_padding":"","text":"Lorem Ipsum has been the industry's standard dummy text ever since the 1500s","alignment":"sppb-text-center","class":"","global_text_color":"#878787","global_link_color":"","global_link_hover_color":"","global_use_background":0,"global_background_color":"","global_background_image":"","global_background_repeat":"no-repeat","global_background_size":"cover","global_background_attachment":"inherit","global_user_border":0,"global_border_width":"","global_border_color":"","global_boder_style":"none","global_border_radius":"","global_margin":{"md":" auto 30px auto","sm":"   ","xs":"   "},"global_padding":{"md":"   ","sm":"   ","xs":"   "},"global_use_animation":1,"global_animation":"fadeInLeft","global_animationduration":"700","global_animationdelay":"","hidden_md":0,"hidden_sm":0,"hidden_xs":0,"acl":null,"text_fontsize":{"md":"16","sm":"","xs":""},"text_lineheight":{"md":"24","sm":"","xs":""},"use_global_width":1,"global_width":{"md":"65","sm":"85","xs":"100"}}}]},{"id":1510052821233,"class_name":"col-md-4","visibility":true,"settings":{},"addons":[{"id":1509955556459,"name":"feature","visibility":true,"settings":{"admin_label":"","title":"Transport","heading_selector":"h3","title_position":"after","title_fontsize":"20","title_lineheight":"","title_fontstyle":null,"title_letterspace":"0","title_fontweight":"700","title_text_color":"rgba(41, 51, 64, 1)","title_margin_top":{"md":"30","sm":"20","xs":"15"},"title_margin_bottom":{"md":"25","sm":"20","xs":"10"},"title_url":"","url_appear":"title","feature_type":"image","feature_image":"https://sppagebuilder.com/sample-data/images/2017/07/07/icon11.png","icon_name":"fa-tachometer","icon_size":"48","icon_color":"rgba(184, 233, 134, 1)","icon_background":"","icon_border_color":"","icon_border_width":"","icon_border_radius":"","icon_margin_top":"","icon_margin_bottom":"","icon_padding":"","text":"Lorem Ipsum has been the industry's standard dummy text ever since the 1500s","alignment":"sppb-text-center","class":"","global_text_color":"#878787","global_link_color":"","global_link_hover_color":"","global_use_background":0,"global_background_color":"","global_background_image":"","global_background_repeat":"no-repeat","global_background_size":"cover","global_background_attachment":"inherit","global_user_border":0,"global_border_width":"","global_border_color":"","global_boder_style":"none","global_border_radius":"","global_margin":{"md":" auto 30px auto","sm":"   ","xs":"   "},"global_padding":{"md":"   ","sm":"   ","xs":"   "},"global_use_animation":1,"global_animation":"fadeInLeft","global_animationduration":"700","global_animationdelay":"300","hidden_md":0,"hidden_sm":0,"hidden_xs":0,"acl":null,"text_fontsize":{"md":"16","sm":"","xs":""},"text_lineheight":{"md":"24","sm":"","xs":""},"use_global_width":1,"global_width":{"md":"65","sm":"85","xs":"100"}}}]},{"id":1510052821234,"class_name":"col-md-4","visibility":true,"settings":{},"addons":[{"id":1509955556454,"name":"feature","visibility":true,"settings":{"admin_label":"","title":"Hotel & Restaurant","heading_selector":"h3","title_position":"after","title_fontsize":"20","title_lineheight":"","title_fontstyle":null,"title_letterspace":"0","title_fontweight":"700","title_text_color":"rgba(41, 51, 64, 1)","title_margin_top":{"md":"30","sm":"20","xs":"15"},"title_margin_bottom":{"md":"25","sm":"20","xs":"10"},"title_url":"","url_appear":"title","feature_type":"image","feature_image":"https://sppagebuilder.com/sample-data/images/2017/07/07/icon12.png","icon_name":"fa-tachometer","icon_size":"48","icon_color":"rgba(184, 233, 134, 1)","icon_background":"","icon_border_color":"","icon_border_width":"","icon_border_radius":"","icon_margin_top":"","icon_margin_bottom":"","icon_padding":"","text":"Lorem Ipsum has been the industry's standard dummy text ever since the 1500s","alignment":"sppb-text-center","class":"","global_text_color":"#878787","global_link_color":"","global_link_hover_color":"","global_use_background":0,"global_background_color":"","global_background_image":"","global_background_repeat":"no-repeat","global_background_size":"cover","global_background_attachment":"inherit","global_user_border":0,"global_border_width":"","global_border_color":"","global_boder_style":"none","global_border_radius":"","global_margin":{"md":" auto 30px auto","sm":"   ","xs":"   "},"global_padding":{"md":"   ","sm":"   ","xs":"   "},"global_use_animation":1,"global_animation":"fadeInLeft","global_animationduration":"700","global_animationdelay":"600","hidden_md":0,"hidden_sm":0,"hidden_xs":0,"acl":null,"text_fontsize":{"md":"16","sm":"","xs":""},"text_lineheight":{"md":"24","sm":"","xs":""},"use_global_width":1,"global_width":{"md":"65","sm":"85","xs":"100"}}}]}]},{"id":1499416718213,"visibility":true,"collapse":false,"settings":{"admin_label":"About Us Section","title":"","heading_selector":"h3","title_fontsize":"","title_fontweight":"","title_text_color":"","title_margin_top":"","title_margin_bottom":"","subtitle":"","subtitle_fontsize":"","title_position":"sppb-text-center","columns_equal_height":"0","fullscreen":0,"no_gutter":0,"id":"","class":"","padding":{"md":"35px  100px ","sm":"   ","xs":"0px  50px "},"margin":{"md":"   ","sm":"   ","xs":"   "},"color":"","background_color":"","background_image":"","overlay":"","background_repeat":"no-repeat","background_size":"cover","background_attachment":"fixed","background_position":"0 0","background_video":0,"background_video_mp4":"","background_video_ogv":"","hidden_xs":"","hidden_sm":"","hidden_md":"","animation":"","animationduration":"300","animationdelay":"0","columns_align_center":1,"background_parallax":0,"show_top_shape":0,"show_bottom_shape":0},"layout":"7,5","columns":[{"id":1494397321380,"class_name":"col-md-7","visibility":true,"settings":{"color":"","background":"","background_image":"","overlay":"","background_repeat":"no-repeat","background_size":"cover","background_attachment":"scroll","background_position":"0 0","padding":"0 40px 0 0","class":"","sm_col":"","xs_col":"","hidden_xs":"","hidden_sm":"","hidden_md":"","animation":"","animationduration":"300","animationdelay":"0"},"addons":[{"id":1494397779869,"name":"image","visibility":true,"settings":{"admin_label":"","title":"","heading_selector":"h3","title_fontsize":"","title_lineheight":"","title_fontstyle":null,"title_letterspace":"0","title_fontweight":"","title_text_color":"","title_margin_top":"","title_margin_bottom":"","image":"https://sppagebuilder.com/sample-data/images/2017/07/07/about-events.jpg","alt_text":"image","position":"sppb-text-center","open_lightbox":0,"overlay_color":"rgba(119, 219, 31, 0.5)","link":"","target":"","class":"","global_text_color":"","global_link_color":"","global_link_hover_color":"","global_use_background":0,"global_background_color":"","global_background_image":"","global_background_repeat":"no-repeat","global_background_size":"cover","global_background_attachment":"inherit","global_user_border":0,"global_border_width":"","global_border_color":"","global_boder_style":"none","global_border_radius":"","global_margin":{"md":" 0px  auto","sm":" 0px 30px 0px","xs":"  30px "},"global_padding":{"md":"   ","sm":"   ","xs":"   "},"global_use_animation":0,"global_animation":"","global_animationduration":"300","global_animationdelay":"0","hidden_md":0,"hidden_sm":0,"hidden_xs":0,"acl":null,"use_global_width":1,"global_width":{"md":"78","sm":"100","xs":"100"}}}]},{"id":1494397321381,"class_name":"col-md-5","visibility":true,"settings":{"color":"","background":"","background_image":"","overlay":"","background_repeat":"no-repeat","background_size":"cover","background_attachment":"scroll","background_position":"0 0","padding":{"md":"   ","sm":"   ","xs":"   "},"class":"","sm_col":"","xs_col":"","hidden_xs":"","hidden_sm":"","hidden_md":"","animation":"","animationduration":"300","animationdelay":"0","items_align_center":0},"addons":[{"id":1494397840378,"name":"heading","visibility":true,"settings":{"admin_label":"About Events","title":"About Events","heading_selector":"h3","use_link":0,"title_link":"","link_new_tab":"0","title_fontsize":{"md":"36","sm":"","xs":"25"},"title_fontstyle":null,"title_fontweight":"700","title_lineheight":{"md":"45","sm":"","xs":"35"},"title_letterspace":"0","title_margin":{"md":"0px 0px 20px 0px","sm":"   ","xs":"   "},"title_padding":{"md":"0px 0px 0px 0px","sm":"   ","xs":"   "},"alignment":"sppb-text-left","class":"","global_text_color":"rgba(28, 28, 28, 1)","global_link_color":"","global_link_hover_color":"","global_use_background":0,"global_background_color":"","global_background_image":"","global_background_repeat":"no-repeat","global_background_size":"cover","global_background_attachment":"inherit","global_user_border":0,"global_border_width":"","global_border_color":"","global_boder_style":"none","global_border_radius":"","global_margin":{"md":"   ","sm":"   ","xs":"   "},"global_padding":{"md":"   ","sm":"   ","xs":"   "},"global_use_animation":0,"global_animation":"","global_animationduration":"300","global_animationdelay":"0","hidden_md":"0","hidden_sm":"0","hidden_xs":"0","acl":null}},{"id":1494850019797,"name":"text_block","visibility":true,"settings":{"admin_label":"","title":"","heading_selector":"h4","title_fontsize":{"md":"","sm":"","xs":""},"title_lineheight":{"md":"","sm":"","xs":""},"title_fontstyle":null,"title_letterspace":"0","title_fontweight":"300","title_text_color":"rgba(135, 135, 135, 1)","title_margin_top":"0","title_margin_bottom":"","text":"When it comes to choosing an antiaging eye cream, the possibilities are endless. The choices range from high end department store brands, to affordable names brands.<br /><br /> There&rsquo;s a new hairstyle that seems to be sweeping Hollywood: what would you be willing to do to get it for yourself?","alignment":"sppb-text-left","class":"","global_text_color":"#878787","global_link_color":"","global_link_hover_color":"","global_use_background":0,"global_background_color":"","global_background_image":"","global_background_repeat":"no-repeat","global_background_size":"cover","global_background_attachment":"inherit","global_user_border":0,"global_border_width":"","global_border_color":"","global_boder_style":"none","global_border_radius":"","global_margin":{"md":"  20px ","sm":"   ","xs":"   "},"global_padding":{"md":"   ","sm":"   ","xs":"   "},"global_use_animation":0,"global_animation":"","global_animationduration":"300","global_animationdelay":"0","hidden_md":"0","hidden_sm":"0","hidden_xs":"0","acl":null,"dropcap":0,"text_fontsize":{"md":"16","sm":"","xs":"14"},"text_lineheight":{"md":"24","sm":"","xs":"22"}}},{"id":1494398059422,"name":"button","visibility":true,"settings":{"admin_label":"Know More","text":"Know More","alignment":"sppb-text-left","fontstyle":["uppercase","normal"],"letterspace":"0","url":"#","target":"","type":"custom","appearance":"","background_color":"rgba(255, 26, 126, 1)","color":"rgba(255, 255, 255, 1)","background_color_hover":"rgba(222, 27, 102, 1)","color_hover":"rgba(255, 255, 255, 1)","button_padding":{"md":"13px 40px 13px 40px","sm":"10px 13px 10px 13px","xs":"10px 10px 10px 10px"},"size":"","shape":"rounded","block":"","icon":"","icon_position":"left","class":"","global_text_color":"","global_link_color":"","global_link_hover_color":"","global_use_background":"0","global_background_color":"","global_background_image":"","global_background_repeat":"no-repeat","global_background_size":"cover","global_background_attachment":"inherit","global_user_border":"0","global_border_width":"","global_border_color":"","global_boder_style":"none","global_border_radius":"","global_margin":"","global_padding":"","global_use_animation":"0","global_animation":"","global_animationduration":"300","global_animationdelay":"0","hidden_md":"0","hidden_sm":"0","hidden_xs":"0","acl":null}}]}]},{"id":1499416718216,"visibility":true,"collapse":false,"settings":{"admin_label":"Play Video","title":"","heading_selector":"h3","title_fontsize":"","title_fontweight":"","title_text_color":"","title_margin_top":"","title_margin_bottom":"","subtitle":"","subtitle_fontsize":"","title_position":"sppb-text-center","columns_equal_height":"0","fullscreen":0,"no_gutter":0,"id":"","class":"","padding":{"md":"245px  245px ","sm":"150px  150px ","xs":"80px  80px "},"margin":{"md":"   ","sm":"   ","xs":"   "},"color":"","background_color":"","background_image":"https://sppagebuilder.com/sample-data/images/2017/07/07/section-bg2.jpg","overlay":"","background_repeat":"no-repeat","background_size":"cover","background_attachment":"inherit","background_position":"50% 50%","background_video":0,"background_video_mp4":"","background_video_ogv":"","hidden_xs":"","hidden_sm":"","hidden_md":"","animation":"","animationduration":"300","animationdelay":"0","columns_align_center":0,"background_parallax":0,"show_top_shape":0,"show_bottom_shape":0},"layout":"12","columns":[{"id":1494934024830,"class_name":"col-md-12","visibility":true,"settings":{},"addons":[{"id":1494935443559,"name":"modal","visibility":true,"settings":{"admin_label":"","modal_selector":"image","button_text":"Button Text","button_type":"default","button_fontstyle":null,"button_letterspace":"0","button_padding":"","button_background_color":"#444444","button_color":"#ffffff","button_background_color_hover":"#222222","button_color_hover":"#ffffff","button_size":"","button_appearance":"","button_shape":"rounded","button_block":"","button_icon":"","button_icon_position":"left","selector_image":"https://sppagebuilder.com/sample-data/images/2017/07/07/play-icon4.png","selector_icon_name":"","selector_icon_size":"36","selector_icon_color":"","selector_icon_background":"","selector_icon_border_color":"","selector_icon_border_width":"","selector_icon_border_radius":"","selector_icon_padding":"","modal_content_type":"video","modal_content_text":"\t\t\t\tKevin chicken fatback sirloin ball tip, flank meatloaf t-bone. Meatloaf shankle swine pancetta biltong capicola ham hock meatball. Shoulder bacon andouille ground round pancetta pastrami. Sirloin beef ribs tenderloin rump corned beef filet mignon capicola kielbasa drumstick chuck turducken beef t-bone ribeye. Pork loin ground round t-bone chuck beef ribs swine pastrami cow. Venison tenderloin drumstick, filet mignon salami jowl sausage shank hamburger meatball ribeye kevin tri-tip. Swine kielbasa tenderloin fatback pork shankle andouille, flank frankfurter jerky chicken tri-tip jowl leberkas.&lt;br&gt;&lt;br&gt;Pancetta chicken pork belly beef cow kielbasa fatback sirloin biltong andouille bacon. Sirloin beef tenderloin porchetta, jerky tri-tip andouille sausage landjaeger shank bresaola short ribs tongue meatloaf fatback. Kielbasa pancetta shoulder tri-tip pastrami filet mignon ham corned beef prosciutto doner beef ribs. Doner sausage ham hock, shoulder sirloin pancetta boudin filet mignon chuck. Meatball ham hock beef, filet mignon tri-tip andouille venison ground round chuck turducken drumstick.","modal_content_image":"","modal_content_video_url":"https://www.youtube.com/watch?v=fDlDl5IEaB8","modal_popup_width":"760","modal_popup_height":"440","alignment":"sppb-text-center","class":"","global_text_color":"","global_link_color":"","global_link_hover_color":"","global_use_background":0,"global_background_color":"","global_background_image":"","global_background_repeat":"no-repeat","global_background_size":"cover","global_background_attachment":"inherit","global_user_border":0,"global_border_width":"","global_border_color":"","global_boder_style":"none","global_border_radius":"","global_margin":{"md":"   ","sm":"   ","xs":"   "},"global_padding":{"md":"   ","sm":"   ","xs":"   "},"global_use_animation":0,"global_animation":"","global_animationduration":"300","global_animationdelay":"0","hidden_md":0,"hidden_sm":0,"hidden_xs":0,"acl":null,"selector_text_margin":"   ","use_global_width":0}}]}]},{"id":1494493363790,"visibility":true,"collapse":false,"settings":{"admin_label":"TICKETS","title":"","heading_selector":"h3","title_fontsize":"","title_fontweight":"","title_text_color":"","title_margin_top":"","title_margin_bottom":"","subtitle":"","subtitle_fontsize":"","title_position":"sppb-text-center","columns_equal_height":"0","fullscreen":0,"no_gutter":0,"id":"","class":"","padding":{"md":"93px  70px ","sm":"   ","xs":"50px  20px "},"margin":{"md":"   ","sm":"   ","xs":"   "},"color":"","background_color":"rgba(250, 250, 250, 1)","background_image":"","overlay":"","background_repeat":"no-repeat","background_size":"cover","background_attachment":"fixed","background_position":"0 0","background_video":0,"background_video_mp4":"","background_video_ogv":"","hidden_xs":"","hidden_sm":"","hidden_md":"","animation":"","animationduration":"300","animationdelay":"0","columns_align_center":0,"background_parallax":0,"show_top_shape":0,"show_bottom_shape":0},"layout":"12,4,4,4","columns":[{"id":1494493363791,"class_name":"col-md-12","visibility":true,"settings":{},"addons":[{"id":1499417229254,"name":"heading","visibility":true,"settings":{"admin_label":"Pricing","title":"Pricing","heading_selector":"h2","use_link":0,"title_link":"","link_new_tab":"0","title_fontsize":{"md":"36","sm":"","xs":"25"},"title_fontstyle":null,"title_fontweight":"700","title_lineheight":{"md":"45","sm":"","xs":"35"},"title_letterspace":"0","title_margin":{"md":"  10px ","sm":"   ","xs":"   "},"title_padding":{"md":"0px 0px 0px 0px","sm":"   ","xs":"   "},"alignment":"sppb-text-center","class":"","global_text_color":"rgba(41, 51, 64, 1)","global_link_color":"","global_link_hover_color":"","global_use_background":"0","global_background_color":"","global_background_image":"","global_background_repeat":"no-repeat","global_background_size":"cover","global_background_attachment":"inherit","global_user_border":"0","global_border_width":"","global_border_color":"","global_boder_style":"none","global_border_radius":"","global_margin":"","global_padding":"","global_use_animation":"0","global_animation":"","global_animationduration":"300","global_animationdelay":"0","hidden_md":"0","hidden_sm":"0","hidden_xs":"0","acl":null}},{"id":1499417229257,"name":"heading","visibility":true,"settings":{"admin_label":"Ready to wear bifocal contact","title":"Ready to wear bifocal contact","heading_selector":"h3","use_link":0,"title_link":"","link_new_tab":"0","title_fontsize":{"md":"18","sm":"","xs":"16"},"title_fontstyle":null,"title_fontweight":"300","title_lineheight":{"md":"24","sm":"","xs":"22"},"title_letterspace":"0","title_margin":{"md":"0px 0px 70px 0px","sm":"  40px ","xs":"  40px "},"title_padding":{"md":"   ","sm":"   ","xs":"   "},"alignment":"sppb-text-center","class":"","global_text_color":"rgba(153, 153, 153, 1)","global_link_color":"","global_link_hover_color":"","global_use_background":0,"global_background_color":"","global_background_image":"","global_background_repeat":"no-repeat","global_background_size":"cover","global_background_attachment":"inherit","global_user_border":0,"global_border_width":"","global_border_color":"","global_boder_style":"none","global_border_radius":"","global_margin":{"md":"   ","sm":"   ","xs":"   "},"global_padding":{"md":"   ","sm":"   ","xs":"   "},"global_use_animation":0,"global_animation":"","global_animationduration":"300","global_animationdelay":"0","hidden_md":"0","hidden_sm":"0","hidden_xs":"0","acl":null}}]},{"id":1510052821261,"class_name":"col-md-4","visibility":true,"settings":{"default":{"background_image":"","background_repeat":"no-repeat","background_size":"cover","background_attachment":"scroll","background_position":"0 0","items_align_center":0,"boxshadow":"0 0 0 0 #fff","sm_col":"","xs_col":"","hidden_xs":"","hidden_sm":"","hidden_md":"","animationduration":"300","animationdelay":"0"},"items_align_center":0,"padding":{"md":"   ","sm":"   ","xs":"   "},"hidden_xs":0,"hidden_sm":0,"hidden_md":0,"sm_col":"col-sm-4"},"addons":[{"id":1494495472964,"name":"pricing","visibility":true,"settings":{"admin_label":"PERSONAL","title":"PERSONAL","price":"$70","duration":"","pricing_content":"• Fresh look\n• With trimmer\n• Limited statistic","background":"","color":"","button_text":"See more","button_fontstyle":["uppercase"],"button_letterspace":"0","button_url":"#","button_target":"","button_type":"custom","button_appearance":"","button_background_color":"rgba(255, 26, 126, 1)","button_color":"#ffffff","button_background_color_hover":"rgba(212, 26, 97, 1)","button_color_hover":"rgba(255, 255, 255, 1)","button_size":"sm","button_shape":"rounded","button_block":"","button_icon":"","button_icon_position":"left","featured":"","alignment":"sppb-text-center","class":"","global_text_color":"","global_link_color":"","global_link_hover_color":"","global_use_background":1,"global_background_color":"#fff","global_background_image":"","global_background_repeat":"no-repeat","global_background_size":"cover","global_background_attachment":"inherit","global_user_border":1,"global_border_width":{"md":"1","sm":"","xs":""},"global_border_color":"#e5e5e5","global_boder_style":"solid","global_border_radius":"","global_margin":{"md":"  30px ","sm":"   ","xs":"   "},"global_padding":{"md":"30px 30px 30px 30px","sm":"   ","xs":"   "},"global_use_animation":0,"global_animation":"","global_animationduration":"300","global_animationdelay":"0","hidden_md":"0","hidden_sm":"0","hidden_xs":"0","acl":null,"button_padding":{"md":"6px 20px 6px 20px","sm":"   ","xs":"   "},"global_use_overlay":0,"title_font_style":{"weight":600},"price_position":"after","price_font_size":{"md":"24","sm":"","xs":""},"pricing_content_gap":{"md":"10","sm":"","xs":""}}}]},{"id":1510052821262,"class_name":"col-md-4","visibility":true,"settings":{"default":{"background_image":"","background_repeat":"no-repeat","background_size":"cover","background_attachment":"scroll","background_position":"0 0","items_align_center":0,"boxshadow":"0 0 0 0 #fff","sm_col":"","xs_col":"","hidden_xs":"","hidden_sm":"","hidden_md":"","animationduration":"300","animationdelay":"0"},"items_align_center":0,"padding":{"md":"   ","sm":"   ","xs":"   "},"hidden_xs":0,"hidden_sm":0,"hidden_md":0,"sm_col":"col-sm-4"},"addons":[{"id":1509955557643,"name":"pricing","visibility":true,"settings":{"admin_label":"","title":"GROUP","price":"$250","duration":"","pricing_content":"• Fresh look\n• With trimmer\n• Limited statistic","background":"","color":"","button_text":"See more","button_fontstyle":["uppercase"],"button_letterspace":"0","button_url":"#","button_target":"","button_type":"custom","button_appearance":"","button_background_color":"#fff","button_color":"#333","button_background_color_hover":"#333","button_color_hover":"#fff","button_size":"sm","button_shape":"rounded","button_block":"","button_icon":"","button_icon_position":"left","featured":"","alignment":"sppb-text-center","class":"","global_text_color":"#fff","global_link_color":"","global_link_hover_color":"","global_use_background":1,"global_background_color":"#ff1a7e","global_background_image":"","global_background_repeat":"no-repeat","global_background_size":"cover","global_background_attachment":"inherit","global_user_border":1,"global_border_width":{"md":"1","sm":"","xs":""},"global_border_color":"#e5e5e5","global_boder_style":"solid","global_border_radius":"","global_margin":{"md":"  30px ","sm":"   ","xs":"   "},"global_padding":{"md":"30px 30px 30px 30px","sm":"   ","xs":"   "},"global_use_animation":0,"global_animation":"","global_animationduration":"300","global_animationdelay":"0","hidden_md":"0","hidden_sm":"0","hidden_xs":"0","acl":null,"button_padding":{"md":"6px 20px 6px 20px","sm":"   ","xs":"   "},"global_use_overlay":0,"title_font_style":{"weight":600},"price_position":"after","price_font_size":{"md":"24","sm":"","xs":""},"pricing_content_gap":{"md":"10","sm":"","xs":""}}}]},{"id":1510052821263,"class_name":"col-md-4","visibility":true,"settings":{"default":{"background_image":"","background_repeat":"no-repeat","background_size":"cover","background_attachment":"scroll","background_position":"0 0","items_align_center":0,"boxshadow":"0 0 0 0 #fff","sm_col":"","xs_col":"","hidden_xs":"","hidden_sm":"","hidden_md":"","animationduration":"300","animationdelay":"0"},"items_align_center":0,"padding":{"md":"   ","sm":"   ","xs":"   "},"hidden_xs":0,"hidden_sm":0,"hidden_md":0,"sm_col":"col-sm-4"},"addons":[{"id":1509955557638,"name":"pricing","visibility":true,"settings":{"admin_label":"","title":"OTHERS","price":"$90","duration":"","pricing_content":"• Fresh look\n• With trimmer\n• Limited statistic","background":"","color":"","button_text":"See more","button_fontstyle":["uppercase"],"button_letterspace":"0","button_url":"#","button_target":"","button_type":"custom","button_appearance":"","button_background_color":"rgba(255, 26, 126, 1)","button_color":"#ffffff","button_background_color_hover":"rgba(212, 26, 97, 1)","button_color_hover":"rgba(255, 255, 255, 1)","button_size":"sm","button_shape":"rounded","button_block":"","button_icon":"","button_icon_position":"left","featured":"","alignment":"sppb-text-center","class":"","global_text_color":"","global_link_color":"","global_link_hover_color":"","global_use_background":1,"global_background_color":"#fff","global_background_image":"","global_background_repeat":"no-repeat","global_background_size":"cover","global_background_attachment":"inherit","global_user_border":1,"global_border_width":{"md":"1","sm":"","xs":""},"global_border_color":"#e5e5e5","global_boder_style":"solid","global_border_radius":"","global_margin":{"md":"  30px ","sm":"   ","xs":"   "},"global_padding":{"md":"30px 30px 30px 30px","sm":"   ","xs":"   "},"global_use_animation":0,"global_animation":"","global_animationduration":"300","global_animationdelay":"0","hidden_md":"0","hidden_sm":"0","hidden_xs":"0","acl":null,"button_padding":{"md":"6px 20px 6px 20px","sm":"   ","xs":"   "},"global_use_overlay":0,"title_font_style":{"weight":600},"price_position":"after","price_font_size":{"md":"24","sm":"","xs":""},"pricing_content_gap":{"md":"10","sm":"","xs":""}}}]}]},{"id":1494493363941,"visibility":true,"collapse":false,"settings":{"admin_label":"Gallery","title":"","heading_selector":"h3","title_fontsize":"","title_fontweight":"","title_text_color":"","title_margin_top":"","title_margin_bottom":"","subtitle":"","subtitle_fontsize":"","title_position":"sppb-text-center","columns_equal_height":"0","fullscreen":0,"no_gutter":0,"id":"","class":"","padding":{"md":"93px  70px ","sm":"   ","xs":"50px  20px "},"margin":{"md":"   ","sm":"   ","xs":"   "},"color":"rgba(255, 255, 255, 1)","background_color":"rgba(254, 27, 126, 1)","background_image":"","overlay":"","background_repeat":"no-repeat","background_size":"cover","background_attachment":"inherit","background_position":"50% 50%","background_video":0,"background_video_mp4":"","background_video_ogv":"","hidden_xs":"","hidden_sm":"","hidden_md":"","animation":"","animationduration":"300","animationdelay":"0","columns_align_center":0,"background_parallax":0,"show_top_shape":0,"show_bottom_shape":0},"layout":"12","columns":[{"id":1494493363942,"class_name":"col-md-12","visibility":true,"settings":{},"addons":[{"id":1499424836140,"name":"heading","visibility":true,"settings":{"admin_label":"","title":"Pricing","heading_selector":"h2","use_link":0,"title_link":"","link_new_tab":"0","title_fontsize":{"md":"36","sm":"","xs":"25"},"title_fontstyle":null,"title_fontweight":"700","title_lineheight":{"md":"45","sm":"","xs":"35"},"title_letterspace":"0","title_margin":{"md":"  10px ","sm":"   ","xs":"   "},"title_padding":{"md":"   ","sm":"   ","xs":"   "},"alignment":"sppb-text-center","class":"","global_text_color":"","global_link_color":"","global_link_hover_color":"","global_use_background":"0","global_background_color":"","global_background_image":"","global_background_repeat":"no-repeat","global_background_size":"cover","global_background_attachment":"inherit","global_user_border":"0","global_border_width":"","global_border_color":"","global_boder_style":"none","global_border_radius":"","global_margin":"","global_padding":"","global_use_animation":"0","global_animation":"","global_animationduration":"300","global_animationdelay":"0","hidden_md":"0","hidden_sm":"0","hidden_xs":"0","acl":null}},{"id":1499424836143,"name":"heading","visibility":true,"settings":{"admin_label":"Ready to wear bifocal contact","title":"Ready to wear bifocal contact","heading_selector":"h3","use_link":0,"title_link":"","link_new_tab":"0","title_fontsize":{"md":"18","sm":"","xs":"16"},"title_fontstyle":null,"title_fontweight":"300","title_lineheight":{"md":"24","sm":"","xs":"22"},"title_letterspace":"0","title_margin":{"md":"  50px ","sm":"  35px ","xs":"  20px "},"title_padding":{"md":"   ","sm":"   ","xs":"   "},"alignment":"sppb-text-center","class":"","global_text_color":"","global_link_color":"","global_link_hover_color":"","global_use_background":0,"global_background_color":"","global_background_image":"","global_background_repeat":"no-repeat","global_background_size":"cover","global_background_attachment":"inherit","global_user_border":0,"global_border_width":"","global_border_color":"","global_boder_style":"none","global_border_radius":"","global_margin":{"md":"   ","sm":"   ","xs":"   "},"global_padding":{"md":"   ","sm":"   ","xs":"   "},"global_use_animation":0,"global_animation":"","global_animationduration":"300","global_animationdelay":"0","hidden_md":"0","hidden_sm":"0","hidden_xs":"0","acl":null}},{"id":1494493363953,"type":"inner_row","settings":{"admin_label":"","title":"","heading_selector":"h3","title_fontsize":"","title_fontweight":"","title_text_color":"","title_margin_top":"","title_margin_bottom":"","subtitle":"","subtitle_fontsize":"","title_position":"sppb-text-center","columns_equal_height":"0","fullscreen":0,"no_gutter":0,"id":"","class":"","padding":{"md":"   ","sm":"   ","xs":"   "},"margin":{"md":"   ","sm":"   ","xs":"   "},"color":"","background_color":"","background_image":"","overlay":"","background_repeat":"no-repeat","background_size":"cover","background_attachment":"fixed","background_position":"0 0","background_video":0,"background_video_mp4":"","background_video_ogv":"","hidden_xs":"","hidden_sm":"","hidden_md":"","animation":"","animationduration":"300","animationdelay":"0","columns_align_center":0,"background_parallax":0,"show_top_shape":0,"show_bottom_shape":0},"layout":"3,3,3,3","visibility":true,"columns":[{"id":1494493363954,"class_name":"col-md-3","visibility":true,"settings":{"color":"","background":"","background_image":"","overlay":"","background_repeat":"no-repeat","background_size":"cover","background_attachment":"scroll","background_position":"0 0","padding":"","class":"","sm_col":"col-sm-6","xs_col":"","hidden_xs":"","hidden_sm":"","hidden_md":"","animation":"","animationduration":"300","animationdelay":"0"},"addons":[{"id":1494497417725,"name":"image","visibility":true,"settings":{"admin_label":"","title":"","heading_selector":"h3","title_fontsize":"","title_lineheight":"","title_fontstyle":null,"title_letterspace":"0","title_fontweight":"","title_text_color":"","title_margin_top":"","title_margin_bottom":"","image":"https://sppagebuilder.com/sample-data/images/2017/07/07/music-gallery1.jpg","alt_text":"Gallery","position":"sppb-text-center","open_lightbox":1,"overlay_color":"rgba(0, 0, 0, 0.5)","link":"","target":"","class":"","global_text_color":"","global_link_color":"","global_link_hover_color":"","global_use_background":0,"global_background_color":"","global_background_image":"","global_background_repeat":"no-repeat","global_background_size":"cover","global_background_attachment":"inherit","global_user_border":0,"global_border_width":"","global_border_color":"","global_boder_style":"none","global_border_radius":"","global_margin":{"md":"  30px ","sm":"   ","xs":"   "},"global_padding":{"md":"   ","sm":"   ","xs":"   "},"global_use_animation":0,"global_animation":"","global_animationduration":"300","global_animationdelay":"0","hidden_md":"0","hidden_sm":"0","hidden_xs":"0","acl":null}},{"id":1494493364026,"name":"image","visibility":true,"settings":{"admin_label":"","title":"","heading_selector":"h3","title_fontsize":"","title_lineheight":"","title_fontstyle":null,"title_letterspace":"0","title_fontweight":"","title_text_color":"","title_margin_top":"","title_margin_bottom":"","image":"https://sppagebuilder.com/sample-data/images/2017/07/07/music-gallery5.jpg","alt_text":"Gallery","position":"sppb-text-center","open_lightbox":1,"overlay_color":"rgba(0, 0, 0, 0.5)","link":"","target":"","class":"","global_text_color":"","global_link_color":"","global_link_hover_color":"","global_use_background":0,"global_background_color":"","global_background_image":"","global_background_repeat":"no-repeat","global_background_size":"cover","global_background_attachment":"inherit","global_user_border":0,"global_border_width":"","global_border_color":"","global_boder_style":"none","global_border_radius":"","global_margin":{"md":"  30px ","sm":"   ","xs":"   "},"global_padding":{"md":"   ","sm":"   ","xs":"   "},"global_use_animation":0,"global_animation":"","global_animationduration":"300","global_animationdelay":"0","hidden_md":"0","hidden_sm":"0","hidden_xs":"0","acl":null}}]},{"id":1494493363957,"class_name":"col-md-3","visibility":true,"settings":{"color":"","background":"","background_image":"","overlay":"","background_repeat":"no-repeat","background_size":"cover","background_attachment":"scroll","background_position":"0 0","padding":"","class":"","sm_col":"col-sm-6","xs_col":"","hidden_xs":"","hidden_sm":"","hidden_md":"","animation":"","animationduration":"300","animationdelay":"0"},"addons":[{"id":1494493364036,"name":"image","visibility":true,"settings":{"admin_label":"","title":"","heading_selector":"h3","title_fontsize":"","title_lineheight":"","title_fontstyle":null,"title_letterspace":"0","title_fontweight":"","title_text_color":"","title_margin_top":"","title_margin_bottom":"","image":"https://sppagebuilder.com/sample-data/images/2017/07/07/music-gallery2.jpg","alt_text":"Gallery","position":"sppb-text-center","open_lightbox":1,"overlay_color":"rgba(0, 0, 0, 0.5)","link":"","target":"","class":"","global_text_color":"","global_link_color":"","global_link_hover_color":"","global_use_background":0,"global_background_color":"","global_background_image":"","global_background_repeat":"no-repeat","global_background_size":"cover","global_background_attachment":"inherit","global_user_border":0,"global_border_width":"","global_border_color":"","global_boder_style":"none","global_border_radius":"","global_margin":{"md":"  30px ","sm":"   ","xs":"   "},"global_padding":{"md":"   ","sm":"   ","xs":"   "},"global_use_animation":0,"global_animation":"","global_animationduration":"300","global_animationdelay":"0","hidden_md":"0","hidden_sm":"0","hidden_xs":"0","acl":null}},{"id":1494493364021,"name":"image","visibility":true,"settings":{"admin_label":"","title":"","heading_selector":"h3","title_fontsize":"","title_lineheight":"","title_fontstyle":null,"title_letterspace":"0","title_fontweight":"","title_text_color":"","title_margin_top":"","title_margin_bottom":"","image":"https://sppagebuilder.com/sample-data/images/2017/07/07/music-gallery6.jpg","alt_text":"Gallery","position":"sppb-text-center","open_lightbox":1,"overlay_color":"rgba(0, 0, 0, 0.5)","link":"","target":"","class":"","global_text_color":"","global_link_color":"","global_link_hover_color":"","global_use_background":0,"global_background_color":"","global_background_image":"","global_background_repeat":"no-repeat","global_background_size":"cover","global_background_attachment":"inherit","global_user_border":0,"global_border_width":"","global_border_color":"","global_boder_style":"none","global_border_radius":"","global_margin":{"md":"  30px ","sm":"   ","xs":"   "},"global_padding":{"md":"   ","sm":"   ","xs":"   "},"global_use_animation":0,"global_animation":"","global_animationduration":"300","global_animationdelay":"0","hidden_md":"0","hidden_sm":"0","hidden_xs":"0","acl":null}}]},{"id":1494493363958,"class_name":"col-md-3","visibility":true,"settings":{"color":"","background":"","background_image":"","overlay":"","background_repeat":"no-repeat","background_size":"cover","background_attachment":"scroll","background_position":"0 0","padding":"","class":"","sm_col":"col-sm-6","xs_col":"","hidden_xs":"","hidden_sm":"","hidden_md":"","animation":"","animationduration":"300","animationdelay":"0"},"addons":[{"id":1494493364031,"name":"image","visibility":true,"settings":{"admin_label":"","title":"","heading_selector":"h3","title_fontsize":"","title_lineheight":"","title_fontstyle":null,"title_letterspace":"0","title_fontweight":"","title_text_color":"","title_margin_top":"","title_margin_bottom":"","image":"https://sppagebuilder.com/sample-data/images/2017/07/07/music-gallery3.jpg","alt_text":"Gallery","position":"sppb-text-center","open_lightbox":1,"overlay_color":"rgba(0, 0, 0, 0.5)","link":"","target":"","class":"","global_text_color":"","global_link_color":"","global_link_hover_color":"","global_use_background":0,"global_background_color":"","global_background_image":"","global_background_repeat":"no-repeat","global_background_size":"cover","global_background_attachment":"inherit","global_user_border":0,"global_border_width":"","global_border_color":"","global_boder_style":"none","global_border_radius":"","global_margin":{"md":"  30px ","sm":"   ","xs":"   "},"global_padding":{"md":"   ","sm":"   ","xs":"   "},"global_use_animation":0,"global_animation":"","global_animationduration":"300","global_animationdelay":"0","hidden_md":"0","hidden_sm":"0","hidden_xs":"0","acl":null}},{"id":1494493364016,"name":"image","visibility":true,"settings":{"admin_label":"","title":"","heading_selector":"h3","title_fontsize":"","title_lineheight":"","title_fontstyle":null,"title_letterspace":"0","title_fontweight":"","title_text_color":"","title_margin_top":"","title_margin_bottom":"","image":"https://sppagebuilder.com/sample-data/images/2017/07/07/music-gallery7.jpg","alt_text":"Gallery","position":"sppb-text-center","open_lightbox":1,"overlay_color":"rgba(0, 0, 0, 0.5)","link":"","target":"","class":"","global_text_color":"","global_link_color":"","global_link_hover_color":"","global_use_background":0,"global_background_color":"","global_background_image":"","global_background_repeat":"no-repeat","global_background_size":"cover","global_background_attachment":"inherit","global_user_border":0,"global_border_width":"","global_border_color":"","global_boder_style":"none","global_border_radius":"","global_margin":{"md":"  30px ","sm":"   ","xs":"   "},"global_padding":{"md":"   ","sm":"   ","xs":"   "},"global_use_animation":0,"global_animation":"","global_animationduration":"300","global_animationdelay":"0","hidden_md":"0","hidden_sm":"0","hidden_xs":"0","acl":null}}]},{"id":1494493363959,"class_name":"col-md-3","visibility":true,"settings":{"color":"","background":"","background_image":"","overlay":"","background_repeat":"no-repeat","background_size":"cover","background_attachment":"scroll","background_position":"0 0","padding":"","class":"","sm_col":"col-sm-6","xs_col":"","hidden_xs":"","hidden_sm":"","hidden_md":"","animation":"","animationduration":"300","animationdelay":"0"},"addons":[{"id":1494493364011,"name":"image","visibility":true,"settings":{"admin_label":"","title":"","heading_selector":"h3","title_fontsize":"","title_lineheight":"","title_fontstyle":null,"title_letterspace":"0","title_fontweight":"","title_text_color":"","title_margin_top":"","title_margin_bottom":"","image":"https://sppagebuilder.com/sample-data/images/2017/07/07/music-gallery4.jpg","alt_text":"Gallery","position":"sppb-text-center","open_lightbox":1,"overlay_color":"rgba(0, 0, 0, 0.5)","link":"","target":"","class":"","global_text_color":"","global_link_color":"","global_link_hover_color":"","global_use_background":0,"global_background_color":"","global_background_image":"","global_background_repeat":"no-repeat","global_background_size":"cover","global_background_attachment":"inherit","global_user_border":0,"global_border_width":"","global_border_color":"","global_boder_style":"none","global_border_radius":"","global_margin":{"md":"  30px ","sm":"   ","xs":"   "},"global_padding":{"md":"   ","sm":"   ","xs":"   "},"global_use_animation":0,"global_animation":"","global_animationduration":"300","global_animationdelay":"0","hidden_md":"0","hidden_sm":"0","hidden_xs":"0","acl":null}},{"id":1494493364041,"name":"image","visibility":true,"settings":{"admin_label":"","title":"","heading_selector":"h3","title_fontsize":"","title_lineheight":"","title_fontstyle":null,"title_letterspace":"0","title_fontweight":"","title_text_color":"","title_margin_top":"","title_margin_bottom":"","image":"https://sppagebuilder.com/sample-data/images/2017/07/07/music-gallery8.jpg","alt_text":"Gallery","position":"sppb-text-center","open_lightbox":1,"overlay_color":"rgba(0, 0, 0, 0.5)","link":"","target":"","class":"","global_text_color":"","global_link_color":"","global_link_hover_color":"","global_use_background":0,"global_background_color":"","global_background_image":"","global_background_repeat":"no-repeat","global_background_size":"cover","global_background_attachment":"inherit","global_user_border":0,"global_border_width":"","global_border_color":"","global_boder_style":"none","global_border_radius":"","global_margin":{"md":"  30px ","sm":"   ","xs":"   "},"global_padding":{"md":"   ","sm":"   ","xs":"   "},"global_use_animation":0,"global_animation":"","global_animationduration":"300","global_animationdelay":"0","hidden_md":"0","hidden_sm":"0","hidden_xs":"0","acl":null}}]}]}]}]},{"id":1494485926724,"visibility":true,"collapse":false,"settings":{"admin_label":"Sponsors","title":"","heading_selector":"h3","title_fontsize":"","title_fontweight":"","title_text_color":"","title_margin_top":"","title_margin_bottom":"","subtitle":"","subtitle_fontsize":"","title_position":"sppb-text-center","columns_equal_height":"0","fullscreen":0,"no_gutter":0,"id":"","class":"","padding":{"md":"93px  100px ","sm":"   ","xs":"50px  50px "},"margin":{"md":"   ","sm":"   ","xs":"   "},"color":"","background_color":"","background_image":"","overlay":"","background_repeat":"no-repeat","background_size":"cover","background_attachment":"fixed","background_position":"0 0","background_video":0,"background_video_mp4":"","background_video_ogv":"","hidden_xs":"","hidden_sm":"","hidden_md":"","animation":"fadeIn","animationduration":"700","animationdelay":"","columns_align_center":0,"background_parallax":0,"show_top_shape":0,"show_bottom_shape":0},"layout":"12","columns":[{"id":1494485926725,"class_name":"col-md-12","visibility":true,"settings":{},"addons":[{"id":1499424836188,"name":"heading","visibility":true,"settings":{"admin_label":"Sponsors","title":"Sponsors","heading_selector":"h2","use_link":0,"title_link":"","link_new_tab":"0","title_fontsize":{"md":"36","sm":"","xs":"25"},"title_fontstyle":null,"title_fontweight":"700","title_lineheight":{"md":"45","sm":"","xs":"35"},"title_letterspace":"0","title_margin":{"md":"  10px ","sm":"   ","xs":"   "},"title_padding":{"md":"   ","sm":"   ","xs":"   "},"alignment":"sppb-text-center","class":"","global_text_color":"","global_link_color":"","global_link_hover_color":"","global_use_background":"0","global_background_color":"","global_background_image":"","global_background_repeat":"no-repeat","global_background_size":"cover","global_background_attachment":"inherit","global_user_border":"0","global_border_width":"","global_border_color":"","global_boder_style":"none","global_border_radius":"","global_margin":"","global_padding":"","global_use_animation":"0","global_animation":"","global_animationduration":"300","global_animationdelay":"0","hidden_md":"0","hidden_sm":"0","hidden_xs":"0","acl":null}},{"id":1499424836191,"name":"heading","visibility":true,"settings":{"admin_label":"Ready to wear bifocal contact","title":"Ready to wear bifocal contact","heading_selector":"h3","use_link":0,"title_link":"","link_new_tab":"0","title_fontsize":{"md":"18","sm":"","xs":"16"},"title_fontstyle":null,"title_fontweight":"300","title_lineheight":{"md":"22","sm":"","xs":"22"},"title_letterspace":"0","title_margin":{"md":"0px 0px 20px 0px","sm":"   ","xs":"   "},"title_padding":{"md":"0px 0px 0px 0px","sm":"   ","xs":"   "},"alignment":"sppb-text-center","class":"","global_text_color":"","global_link_color":"","global_link_hover_color":"","global_use_background":"0","global_background_color":"","global_background_image":"","global_background_repeat":"no-repeat","global_background_size":"cover","global_background_attachment":"inherit","global_user_border":"0","global_border_width":"","global_border_color":"","global_boder_style":"none","global_border_radius":"","global_margin":"","global_padding":"","global_use_animation":"0","global_animation":"","global_animationduration":"300","global_animationdelay":"0","hidden_md":"0","hidden_sm":"0","hidden_xs":"0","acl":null}},{"id":1494489748680,"name":"clients","visibility":true,"settings":{"admin_label":"","title":"","heading_selector":"h3","title_fontsize":"","title_lineheight":"","title_fontstyle":null,"title_letterspace":"0","title_fontweight":"","title_text_color":"","title_margin_top":"","title_margin_bottom":"","count":"sppb-col-sm-4","alignment":"sppb-text-center","class":"","sp_clients_item":[{"title":"Client 1","image":"https://sppagebuilder.com/sample-data/images/2017/07/07/client-logo1.png","url":"#"},{"title":"Client 1","image":"https://sppagebuilder.com/sample-data/images/2017/07/07/client-logo2.png","url":"#"},{"title":"Client 1","image":"https://sppagebuilder.com/sample-data/images/2017/07/07/client-logo3.png","url":"#"}],"global_text_color":"","global_link_color":"","global_link_hover_color":"","global_use_background":0,"global_background_color":"","global_background_image":"","global_background_repeat":"no-repeat","global_background_size":"cover","global_background_attachment":"inherit","global_user_border":0,"global_border_width":"","global_border_color":"","global_boder_style":"none","global_border_radius":"","global_margin":{"md":"60px auto 70px auto","sm":"   ","xs":"30px  30px "},"global_padding":{"md":"   ","sm":"   ","xs":"   "},"global_use_animation":0,"global_animation":"","global_animationduration":"300","global_animationdelay":"0","hidden_md":0,"hidden_sm":0,"hidden_xs":0,"acl":null,"use_global_width":1,"global_width":{"md":"65","sm":"85","xs":"100"}}},{"id":1494485926744,"name":"clients","visibility":true,"settings":{"admin_label":"","title":"","heading_selector":"h3","title_fontsize":"","title_lineheight":"","title_fontstyle":null,"title_letterspace":"0","title_fontweight":"","title_text_color":"","title_margin_top":"","title_margin_bottom":"","count":"sppb-col-sm-3","alignment":"sppb-text-center","class":"","sp_clients_item":[{"title":"Client 1","image":"https://sppagebuilder.com/sample-data/images/2017/07/07/client-logo4.png","url":"#"},{"title":"Client 1","image":"https://sppagebuilder.com/sample-data/images/2017/07/07/client-logo5.png","url":"#"},{"title":"Client 1","image":"https://sppagebuilder.com/sample-data/images/2017/07/07/client-logo6.png","url":"#"},{"title":"Client 1","image":"https://sppagebuilder.com/sample-data/images/2017/07/07/client-logo7.png","url":"#"}],"global_text_color":"","global_link_color":"","global_link_hover_color":"","global_use_background":0,"global_background_color":"","global_background_image":"","global_background_repeat":"no-repeat","global_background_size":"cover","global_background_attachment":"inherit","global_user_border":0,"global_border_width":"","global_border_color":"","global_boder_style":"none","global_border_radius":"","global_margin":{"md":" auto 50px auto","sm":"   ","xs":"   "},"global_padding":{"md":"   ","sm":"   ","xs":"   "},"global_use_animation":0,"global_animation":"","global_animationduration":"300","global_animationdelay":"0","hidden_md":0,"hidden_sm":0,"hidden_xs":0,"acl":null,"use_global_width":1,"global_width":{"md":"70","sm":"","xs":""}}},{"id":1494490108489,"name":"button","visibility":true,"settings":{"admin_label":"become a sponsor","text":"become a sponsor","alignment":"sppb-text-center","fontstyle":["uppercase"],"letterspace":"0","url":"#","target":"","type":"custom","appearance":"","background_color":"rgba(255, 26, 126, 1)","color":"#ffffff","background_color_hover":"rgba(224, 25, 101, 1)","color_hover":"#ffffff","button_padding":{"md":"14px 30px 14px 30px","sm":"   ","xs":"8px 15px 8px 15px"},"size":"","shape":"rounded","block":"","icon":"","icon_position":"left","class":"","global_text_color":"","global_link_color":"","global_link_hover_color":"","global_use_background":"0","global_background_color":"","global_background_image":"","global_background_repeat":"no-repeat","global_background_size":"cover","global_background_attachment":"inherit","global_user_border":"0","global_border_width":"","global_border_color":"","global_boder_style":"none","global_border_radius":"","global_margin":"0px 0 0 0","global_padding":"","global_use_animation":"0","global_animation":"","global_animationduration":"300","global_animationdelay":"0","hidden_md":"0","hidden_sm":"0","hidden_xs":"0","acl":null}}]}]},{"id":1494825322501,"visibility":true,"collapse":false,"settings":{"admin_label":"Google Map","title":"","heading_selector":"h3","title_fontsize":"","title_fontweight":"","title_text_color":"","title_margin_top":"","title_margin_bottom":"","subtitle":"","subtitle_fontsize":"","title_position":"sppb-text-center","columns_equal_height":"0","fullscreen":"1","no_gutter":"0","id":"","class":"","padding":"0px 0px 0px 0px","margin":"0px 0px 0px 0px","color":"","background_color":"","background_image":"","overlay":"","background_repeat":"no-repeat","background_size":"cover","background_attachment":"fixed","background_position":"0 0","background_video":"0","background_video_mp4":"","background_video_ogv":"","hidden_xs":"","hidden_sm":"","hidden_md":"","animation":"","animationduration":"300","animationdelay":"0"},"layout":"12","columns":[{"id":1494825322502,"class_name":"col-md-12","visibility":true,"settings":{},"addons":[{"id":1494825969633,"name":"gmap","visibility":true,"settings":{"admin_label":"","title":"","heading_selector":"h3","title_fontsize":"","title_lineheight":"","title_fontstyle":null,"title_letterspace":"0","title_fontweight":"","title_text_color":"","title_margin_top":"","title_margin_bottom":"","map":"40.712784, -74.005941","height":{"md":"405","sm":"350","xs":"200"},"type":"ROADMAP","zoom":"18","mousescroll":"false","class":"","global_text_color":"","global_link_color":"","global_link_hover_color":"","global_use_background":"0","global_background_color":"","global_background_image":"","global_background_repeat":"no-repeat","global_background_size":"cover","global_background_attachment":"inherit","global_user_border":"0","global_border_width":"","global_border_color":"","global_boder_style":"none","global_border_radius":"","global_margin":"","global_padding":"","global_use_animation":"0","global_animation":"","global_animationduration":"300","global_animationdelay":"0","hidden_md":"0","hidden_sm":"0","hidden_xs":"0","acl":null}}]}]}]