[{"id":1494396119656,"visibility":true,"collapse":false,"settings":{"admin_label":"Hero Section","title":"","heading_selector":"h3","title_fontsize":"","title_fontweight":"","title_text_color":"","title_margin_top":"","title_margin_bottom":"","subtitle":"","subtitle_fontsize":"","title_position":"sppb-text-center","columns_equal_height":"0","fullscreen":0,"no_gutter":0,"id":"","class":"","padding":{"md":"235px 0px 235px 0px","sm":"   ","xs":"   "},"margin":{"md":"0px 0px 0px 0px","sm":"   ","xs":"   "},"color":"rgba(255, 255, 255, 1)","background_color":"","background_image":"https://sppagebuilder.com/sample-data/images/2017/05/10/hero-img.jpg","overlay":"","background_repeat":"no-repeat","background_size":"cover","background_attachment":"inherit","background_position":"50% 50%","background_video":0,"background_video_mp4":"","background_video_ogv":"","hidden_xs":"","hidden_sm":"","hidden_md":"","animation":"","animationduration":"300","animationdelay":"0","columns_align_center":0,"background_parallax":0,"show_top_shape":0,"show_bottom_shape":0},"layout":"12","columns":[{"id":1494396119657,"class_name":"col-md-12","visibility":true,"settings":{},"addons":[{"id":1494396119660,"name":"heading","visibility":true,"settings":{"admin_label":"Welcome","title":"Welcome","heading_selector":"h2","use_link":0,"title_link":"","link_new_tab":"0","title_fontsize":"48","title_fontstyle":null,"title_fontweight":"400","title_lineheight":"","title_letterspace":"0","title_margin":{"md":"0px 0px 17px 0px","sm":"   ","xs":"   "},"title_padding":{"md":"0px 0px 0px 0px","sm":"   ","xs":"   "},"alignment":"sppb-text-center","class":"","global_text_color":"rgba(207, 157, 95, 1)","global_link_color":"","global_link_hover_color":"","global_use_background":"0","global_background_color":"","global_background_image":"","global_background_repeat":"no-repeat","global_background_size":"cover","global_background_attachment":"inherit","global_user_border":"0","global_border_width":"","global_border_color":"","global_boder_style":"none","global_border_radius":"","global_margin":"","global_padding":"","global_use_animation":"1","global_animation":"fadeInUp","global_animationduration":"700","global_animationdelay":"100","hidden_md":"0","hidden_sm":"0","hidden_xs":"0","acl":null}},{"id":1494396680877,"name":"heading","visibility":true,"settings":{"admin_label":"Fresh. Fast. Tasty","title":"Fresh. Fast. Tasty","heading_selector":"h2","use_link":0,"title_link":"","link_new_tab":"0","title_fontsize":"64","title_fontstyle":null,"title_fontweight":"700","title_lineheight":"","title_letterspace":"0","title_margin":{"md":"0px 0px 10px 0px","sm":"   ","xs":"   "},"title_padding":{"md":"0px 0px 0px 0px","sm":"   ","xs":"   "},"alignment":"sppb-text-center","class":"","global_text_color":"","global_link_color":"","global_link_hover_color":"","global_use_background":"0","global_background_color":"","global_background_image":"","global_background_repeat":"no-repeat","global_background_size":"cover","global_background_attachment":"inherit","global_user_border":"0","global_border_width":"","global_border_color":"","global_boder_style":"none","global_border_radius":"","global_margin":"","global_padding":"","global_use_animation":"1","global_animation":"fadeInUp","global_animationduration":"700","global_animationdelay":"500","hidden_md":"0","hidden_sm":"0","hidden_xs":"0","acl":null}}]}]},{"id":1494397321379,"visibility":true,"collapse":false,"settings":{"admin_label":"About Us Section","title":"","heading_selector":"h3","title_fontsize":"","title_fontweight":"","title_text_color":"","title_margin_top":"","title_margin_bottom":"","subtitle":"","subtitle_fontsize":"","title_position":"sppb-text-center","columns_equal_height":"0","fullscreen":0,"no_gutter":0,"id":"","class":"","padding":{"md":"100px 0px 100px 0px","sm":"   ","xs":"   "},"margin":{"md":"0px 0px 0px 0px","sm":"   ","xs":"   "},"color":"","background_color":"","background_image":"","overlay":"","background_repeat":"no-repeat","background_size":"cover","background_attachment":"fixed","background_position":"0 0","background_video":0,"background_video_mp4":"","background_video_ogv":"","hidden_xs":"","hidden_sm":"","hidden_md":"","animation":"","animationduration":"300","animationdelay":"0","columns_align_center":1,"background_parallax":0,"show_top_shape":0,"show_bottom_shape":0},"layout":"6,6","columns":[{"id":1494397321380,"class_name":"col-md-6","visibility":true,"settings":{"default":{"background_image":"","background_repeat":"no-repeat","background_size":"cover","background_attachment":"scroll","background_position":"0 0","items_align_center":0,"boxshadow":"0 0 0 0 #fff","sm_col":"","xs_col":"","hidden_xs":"","hidden_sm":"","hidden_md":"","animationduration":"300","animationdelay":"0"},"items_align_center":0,"padding":{"md":"   ","sm":"   ","xs":"   "}},"addons":[{"id":1494397779869,"name":"image","visibility":true,"settings":{"admin_label":"","title":"","heading_selector":"h3","title_fontsize":"","title_lineheight":"","title_fontstyle":null,"title_letterspace":"0","title_fontweight":"","title_text_color":"","title_margin_top":"","title_margin_bottom":"","image":"https://sppagebuilder.com/sample-data/images/2017/05/10/about-img01.jpg","alt_text":"","position":"sppb-text-left","open_lightbox":0,"overlay_color":"rgba(119, 219, 31, 0.5)","link":"","target":"","class":"","global_text_color":"","global_link_color":"","global_link_hover_color":"","global_use_background":0,"global_background_color":"","global_background_image":"","global_background_repeat":"no-repeat","global_background_size":"cover","global_background_attachment":"inherit","global_user_border":0,"global_border_width":"","global_border_color":"","global_boder_style":"none","global_border_radius":"","global_margin":{"md":"   ","sm":"   ","xs":"   "},"global_padding":{"md":"   ","sm":"   ","xs":"   "},"global_use_animation":0,"global_animation":"","global_animationduration":"300","global_animationdelay":"0","hidden_md":"0","hidden_sm":"0","hidden_xs":"0","acl":null}}]},{"id":1494397321381,"class_name":"col-md-6","visibility":true,"settings":{"color":"","background":"","background_image":"","overlay":"","background_repeat":"no-repeat","background_size":"cover","background_attachment":"scroll","background_position":"0 0","padding":{"md":"   ","sm":"   ","xs":"   "},"class":"","sm_col":"","xs_col":"","hidden_xs":"","hidden_sm":"","hidden_md":"","animation":"","animationduration":"300","animationdelay":"0","items_align_center":0},"addons":[{"id":1509997871852,"name":"text_block","visibility":true,"settings":{"admin_label":"","title":"About Us","heading_selector":"h3","title_fontsize":{"md":"36","sm":"","xs":""},"title_lineheight":{"md":"42","sm":"","xs":""},"title_fontstyle":null,"title_letterspace":"0","title_fontweight":"400","title_text_color":"rgba(81, 81, 80, 1)","title_margin_top":{"md":"0","sm":"","xs":""},"title_margin_bottom":{"md":"20","sm":"","xs":""},"text":"Lorem Ipsum is simply dummy text of the printing and typesetting industry. Lorem Ipsum has been the industry's standard dummy text ever since the 1500s, when an unknown printer took a galley of type and scrambled it to make a type specimen book.","alignment":"sppb-text-left","class":"","global_text_color":"","global_link_color":"","global_link_hover_color":"","global_use_background":0,"global_background_color":"","global_background_image":"","global_background_repeat":"no-repeat","global_background_size":"cover","global_background_attachment":"inherit","global_user_border":0,"global_border_width":"","global_border_color":"","global_boder_style":"none","global_border_radius":"","global_margin":{"md":"0 0 30px 0","sm":"30px 0px 0px 0px","xs":"30px 0px 0px 0px"},"global_padding":{"md":"   ","sm":"   ","xs":"   "},"global_use_animation":0,"global_animation":"","global_animationduration":"300","global_animationdelay":"0","hidden_md":"0","hidden_sm":"0","hidden_xs":"0","acl":null,"dropcap":0,"text_fontsize":{"md":"16","sm":"","xs":""},"text_lineheight":{"md":"26","sm":"","xs":""},"title_font_style":{"weight":""}}},{"id":1494398059422,"name":"button","visibility":true,"settings":{"admin_label":"","text":"Read More","alignment":"sppb-text-left","fontstyle":["uppercase","normal"],"letterspace":"0","url":"#","target":"","type":"custom","appearance":"","background_color":"rgba(207, 157, 95, 1)","color":"#ffffff","background_color_hover":"#222222","color_hover":"#ffffff","button_padding":"13px 40px 13px 40px","size":"","shape":"round","block":"","icon":"","icon_position":"left","class":"","global_text_color":"","global_link_color":"","global_link_hover_color":"","global_use_background":"0","global_background_color":"","global_background_image":"","global_background_repeat":"no-repeat","global_background_size":"cover","global_background_attachment":"inherit","global_user_border":"0","global_border_width":"","global_border_color":"","global_boder_style":"none","global_border_radius":"","global_margin":"","global_padding":"","global_use_animation":"0","global_animation":"","global_animationduration":"300","global_animationdelay":"0","hidden_md":"0","hidden_sm":"0","hidden_xs":"0","acl":null}}]}]},{"id":1494397321416,"visibility":true,"collapse":false,"settings":{"admin_label":"Call to action section","title":"","heading_selector":"h3","title_fontsize":"","title_fontweight":"","title_text_color":"","title_margin_top":"","title_margin_bottom":"","subtitle":"","subtitle_fontsize":"","title_position":"sppb-text-center","columns_equal_height":"0","fullscreen":0,"no_gutter":0,"id":"","class":"","padding":{"md":"120px 0px 120px 0px","sm":"   ","xs":"   "},"margin":{"md":"0px 0px 0px 0px","sm":"   ","xs":"   "},"color":"","background_color":"","background_image":"https://sppagebuilder.com/sample-data/images/2017/05/10/cta-bg.jpg","overlay":"","background_repeat":"no-repeat","background_size":"cover","background_attachment":"inherit","background_position":"50% 50%","background_video":0,"background_video_mp4":"","background_video_ogv":"","hidden_xs":"","hidden_sm":"","hidden_md":"","animation":"fadeIn","animationduration":"700","animationdelay":"","columns_align_center":0,"background_parallax":0,"show_top_shape":0,"show_bottom_shape":0},"layout":"12","columns":[{"id":1494397321417,"class_name":"col-md-12","visibility":true,"settings":{},"addons":[{"id":1494399032977,"name":"modal","visibility":true,"settings":{"admin_label":"","modal_selector":"image","button_text":"Button Text","button_fontstyle":null,"button_letterspace":"0","button_type":"default","button_appearance":"","button_background_color":"#444444","button_color":"#ffffff","button_background_color_hover":"#222222","button_color_hover":"#ffffff","button_size":"","button_shape":"rounded","button_block":"","button_icon":"","button_icon_position":"left","selector_image":"https://sppagebuilder.com/sample-data/images/2017/05/10/playbutton.png","selector_icon_name":"","selector_icon_size":"36","selector_icon_color":"","selector_icon_background":"","selector_icon_border_color":"","selector_icon_border_width":"","selector_icon_border_radius":"","selector_icon_padding":"","modal_content_type":"video","modal_content_text":"\t\t\t\t\t\tKevin chicken fatback sirloin ball tip, flank meatloaf t-bone. Meatloaf shankle swine pancetta biltong capicola ham hock meatball. Shoulder bacon andouille ground round pancetta pastrami. Sirloin beef ribs tenderloin rump corned beef filet mignon capicola kielbasa drumstick chuck turducken beef t-bone ribeye. Pork loin ground round t-bone chuck beef ribs swine pastrami cow. Venison tenderloin drumstick, filet mignon salami jowl sausage shank hamburger meatball ribeye kevin tri-tip. Swine kielbasa tenderloin fatback pork shankle andouille, flank frankfurter jerky chicken tri-tip jowl leberkas.&lt;br&gt;&lt;br&gt;Pancetta chicken pork belly beef cow kielbasa fatback sirloin biltong andouille bacon. Sirloin beef tenderloin porchetta, jerky tri-tip andouille sausage landjaeger shank bresaola short ribs tongue meatloaf fatback. Kielbasa pancetta shoulder tri-tip pastrami filet mignon ham corned beef prosciutto doner beef ribs. Doner sausage ham hock, shoulder sirloin pancetta boudin filet mignon chuck. Meatball ham hock beef, filet mignon tri-tip andouille venison ground round chuck turducken drumstick.","modal_content_image":"","modal_content_video_url":"https://www.youtube.com/watch?v=fDlDl5IEaB8","modal_popup_width":"760","modal_popup_height":"440","alignment":"sppb-text-center","class":"","global_text_color":"","global_link_color":"","global_link_hover_color":"","global_use_background":"0","global_background_color":"","global_background_image":"","global_background_repeat":"no-repeat","global_background_size":"cover","global_background_attachment":"inherit","global_user_border":"0","global_border_width":"","global_border_color":"","global_boder_style":"none","global_border_radius":"","global_margin":"0 0 15px 0","global_padding":"","global_use_animation":"0","global_animation":"","global_animationduration":"300","global_animationdelay":"0","hidden_md":"0","hidden_sm":"0","hidden_xs":"0","acl":null,"selector_text_margin":"   "}},{"id":1494399217841,"name":"heading","visibility":true,"settings":{"admin_label":"Our Tasty Recipies","title":"Our Tasty Recipies","heading_selector":"h2","use_link":0,"title_link":"","link_new_tab":"0","title_fontsize":"48","title_fontstyle":null,"title_fontweight":"400","title_lineheight":"","title_letterspace":"0","title_margin":{"md":"0px 0px 0px 0px","sm":"   ","xs":"   "},"title_padding":{"md":"0px 0px 0px 0px","sm":"   ","xs":"   "},"alignment":"sppb-text-center","class":"","global_text_color":"rgba(255, 255, 255, 1)","global_link_color":"","global_link_hover_color":"","global_use_background":0,"global_background_color":"","global_background_image":"","global_background_repeat":"no-repeat","global_background_size":"cover","global_background_attachment":"inherit","global_user_border":0,"global_border_width":"","global_border_color":"","global_boder_style":"none","global_border_radius":"","global_margin":{"md":"   ","sm":"   ","xs":"   "},"global_padding":{"md":"   ","sm":"   ","xs":"   "},"global_use_animation":0,"global_animation":"","global_animationduration":"300","global_animationdelay":"0","hidden_md":"0","hidden_sm":"0","hidden_xs":"0","acl":null}}]}]},{"id":1509997871945,"visibility":true,"collapse":false,"settings":{"admin_label":"About Us Section","title":"","heading_selector":"h3","title_fontsize":"","title_fontweight":"","title_text_color":"","title_margin_top":"","title_margin_bottom":"","subtitle":"","subtitle_fontsize":"","title_position":"sppb-text-center","columns_equal_height":"0","fullscreen":0,"no_gutter":0,"id":"","class":"","padding":{"md":"100px 0px 100px 0px","sm":"   ","xs":"   "},"margin":{"md":"0px 0px 0px 0px","sm":"   ","xs":"   "},"color":"","background_color":"","background_image":"","overlay":"","background_repeat":"no-repeat","background_size":"cover","background_attachment":"fixed","background_position":"0 0","background_video":0,"background_video_mp4":"","background_video_ogv":"","hidden_xs":"","hidden_sm":"","hidden_md":"","animation":"","animationduration":"300","animationdelay":"0","columns_align_center":1,"background_parallax":0,"show_top_shape":0,"show_bottom_shape":0},"layout":"6,6","columns":[{"id":1509997871946,"class_name":"col-md-6","visibility":true,"settings":{"default":{"background_image":"","background_repeat":"no-repeat","background_size":"cover","background_attachment":"scroll","background_position":"0 0","items_align_center":0,"boxshadow":"0 0 0 0 #fff","sm_col":"","xs_col":"","hidden_xs":"","hidden_sm":"","hidden_md":"","animationduration":"300","animationdelay":"0"},"items_align_center":0,"padding":{"md":"   ","sm":"   ","xs":"   "}},"addons":[{"id":1509997871947,"name":"image","visibility":true,"settings":{"admin_label":"","title":"","heading_selector":"h3","title_fontsize":"","title_lineheight":"","title_fontstyle":null,"title_letterspace":"0","title_fontweight":"","title_text_color":"","title_margin_top":"","title_margin_bottom":"","image":"https://sppagebuilder.com/sample-data/images/2017/05/10/special-items.jpg","alt_text":"","position":"sppb-text-left","open_lightbox":0,"overlay_color":"rgba(119, 219, 31, 0.5)","link":"","target":"","class":"","global_text_color":"","global_link_color":"","global_link_hover_color":"","global_use_background":0,"global_background_color":"","global_background_image":"","global_background_repeat":"no-repeat","global_background_size":"cover","global_background_attachment":"inherit","global_user_border":0,"global_border_width":"","global_border_color":"","global_boder_style":"none","global_border_radius":"","global_margin":{"md":"   ","sm":"   ","xs":"   "},"global_padding":{"md":"   ","sm":"   ","xs":"   "},"global_use_animation":0,"global_animation":"","global_animationduration":"300","global_animationdelay":"0","hidden_md":"0","hidden_sm":"0","hidden_xs":"0","acl":null}}]},{"id":1509997871948,"class_name":"col-md-6","visibility":true,"settings":{"color":"","background":"","background_image":"","overlay":"","background_repeat":"no-repeat","background_size":"cover","background_attachment":"scroll","background_position":"0 0","padding":{"md":"   ","sm":"   ","xs":"   "},"class":"","sm_col":"","xs_col":"","hidden_xs":"","hidden_sm":"","hidden_md":"","animation":"","animationduration":"300","animationdelay":"0","items_align_center":0},"addons":[{"id":1509997871949,"name":"text_block","visibility":true,"settings":{"admin_label":"","title":"Special Items","heading_selector":"h3","title_fontsize":{"md":"36","sm":"","xs":""},"title_lineheight":{"md":"42","sm":"","xs":""},"title_fontstyle":null,"title_letterspace":"0","title_fontweight":"400","title_text_color":"rgba(81, 81, 80, 1)","title_margin_top":{"md":"0","sm":"","xs":""},"title_margin_bottom":{"md":"20","sm":"","xs":""},"text":"Lorem Ipsum is simply dummy text of the printing and typesetting industry. Lorem Ipsum has been the industry's standard dummy text ever since the 1500s, when an unknown printer took a galley of type and scrambled it to make a type specimen book.","alignment":"sppb-text-left","class":"","global_text_color":"","global_link_color":"","global_link_hover_color":"","global_use_background":0,"global_background_color":"","global_background_image":"","global_background_repeat":"no-repeat","global_background_size":"cover","global_background_attachment":"inherit","global_user_border":0,"global_border_width":"","global_border_color":"","global_boder_style":"none","global_border_radius":"","global_margin":{"md":"0 0 30px 0","sm":"30px 0px 0px 0px","xs":"30px 0px 0px 0px"},"global_padding":{"md":"   ","sm":"   ","xs":"   "},"global_use_animation":0,"global_animation":"","global_animationduration":"300","global_animationdelay":"0","hidden_md":"0","hidden_sm":"0","hidden_xs":"0","acl":null,"dropcap":0,"text_fontsize":{"md":"16","sm":"","xs":""},"text_lineheight":{"md":"26","sm":"","xs":""},"title_font_style":{"weight":""}}},{"id":1509997871950,"name":"button","visibility":true,"settings":{"admin_label":"","text":"Read More","alignment":"sppb-text-left","fontstyle":["uppercase","normal"],"letterspace":"0","url":"#","target":"","type":"custom","appearance":"","background_color":"rgba(207, 157, 95, 1)","color":"#ffffff","background_color_hover":"#222222","color_hover":"#ffffff","button_padding":"13px 40px 13px 40px","size":"","shape":"round","block":"","icon":"","icon_position":"left","class":"","global_text_color":"","global_link_color":"","global_link_hover_color":"","global_use_background":"0","global_background_color":"","global_background_image":"","global_background_repeat":"no-repeat","global_background_size":"cover","global_background_attachment":"inherit","global_user_border":"0","global_border_width":"","global_border_color":"","global_boder_style":"none","global_border_radius":"","global_margin":"","global_padding":"","global_use_animation":"0","global_animation":"","global_animationduration":"300","global_animationdelay":"0","hidden_md":"0","hidden_sm":"0","hidden_xs":"0","acl":null}}]}]},{"id":1509998245448,"visibility":true,"collapse":false,"settings":{"admin_label":"","title":"","heading_selector":"h3","title_fontsize":"","title_fontweight":"","title_text_color":"","title_margin_top":"","title_margin_bottom":"","subtitle":"","subtitle_fontsize":"","title_position":"sppb-text-center","columns_equal_height":"0","fullscreen":0,"no_gutter":0,"id":"","class":"","padding":{"md":"100px 0px 20px 0px","sm":"   ","xs":"   "},"margin":{"md":"0px 0px 0px 0px","sm":"   ","xs":"   "},"color":"","background_color":"#fafafa","background_image":"","overlay":"","background_repeat":"no-repeat","background_size":"cover","background_attachment":"inherit","background_position":"50% 50%","background_video":0,"background_video_mp4":"","background_video_ogv":"","hidden_xs":"","hidden_sm":"","hidden_md":"","animation":"","animationduration":"300","animationdelay":"0","columns_align_center":0,"background_parallax":0,"show_top_shape":0,"show_bottom_shape":0},"layout":"12","columns":[{"id":1509998245516,"class_name":"col-md-12","visibility":true,"settings":{},"addons":[{"id":1509998245517,"name":"heading","visibility":true,"settings":{"admin_label":"","title":"Discover Menu","heading_selector":"h3","use_link":0,"title_link":"","link_new_tab":"0","title_fontsize":{"md":"48","sm":"32","xs":"28"},"title_fontstyle":null,"title_fontweight":"","title_lineheight":{"md":"56","sm":"38","xs":"38"},"title_letterspace":"0","title_margin":{"md":"0px 0px 20px 0px","sm":"0px 0px 10px 0px","xs":"20px 0px 20px 0px"},"title_padding":{"md":"0px 0px 0px 0px","sm":"   ","xs":"   "},"alignment":"sppb-text-center","class":"","global_text_color":"rgba(38, 37, 38, 1)","global_link_color":"","global_link_hover_color":"","global_use_background":0,"global_background_color":"","global_background_image":"","global_background_repeat":"no-repeat","global_background_size":"cover","global_background_attachment":"inherit","global_user_border":0,"global_border_width":"","global_border_color":"","global_boder_style":"none","global_border_radius":"","global_margin":{"md":"   ","sm":"   ","xs":"   "},"global_padding":{"md":"   ","sm":"   ","xs":"   "},"global_use_animation":0,"global_animation":"","global_animationduration":"300","global_animationdelay":"0","hidden_md":"0","hidden_sm":"0","hidden_xs":"0","acl":null,"title_font_style":{"weight":700}}},{"id":1509998245518,"name":"heading","visibility":true,"settings":{"admin_label":"","title":"Lorem Ipsum is simply dummy text of the printing and typesetting<br> industry. Lorem Ipsum has been the industry","heading_selector":"h3","use_link":0,"title_link":"","link_new_tab":"","title_fontsize":{"md":"18","sm":"","xs":""},"title_lineheight":{"md":"28","sm":"","xs":""},"title_letterspace":"0","title_margin":{"md":"0px 0px 30px 0px","sm":"   ","xs":"   "},"title_padding":{"md":"0px 0px 0px 0px","sm":"   ","xs":"   "},"title_icon_position":"before","alignment":"sppb-text-center","class":"","title_font_style":{"weight":400}}}]}]},{"id":1509998245486,"visibility":true,"collapse":false,"settings":{"default":{"admin_label":"","title":"","heading_selector":"h3","title_fontsize":"","title_fontweight":"","title_position":"sppb-text-center","columns_align_center":0,"fullscreen":0,"no_gutter":0,"padding":"50px 0px 50px 0px","margin":"0px 0px 0px 0px","background_image":"","background_parallax":"0","background_repeat":"no-repeat","background_size":"cover","background_attachment":"fixed","background_position":"0 0","background_video":"0","external_background_video":"0","show_top_shape":"","shape_name":"clouds-flat","shape_color":"#e5e5e5","shape_width":{"md":100,"sm":100,"xs":100},"shape_height":"","shape_flip":false,"shape_invert":false,"shape_to_front":false,"show_bottom_shape":"","bottom_shape_name":"clouds-opacity","bottom_shape_color":"#e5e5e5","bottom_shape_width":{"md":100,"sm":100,"xs":100},"bottom_shape_height":"","bottom_shape_flip":false,"bottom_shape_invert":false,"bottom_shape_to_front":false,"hidden_xs":"","hidden_sm":"","hidden_md":"","animationduration":"300","animationdelay":"0"},"columns_align_center":0,"fullscreen":0,"no_gutter":0,"padding":{"md":"20px 0px 70px 0px","sm":"   ","xs":"   "},"margin":{"md":"   ","sm":"   ","xs":"   "},"background_parallax":0,"background_video":0,"show_top_shape":0,"show_bottom_shape":0,"background_color":"#fafafa","hidden_xs":0,"hidden_sm":0,"hidden_md":0},"layout":"6,6","columns":[{"id":1509998245484,"class_name":"col-md-6","visibility":true,"settings":{"default":{"background_image":"","background_repeat":"no-repeat","background_size":"cover","background_attachment":"scroll","background_position":"0 0","items_align_center":0,"boxshadow":"0 0 0 0 #fff","sm_col":"","xs_col":"","hidden_xs":"","hidden_sm":"","hidden_md":"","animationduration":"300","animationdelay":"0"},"items_align_center":0,"padding":{"md":"0px 0px 0px 220px","sm":"0px 0px 0px 0px","xs":"0px 0px 0px 0px"},"hidden_xs":0,"hidden_sm":0,"hidden_md":0,"sm_col":"col-sm-6"},"addons":[{"id":1494408867295,"name":"text_block","visibility":true,"settings":{"admin_label":"Sweet and Sour Beef","title":"Sweet and Sour Beef","heading_selector":"h3","title_fontsize":"20","title_lineheight":"","title_fontstyle":["bold"],"title_letterspace":"0","title_fontweight":"","title_text_color":"rgba(38, 37, 38, 1)","title_margin_top":"","title_margin_bottom":"","text":"<div style=\"font-size: 16px;\">Lorem Ipsum is simply dummy text <span style=\"color: #cf9d5f; font-size: 24px; font-weight: bold; margin-left: 22px;\">$49</span><br />of the printing and type setting.</div>","alignment":"sppb-text-left","class":"","global_text_color":"","global_link_color":"","global_link_hover_color":"","global_use_background":"0","global_background_color":"","global_background_image":"","global_background_repeat":"no-repeat","global_background_size":"cover","global_background_attachment":"inherit","global_user_border":"0","global_border_width":"","global_border_color":"","global_boder_style":"none","global_border_radius":"","global_margin":"0 0 30px 0","global_padding":"","global_use_animation":"1","global_animation":"fadeIn","global_animationduration":"700","global_animationdelay":"","hidden_md":"0","hidden_sm":"0","hidden_xs":"0","acl":null,"dropcap":0}},{"id":1494408526697,"name":"text_block","visibility":true,"settings":{"admin_label":"Ma Po Tofu","title":"Ma Po Tofu","heading_selector":"h3","title_fontsize":"20","title_lineheight":"","title_fontstyle":["bold"],"title_letterspace":"0","title_fontweight":"","title_text_color":"rgba(38, 37, 38, 1)","title_margin_top":"","title_margin_bottom":"","text":"\t<div style=\"font-size: 16px;\">Lorem Ipsum is simply dummy text <span style=\"color: #cf9d5f; font-size: 24px; font-weight: bold; margin-left: 22px;\">$19</span><br />of the printing and type setting.</div>","alignment":"sppb-text-left","class":"","global_text_color":"","global_link_color":"","global_link_hover_color":"","global_use_background":"0","global_background_color":"","global_background_image":"","global_background_repeat":"no-repeat","global_background_size":"cover","global_background_attachment":"inherit","global_user_border":"0","global_border_width":"","global_border_color":"","global_boder_style":"none","global_border_radius":"","global_margin":"0 0 30px 0","global_padding":"","global_use_animation":"1","global_animation":"fadeIn","global_animationduration":"700","global_animationdelay":"300","hidden_md":"0","hidden_sm":"0","hidden_xs":"0","acl":null}},{"id":1494408526692,"name":"text_block","visibility":true,"settings":{"admin_label":"Dumplings","title":"Dumplings","heading_selector":"h3","title_fontsize":"20","title_lineheight":"","title_fontstyle":["bold"],"title_letterspace":"0","title_fontweight":"","title_text_color":"rgba(38, 37, 38, 1)","title_margin_top":"","title_margin_bottom":"","text":"\t\t\t<div style=\"font-size: 16px;\">Lorem Ipsum is simply dummy text <span style=\"color: #cf9d5f; font-size: 24px; font-weight: bold; margin-left: 22px;\">$49</span><br />of the printing and type setting.</div>","alignment":"sppb-text-left","class":"","global_text_color":"","global_link_color":"","global_link_hover_color":"","global_use_background":"0","global_background_color":"","global_background_image":"","global_background_repeat":"no-repeat","global_background_size":"cover","global_background_attachment":"inherit","global_user_border":"0","global_border_width":"","global_border_color":"","global_boder_style":"none","global_border_radius":"","global_margin":"0 0 30px 0","global_padding":"","global_use_animation":"1","global_animation":"fadeIn","global_animationduration":"700","global_animationdelay":"600","hidden_md":"0","hidden_sm":"0","hidden_xs":"0","acl":null}},{"id":1494408526687,"name":"text_block","visibility":true,"settings":{"admin_label":"Peking Roasted Duck ","title":"Peking Roasted Duck ","heading_selector":"h3","title_fontsize":"20","title_lineheight":"","title_fontstyle":["bold"],"title_letterspace":"0","title_fontweight":"","title_text_color":"rgba(38, 37, 38, 1)","title_margin_top":"","title_margin_bottom":"","text":"\t<div style=\"font-size: 16px;\">Lorem Ipsum is simply dummy text <span style=\"color: #cf9d5f; font-size: 24px; font-weight: bold; margin-left: 22px;\">$19</span><br />of the printing and type setting.</div>","alignment":"sppb-text-left","class":"","global_text_color":"","global_link_color":"","global_link_hover_color":"","global_use_background":"0","global_background_color":"","global_background_image":"","global_background_repeat":"no-repeat","global_background_size":"cover","global_background_attachment":"inherit","global_user_border":"0","global_border_width":"","global_border_color":"","global_boder_style":"none","global_border_radius":"","global_margin":"0 0 30px 0","global_padding":"","global_use_animation":"1","global_animation":"fadeIn","global_animationduration":"700","global_animationdelay":"900","hidden_md":"0","hidden_sm":"0","hidden_xs":"0","acl":null}}]},{"id":1509998245485,"class_name":"col-md-6","visibility":true,"settings":{"default":{"background_image":"","background_repeat":"no-repeat","background_size":"cover","background_attachment":"scroll","background_position":"0 0","items_align_center":0,"boxshadow":"0 0 0 0 #fff","sm_col":"","xs_col":"","hidden_xs":"","hidden_sm":"","hidden_md":"","animationduration":"300","animationdelay":"0"},"items_align_center":0,"padding":{"md":"0px 200px 0px 0px","sm":"0px 0px 0px 0px","xs":"0px 0px 0px 0px"},"hidden_xs":0,"hidden_sm":0,"hidden_md":0,"sm_col":"col-sm-6"},"addons":[{"id":1494408526718,"name":"text_block","visibility":true,"settings":{"admin_label":"Gong Bao Chicken","title":"Gong Bao Chicken","heading_selector":"h3","title_fontsize":"20","title_lineheight":"","title_fontstyle":["bold"],"title_letterspace":"0","title_fontweight":"","title_text_color":"rgba(38, 37, 38, 1)","title_margin_top":"","title_margin_bottom":"","text":"\t<div style=\"font-size: 16px;\">Lorem Ipsum is simply dummy text <span style=\"color: #cf9d5f; font-size: 24px; font-weight: bold; margin-left: 22px;\">$29</span><br />of the printing and type setting.</div>","alignment":"sppb-text-left","class":"","global_text_color":"","global_link_color":"","global_link_hover_color":"","global_use_background":"0","global_background_color":"","global_background_image":"","global_background_repeat":"no-repeat","global_background_size":"cover","global_background_attachment":"inherit","global_user_border":"0","global_border_width":"","global_border_color":"","global_boder_style":"none","global_border_radius":"","global_margin":"0 0 30px 0","global_padding":"","global_use_animation":"1","global_animation":"fadeIn","global_animationduration":"700","global_animationdelay":"150","hidden_md":"0","hidden_sm":"0","hidden_xs":"0","acl":null}},{"id":1494408526733,"name":"text_block","visibility":true,"settings":{"admin_label":"Wontons","title":"Wontons","heading_selector":"h3","title_fontsize":"20","title_lineheight":"","title_fontstyle":["bold"],"title_letterspace":"0","title_fontweight":"","title_text_color":"rgba(38, 37, 38, 1)","title_margin_top":"","title_margin_bottom":"","text":"\t<div style=\"font-size: 16px;\">Lorem Ipsum is simply dummy text <span style=\"color: #cf9d5f; font-size: 24px; font-weight: bold; margin-left: 22px;\">$39</span><br />of the printing and type setting.</div>","alignment":"sppb-text-left","class":"","global_text_color":"","global_link_color":"","global_link_hover_color":"","global_use_background":"0","global_background_color":"","global_background_image":"","global_background_repeat":"no-repeat","global_background_size":"cover","global_background_attachment":"inherit","global_user_border":"0","global_border_width":"","global_border_color":"","global_boder_style":"none","global_border_radius":"","global_margin":"0 0 30px 0","global_padding":"","global_use_animation":"1","global_animation":"fadeIn","global_animationduration":"700","global_animationdelay":"450","hidden_md":"0","hidden_sm":"0","hidden_xs":"0","acl":null}},{"id":1494408526728,"name":"text_block","visibility":true,"settings":{"admin_label":"Chow Mein","title":"Chow Mein","heading_selector":"h3","title_fontsize":"20","title_lineheight":"","title_fontstyle":["bold"],"title_letterspace":"0","title_fontweight":"","title_text_color":"rgba(38, 37, 38, 1)","title_margin_top":"","title_margin_bottom":"","text":"\t\t\t\t<div style=\"font-size: 16px;\">Lorem Ipsum is simply dummy text <span style=\"color: #cf9d5f; font-size: 24px; font-weight: bold; margin-left: 22px;\">$49</span><br />of the printing and type setting.</div>","alignment":"sppb-text-left","class":"","global_text_color":"","global_link_color":"","global_link_hover_color":"","global_use_background":"0","global_background_color":"","global_background_image":"","global_background_repeat":"no-repeat","global_background_size":"cover","global_background_attachment":"inherit","global_user_border":"0","global_border_width":"","global_border_color":"","global_boder_style":"none","global_border_radius":"","global_margin":"0 0 30px 0","global_padding":"","global_use_animation":"1","global_animation":"fadeIn","global_animationduration":"700","global_animationdelay":"750","hidden_md":"0","hidden_sm":"0","hidden_xs":"0","acl":null}},{"id":1494408526723,"name":"text_block","visibility":true,"settings":{"admin_label":"Spring Rolls","title":"Spring Rolls","heading_selector":"h3","title_fontsize":"20","title_lineheight":"","title_fontstyle":["bold"],"title_letterspace":"0","title_fontweight":"","title_text_color":"rgba(38, 37, 38, 1)","title_margin_top":"","title_margin_bottom":"","text":"\t<div style=\"font-size: 16px;\">Lorem Ipsum is simply dummy text <span style=\"color: #cf9d5f; font-size: 24px; font-weight: bold; margin-left: 22px;\">$69</span><br />of the printing and type setting.</div>","alignment":"sppb-text-left","class":"","global_text_color":"","global_link_color":"","global_link_hover_color":"","global_use_background":"0","global_background_color":"","global_background_image":"","global_background_repeat":"no-repeat","global_background_size":"cover","global_background_attachment":"inherit","global_user_border":"0","global_border_width":"","global_border_color":"","global_boder_style":"none","global_border_radius":"","global_margin":"0 0 30px 0","global_padding":"","global_use_animation":"1","global_animation":"fadeIn","global_animationduration":"700","global_animationdelay":"1050","hidden_md":"0","hidden_sm":"0","hidden_xs":"0","acl":null}}]}]},{"id":1509999335737,"visibility":true,"collapse":false,"settings":{"admin_label":"","title":"","heading_selector":"h3","title_fontsize":"","title_fontweight":"","title_text_color":"","title_margin_top":"","title_margin_bottom":"","subtitle":"","subtitle_fontsize":"","title_position":"sppb-text-center","columns_equal_height":"0","fullscreen":0,"no_gutter":0,"id":"","class":"","padding":{"md":"100px 0px 20px 0px","sm":"   ","xs":"   "},"margin":{"md":"0px 0px 0px 0px","sm":"   ","xs":"   "},"color":"","background_color":"","background_image":"","overlay":"","background_repeat":"no-repeat","background_size":"cover","background_attachment":"inherit","background_position":"50% 50%","background_video":0,"background_video_mp4":"","background_video_ogv":"","hidden_xs":"","hidden_sm":"","hidden_md":"","animation":"","animationduration":"300","animationdelay":"0","columns_align_center":0,"background_parallax":0,"show_top_shape":0,"show_bottom_shape":0},"layout":"12","columns":[{"id":1509999335738,"class_name":"col-md-12","visibility":true,"settings":{},"addons":[{"id":1509999335739,"name":"heading","visibility":true,"settings":{"admin_label":"","title":"Discover Menu","heading_selector":"h3","use_link":0,"title_link":"","link_new_tab":"0","title_fontsize":{"md":"48","sm":"32","xs":"28"},"title_fontstyle":null,"title_fontweight":"","title_lineheight":{"md":"56","sm":"38","xs":"38"},"title_letterspace":"0","title_margin":{"md":"0px 0px 20px 0px","sm":"0px 0px 10px 0px","xs":"20px 0px 20px 0px"},"title_padding":{"md":"0px 0px 0px 0px","sm":"   ","xs":"   "},"alignment":"sppb-text-center","class":"","global_text_color":"rgba(38, 37, 38, 1)","global_link_color":"","global_link_hover_color":"","global_use_background":0,"global_background_color":"","global_background_image":"","global_background_repeat":"no-repeat","global_background_size":"cover","global_background_attachment":"inherit","global_user_border":0,"global_border_width":"","global_border_color":"","global_boder_style":"none","global_border_radius":"","global_margin":{"md":"   ","sm":"   ","xs":"   "},"global_padding":{"md":"   ","sm":"   ","xs":"   "},"global_use_animation":0,"global_animation":"","global_animationduration":"300","global_animationdelay":"0","hidden_md":"0","hidden_sm":"0","hidden_xs":"0","acl":null,"title_font_style":{"weight":700}}},{"id":1509999335740,"name":"heading","visibility":true,"settings":{"admin_label":"","title":"Lorem Ipsum is simply dummy text of the printing and typesetting<br> industry. Lorem Ipsum has been the industry","heading_selector":"h3","use_link":0,"title_link":"","link_new_tab":"","title_fontsize":{"md":"18","sm":"","xs":""},"title_lineheight":{"md":"28","sm":"","xs":""},"title_letterspace":"0","title_margin":{"md":"0px 0px 30px 0px","sm":"   ","xs":"   "},"title_padding":{"md":"0px 0px 0px 0px","sm":"   ","xs":"   "},"title_icon_position":"before","alignment":"sppb-text-center","class":"","title_font_style":{"weight":400}}}]}]},{"id":1509999335663,"visibility":true,"collapse":false,"settings":{"default":{"admin_label":"","title":"","heading_selector":"h3","title_fontsize":"","title_fontweight":"","title_position":"sppb-text-center","columns_align_center":0,"fullscreen":0,"no_gutter":0,"padding":"50px 0px 50px 0px","margin":"0px 0px 0px 0px","background_image":"","background_parallax":"0","background_repeat":"no-repeat","background_size":"cover","background_attachment":"fixed","background_position":"0 0","background_video":"0","external_background_video":"0","show_top_shape":"","shape_name":"clouds-flat","shape_color":"#e5e5e5","shape_width":{"md":100,"sm":100,"xs":100},"shape_height":"","shape_flip":false,"shape_invert":false,"shape_to_front":false,"show_bottom_shape":"","bottom_shape_name":"clouds-opacity","bottom_shape_color":"#e5e5e5","bottom_shape_width":{"md":100,"sm":100,"xs":100},"bottom_shape_height":"","bottom_shape_flip":false,"bottom_shape_invert":false,"bottom_shape_to_front":false,"hidden_xs":"","hidden_sm":"","hidden_md":"","animationduration":"300","animationdelay":"0"},"columns_align_center":0,"fullscreen":0,"no_gutter":0,"padding":{"md":"20px 0px 70px 0px","sm":"   ","xs":"   "},"margin":{"md":"   ","sm":"   ","xs":"   "},"background_parallax":0,"background_video":0,"show_top_shape":0,"show_bottom_shape":0,"background_color":"","hidden_xs":0,"hidden_sm":0,"hidden_md":0},"layout":"6,6","columns":[{"id":1509999335664,"class_name":"col-md-6","visibility":true,"settings":{"default":{"background_image":"","background_repeat":"no-repeat","background_size":"cover","background_attachment":"scroll","background_position":"0 0","items_align_center":0,"boxshadow":"0 0 0 0 #fff","sm_col":"","xs_col":"","hidden_xs":"","hidden_sm":"","hidden_md":"","animationduration":"300","animationdelay":"0"},"items_align_center":0,"padding":{"md":"0px 0px 0px 220px","sm":"0px 0px 0px 0px","xs":"0px 0px 0px 0px"},"hidden_xs":0,"hidden_sm":0,"hidden_md":0,"sm_col":"col-sm-6"},"addons":[{"id":1509999335665,"name":"text_block","visibility":true,"settings":{"admin_label":"","title":"Tiramishu","heading_selector":"h3","title_fontsize":"20","title_lineheight":"","title_fontstyle":["bold"],"title_letterspace":"0","title_fontweight":"","title_text_color":"rgba(38, 37, 38, 1)","title_margin_top":"","title_margin_bottom":"","text":"<div style=\"font-size: 16px;\">Lorem Ipsum is simply dummy text <span style=\"color: #cf9d5f; font-size: 24px; font-weight: bold; margin-left: 22px;\">$49</span><br />of the printing and type setting.</div>","alignment":"sppb-text-left","class":"","global_text_color":"","global_link_color":"","global_link_hover_color":"","global_use_background":"0","global_background_color":"","global_background_image":"","global_background_repeat":"no-repeat","global_background_size":"cover","global_background_attachment":"inherit","global_user_border":"0","global_border_width":"","global_border_color":"","global_boder_style":"none","global_border_radius":"","global_margin":"0 0 30px 0","global_padding":"","global_use_animation":"1","global_animation":"fadeIn","global_animationduration":"700","global_animationdelay":"","hidden_md":"0","hidden_sm":"0","hidden_xs":"0","acl":null,"dropcap":0}},{"id":1509999335666,"name":"text_block","visibility":true,"settings":{"admin_label":"","title":"Gelato","heading_selector":"h3","title_fontsize":"20","title_lineheight":"","title_fontstyle":["bold"],"title_letterspace":"0","title_fontweight":"","title_text_color":"rgba(38, 37, 38, 1)","title_margin_top":"","title_margin_bottom":"","text":"<div style=\"font-size: 16px;\">Lorem Ipsum is simply dummy text <span style=\"color: #cf9d5f; font-size: 24px; font-weight: bold; margin-left: 22px;\">$19</span><br />of the printing and type setting.</div>","alignment":"sppb-text-left","class":"","global_text_color":"","global_link_color":"","global_link_hover_color":"","global_use_background":"0","global_background_color":"","global_background_image":"","global_background_repeat":"no-repeat","global_background_size":"cover","global_background_attachment":"inherit","global_user_border":"0","global_border_width":"","global_border_color":"","global_boder_style":"none","global_border_radius":"","global_margin":"0 0 30px 0","global_padding":"","global_use_animation":"1","global_animation":"fadeIn","global_animationduration":"700","global_animationdelay":"300","hidden_md":"0","hidden_sm":"0","hidden_xs":"0","acl":null,"dropcap":0}},{"id":1509999335667,"name":"text_block","visibility":true,"settings":{"admin_label":"Dumplings","title":"Fast Chocolate","heading_selector":"h3","title_fontsize":"20","title_lineheight":"","title_fontstyle":["bold"],"title_letterspace":"0","title_fontweight":"","title_text_color":"rgba(38, 37, 38, 1)","title_margin_top":"","title_margin_bottom":"","text":"<div style=\"font-size: 16px;\">Lorem Ipsum is simply dummy text <span style=\"color: #cf9d5f; font-size: 24px; font-weight: bold; margin-left: 22px;\">$49</span><br />of the printing and type setting.</div>","alignment":"sppb-text-left","class":"","global_text_color":"","global_link_color":"","global_link_hover_color":"","global_use_background":"0","global_background_color":"","global_background_image":"","global_background_repeat":"no-repeat","global_background_size":"cover","global_background_attachment":"inherit","global_user_border":"0","global_border_width":"","global_border_color":"","global_boder_style":"none","global_border_radius":"","global_margin":"0 0 30px 0","global_padding":"","global_use_animation":"1","global_animation":"fadeIn","global_animationduration":"700","global_animationdelay":"600","hidden_md":"0","hidden_sm":"0","hidden_xs":"0","acl":null,"dropcap":0}}]},{"id":1509999335669,"class_name":"col-md-6","visibility":true,"settings":{"default":{"background_image":"","background_repeat":"no-repeat","background_size":"cover","background_attachment":"scroll","background_position":"0 0","items_align_center":0,"boxshadow":"0 0 0 0 #fff","sm_col":"","xs_col":"","hidden_xs":"","hidden_sm":"","hidden_md":"","animationduration":"300","animationdelay":"0"},"items_align_center":0,"padding":{"md":"0px 200px 0px 0px","sm":"0px 0px 0px 0px","xs":"0px 0px 0px 0px"},"hidden_xs":0,"hidden_sm":0,"hidden_md":0,"sm_col":"col-sm-6"},"addons":[{"id":1509999335670,"name":"text_block","visibility":true,"settings":{"admin_label":"Gong Bao Chicken","title":"Gong Bao Chicken","heading_selector":"h3","title_fontsize":"20","title_lineheight":"","title_fontstyle":["bold"],"title_letterspace":"0","title_fontweight":"","title_text_color":"rgba(38, 37, 38, 1)","title_margin_top":"","title_margin_bottom":"","text":"\t<div style=\"font-size: 16px;\">Lorem Ipsum is simply dummy text <span style=\"color: #cf9d5f; font-size: 24px; font-weight: bold; margin-left: 22px;\">$29</span><br />of the printing and type setting.</div>","alignment":"sppb-text-left","class":"","global_text_color":"","global_link_color":"","global_link_hover_color":"","global_use_background":"0","global_background_color":"","global_background_image":"","global_background_repeat":"no-repeat","global_background_size":"cover","global_background_attachment":"inherit","global_user_border":"0","global_border_width":"","global_border_color":"","global_boder_style":"none","global_border_radius":"","global_margin":"0 0 30px 0","global_padding":"","global_use_animation":"1","global_animation":"fadeIn","global_animationduration":"700","global_animationdelay":"150","hidden_md":"0","hidden_sm":"0","hidden_xs":"0","acl":null}},{"id":1509999335671,"name":"text_block","visibility":true,"settings":{"admin_label":"Wontons","title":"Wontons","heading_selector":"h3","title_fontsize":"20","title_lineheight":"","title_fontstyle":["bold"],"title_letterspace":"0","title_fontweight":"","title_text_color":"rgba(38, 37, 38, 1)","title_margin_top":"","title_margin_bottom":"","text":"\t<div style=\"font-size: 16px;\">Lorem Ipsum is simply dummy text <span style=\"color: #cf9d5f; font-size: 24px; font-weight: bold; margin-left: 22px;\">$39</span><br />of the printing and type setting.</div>","alignment":"sppb-text-left","class":"","global_text_color":"","global_link_color":"","global_link_hover_color":"","global_use_background":"0","global_background_color":"","global_background_image":"","global_background_repeat":"no-repeat","global_background_size":"cover","global_background_attachment":"inherit","global_user_border":"0","global_border_width":"","global_border_color":"","global_boder_style":"none","global_border_radius":"","global_margin":"0 0 30px 0","global_padding":"","global_use_animation":"1","global_animation":"fadeIn","global_animationduration":"700","global_animationdelay":"450","hidden_md":"0","hidden_sm":"0","hidden_xs":"0","acl":null}},{"id":1509999335672,"name":"text_block","visibility":true,"settings":{"admin_label":"Chow Mein","title":"Chow Mein","heading_selector":"h3","title_fontsize":"20","title_lineheight":"","title_fontstyle":["bold"],"title_letterspace":"0","title_fontweight":"","title_text_color":"rgba(38, 37, 38, 1)","title_margin_top":"","title_margin_bottom":"","text":"\t\t\t\t<div style=\"font-size: 16px;\">Lorem Ipsum is simply dummy text <span style=\"color: #cf9d5f; font-size: 24px; font-weight: bold; margin-left: 22px;\">$49</span><br />of the printing and type setting.</div>","alignment":"sppb-text-left","class":"","global_text_color":"","global_link_color":"","global_link_hover_color":"","global_use_background":"0","global_background_color":"","global_background_image":"","global_background_repeat":"no-repeat","global_background_size":"cover","global_background_attachment":"inherit","global_user_border":"0","global_border_width":"","global_border_color":"","global_boder_style":"none","global_border_radius":"","global_margin":"0 0 30px 0","global_padding":"","global_use_animation":"1","global_animation":"fadeIn","global_animationduration":"700","global_animationdelay":"750","hidden_md":"0","hidden_sm":"0","hidden_xs":"0","acl":null}}]}]},{"id":1509999335741,"visibility":true,"collapse":false,"settings":{"admin_label":"","title":"","heading_selector":"h3","title_fontsize":"","title_fontweight":"","title_text_color":"","title_margin_top":"","title_margin_bottom":"","subtitle":"","subtitle_fontsize":"","title_position":"sppb-text-center","columns_equal_height":"0","fullscreen":0,"no_gutter":0,"id":"","class":"","padding":{"md":"100px 0px 20px 0px","sm":"   ","xs":"   "},"margin":{"md":"0px 0px 0px 0px","sm":"   ","xs":"   "},"color":"","background_color":"","background_image":"","overlay":"","background_repeat":"no-repeat","background_size":"cover","background_attachment":"inherit","background_position":"50% 50%","background_video":0,"background_video_mp4":"","background_video_ogv":"","hidden_xs":"","hidden_sm":"","hidden_md":"","animation":"","animationduration":"300","animationdelay":"0","columns_align_center":0,"background_parallax":0,"show_top_shape":0,"show_bottom_shape":0},"layout":"12","columns":[{"id":1509999335742,"class_name":"col-md-12","visibility":true,"settings":{},"addons":[]}]},{"id":1494410073836,"visibility":true,"collapse":false,"settings":{"admin_label":"Call to action","title":"","heading_selector":"h3","title_fontsize":"","title_fontweight":"","title_text_color":"","title_margin_top":"","title_margin_bottom":"","subtitle":"","subtitle_fontsize":"","title_position":"sppb-text-center","columns_equal_height":"0","fullscreen":0,"no_gutter":0,"id":"","class":"","padding":{"md":"120px 0px 120px 0px","sm":"   ","xs":"   "},"margin":{"md":"0px 0px 0px 0px","sm":"   ","xs":"   "},"color":"","background_color":"","background_image":"https://sppagebuilder.com/sample-data/images/2017/05/10/cta-bg2.jpg","overlay":"rgba(0, 0, 0, 0.5)","background_repeat":"no-repeat","background_size":"cover","background_attachment":"inherit","background_position":"50% 50%","background_video":0,"background_video_mp4":"","background_video_ogv":"","hidden_xs":"","hidden_sm":"","hidden_md":"","animation":"","animationduration":"300","animationdelay":"0","columns_align_center":0,"background_parallax":0,"show_top_shape":0,"show_bottom_shape":0},"layout":"12","columns":[{"id":1494410073837,"class_name":"col-md-12","visibility":true,"settings":{"color":"rgba(255, 255, 255, 1)","background":"","background_image":"","overlay":"","background_repeat":"no-repeat","background_size":"cover","background_attachment":"scroll","background_position":"0 0","padding":"","class":"","sm_col":"","xs_col":"","hidden_xs":"","hidden_sm":"","hidden_md":"","animation":"","animationduration":"300","animationdelay":"0"},"addons":[{"id":1509999335743,"name":"heading","visibility":true,"settings":{"admin_label":"","title":"Book a Table","heading_selector":"h3","use_link":0,"title_link":"","link_new_tab":"0","title_fontsize":{"md":"48","sm":"32","xs":"28"},"title_fontstyle":null,"title_fontweight":"","title_lineheight":{"md":"56","sm":"38","xs":"38"},"title_letterspace":"0","title_margin":{"md":"0px 0px 20px 0px","sm":"0px 0px 10px 0px","xs":"20px 0px 20px 0px"},"title_padding":{"md":"0px 0px 0px 0px","sm":"   ","xs":"   "},"alignment":"sppb-text-center","class":"","global_text_color":"","global_link_color":"","global_link_hover_color":"","global_use_background":0,"global_background_color":"","global_background_image":"","global_background_repeat":"no-repeat","global_background_size":"cover","global_background_attachment":"inherit","global_user_border":0,"global_border_width":"","global_border_color":"","global_boder_style":"none","global_border_radius":"","global_margin":{"md":"   ","sm":"   ","xs":"   "},"global_padding":{"md":"   ","sm":"   ","xs":"   "},"global_use_animation":0,"global_animation":"","global_animationduration":"300","global_animationdelay":"0","hidden_md":"0","hidden_sm":"0","hidden_xs":"0","acl":null,"title_font_style":{"weight":700}}},{"id":1509999335744,"name":"heading","visibility":true,"settings":{"admin_label":"","title":"Lorem Ipsum is simply dummy text of the printing and typesetting<br> industry. Lorem Ipsum has been the industry","heading_selector":"h3","use_link":0,"title_link":"","link_new_tab":"","title_fontsize":{"md":"18","sm":"","xs":""},"title_lineheight":{"md":"28","sm":"","xs":""},"title_letterspace":"0","title_margin":{"md":"0px 0px 30px 0px","sm":"   ","xs":"   "},"title_padding":{"md":"0px 0px 0px 0px","sm":"   ","xs":"   "},"title_icon_position":"before","alignment":"sppb-text-center","class":"","title_font_style":{"weight":400}}},{"id":1494410781750,"name":"button","visibility":true,"settings":{"admin_label":"","text":"book now","alignment":"sppb-text-center","fontstyle":["uppercase","normal"],"letterspace":"0","url":"#","target":"","type":"custom","appearance":"","background_color":"rgba(207, 157, 95, 1)","color":"#ffffff","background_color_hover":"rgba(255, 255, 255, 1)","color_hover":"rgba(34, 34, 34, 1)","button_padding":"13px 40px 13px 40px","size":"","shape":"round","block":"","icon":"","icon_position":"left","class":"","global_text_color":"","global_link_color":"","global_link_hover_color":"","global_use_background":"0","global_background_color":"","global_background_image":"","global_background_repeat":"no-repeat","global_background_size":"cover","global_background_attachment":"inherit","global_user_border":"0","global_border_width":"","global_border_color":"","global_boder_style":"none","global_border_radius":"","global_margin":"","global_padding":"","global_use_animation":"0","global_animation":"","global_animationduration":"300","global_animationdelay":"0","hidden_md":"0","hidden_sm":"0","hidden_xs":"0","acl":null}}]}]}]