[{"id":1494834765767,"visibility":true,"collapse":false,"settings":{"admin_label":"Hero Section","title":"","heading_selector":"h3","title_fontsize":"","title_fontweight":"","title_text_color":"","title_margin_top":"","title_margin_bottom":"","subtitle":"","subtitle_fontsize":"","title_position":"sppb-text-center","columns_equal_height":"0","fullscreen":0,"no_gutter":0,"id":"","class":"","padding":{"md":"260px 0px 260px 0px","sm":"   ","xs":"   "},"margin":{"md":"0px 0px 0px 0px","sm":"   ","xs":"   "},"color":"","background_color":"","background_image":"https://sppagebuilder.com/sample-data/images/2017/07/10/saloon-hero.jpg","overlay":"","background_repeat":"no-repeat","background_size":"cover","background_attachment":"inherit","background_position":"50% 50%","background_video":0,"background_video_mp4":"","background_video_ogv":"","hidden_xs":"","hidden_sm":"","hidden_md":"","animation":"","animationduration":"300","animationdelay":"0","columns_align_center":0,"background_parallax":0,"show_top_shape":0,"show_bottom_shape":0},"layout":"12","columns":[{"id":1494834765768,"class_name":"col-md-12","visibility":true,"settings":{},"addons":[{"id":1494846467168,"name":"heading","visibility":true,"settings":{"admin_label":"BEST BARBER SALOON","title":"BEST BARBER SALOON","heading_selector":"h2","use_link":0,"title_link":"","link_new_tab":"0","title_fontsize":"20","title_fontstyle":null,"title_fontweight":"500","title_lineheight":{"md":"28","sm":"","xs":""},"title_letterspace":"10px","title_margin":{"md":"0px 0px 18px 0px","sm":"   ","xs":"   "},"title_padding":{"md":"0px 0px 0px 0px","sm":"   ","xs":"   "},"alignment":"sppb-text-left","class":"","global_text_color":"rgba(207, 157, 95, 1)","global_link_color":"","global_link_hover_color":"","global_use_background":"0","global_background_color":"","global_background_image":"","global_background_repeat":"no-repeat","global_background_size":"cover","global_background_attachment":"inherit","global_user_border":"0","global_border_width":"","global_border_color":"","global_boder_style":"none","global_border_radius":"","global_margin":"","global_padding":"","global_use_animation":"1","global_animation":"fadeInDown","global_animationduration":"700","global_animationdelay":"","hidden_md":"0","hidden_sm":"0","hidden_xs":"0","acl":null}},{"id":1499321738685,"name":"heading","visibility":true,"settings":{"admin_label":"Dealing with Dandruff","title":"Dealing with Dandruff","heading_selector":"h3","use_link":0,"title_link":"","link_new_tab":"0","title_fontsize":"48","title_fontstyle":null,"title_fontweight":"700","title_lineheight":{"md":"56","sm":"","xs":""},"title_letterspace":"0","title_margin":{"md":"0px 0px 30px 0px","sm":"   ","xs":"   "},"title_padding":{"md":"0px 0px 0px 0px","sm":"   ","xs":"   "},"alignment":"sppb-text-left","class":"","global_text_color":"rgba(255, 255, 255, 1)","global_link_color":"","global_link_hover_color":"","global_use_background":"0","global_background_color":"","global_background_image":"","global_background_repeat":"no-repeat","global_background_size":"cover","global_background_attachment":"inherit","global_user_border":"0","global_border_width":"","global_border_color":"","global_boder_style":"none","global_border_radius":"","global_margin":"","global_padding":"","global_use_animation":"1","global_animation":"fadeInDown","global_animationduration":"700","global_animationdelay":"","hidden_md":"0","hidden_sm":"0","hidden_xs":"0","acl":null}},{"id":1494846739215,"name":"button","visibility":true,"settings":{"admin_label":"Book Now","text":"Book Now","alignment":"sppb-text-left","fontstyle":null,"letterspace":"0","url":"#","target":"","type":"custom","appearance":"","background_color":"rgba(207, 157, 95, 1)","color":"#ffffff","background_color_hover":"rgba(186, 140, 71, 1)","color_hover":"#ffffff","button_padding":"12px 45px 12px 45px","size":"","shape":"rounded","block":"","icon":"","icon_position":"left","class":"","global_text_color":"","global_link_color":"","global_link_hover_color":"","global_use_background":"0","global_background_color":"","global_background_image":"","global_background_repeat":"no-repeat","global_background_size":"cover","global_background_attachment":"inherit","global_user_border":"0","global_border_width":"","global_border_color":"","global_boder_style":"none","global_border_radius":"","global_margin":"","global_padding":"","global_use_animation":"1","global_animation":"fadeInUp","global_animationduration":"700","global_animationdelay":"","hidden_md":"0","hidden_sm":"0","hidden_xs":"0","acl":null}}]}]},{"id":1509996251045,"visibility":true,"collapse":false,"settings":{"admin_label":"","title":"","heading_selector":"h3","title_fontsize":"","title_fontweight":"","title_text_color":"","title_margin_top":"","title_margin_bottom":"","subtitle":"","subtitle_fontsize":"","title_position":"sppb-text-center","columns_equal_height":"0","fullscreen":0,"no_gutter":0,"id":"","class":"","padding":{"md":"100px 0px 20px 0px","sm":"   ","xs":"   "},"margin":{"md":"0px 0px 0px 0px","sm":"   ","xs":"   "},"color":"","background_color":"","background_image":"","overlay":"","background_repeat":"no-repeat","background_size":"cover","background_attachment":"inherit","background_position":"50% 50%","background_video":0,"background_video_mp4":"","background_video_ogv":"","hidden_xs":"","hidden_sm":"","hidden_md":"","animation":"","animationduration":"300","animationdelay":"0","columns_align_center":0,"background_parallax":0,"show_top_shape":0,"show_bottom_shape":0},"layout":"12","columns":[{"id":1509996251089,"class_name":"col-md-12","visibility":true,"settings":{},"addons":[{"id":1509996251090,"name":"heading","visibility":true,"settings":{"admin_label":"","title":"Services","heading_selector":"h2","use_link":0,"title_link":"","link_new_tab":"","title_fontsize":{"md":"18","sm":"","xs":""},"title_lineheight":{"md":"26","sm":"","xs":""},"title_letterspace":"6px","title_margin":{"md":"0px 0px 10px 0px","sm":"   ","xs":"   "},"title_padding":{"md":"0px 0px 0px 0px","sm":"   ","xs":"   "},"title_icon_position":"before","alignment":"sppb-text-center","class":"","title_font_style":{"weight":"","uppercase":true},"global_use_background":0,"global_user_border":0,"global_margin":{"md":"   ","sm":"   ","xs":"   "},"global_padding":{"md":"   ","sm":"   ","xs":"   "},"global_use_animation":0,"global_text_color":"#CF9D5F","use_global_width":0,"hidden_md":0,"hidden_sm":0,"hidden_xs":0}},{"id":1509996251091,"name":"heading","visibility":true,"settings":{"admin_label":"","title":"We Provide","heading_selector":"div","use_link":0,"title_link":"","link_new_tab":"","title_fontsize":{"md":"36","sm":"","xs":""},"title_lineheight":{"md":"42","sm":"","xs":""},"title_letterspace":"0","title_margin":{"md":"0px 0px 30px 0px","sm":"   ","xs":"   "},"title_padding":{"md":"0px 0px 0px 0px","sm":"   ","xs":"   "},"title_icon_position":"before","alignment":"sppb-text-center","class":"","title_font_style":{"weight":700}}}]}]},{"id":1509996251138,"visibility":true,"collapse":false,"settings":{"default":{"admin_label":"","title":"","heading_selector":"h3","title_fontsize":"","title_fontweight":"","title_position":"sppb-text-center","columns_align_center":0,"fullscreen":0,"no_gutter":0,"padding":"50px 0px 50px 0px","margin":"0px 0px 0px 0px","background_image":"","background_parallax":"0","background_repeat":"no-repeat","background_size":"cover","background_attachment":"fixed","background_position":"0 0","background_video":"0","external_background_video":"0","show_top_shape":"","shape_name":"clouds-flat","shape_color":"#e5e5e5","shape_width":{"md":100,"sm":100,"xs":100},"shape_height":"","shape_flip":false,"shape_invert":false,"shape_to_front":false,"show_bottom_shape":"","bottom_shape_name":"clouds-opacity","bottom_shape_color":"#e5e5e5","bottom_shape_width":{"md":100,"sm":100,"xs":100},"bottom_shape_height":"","bottom_shape_flip":false,"bottom_shape_invert":false,"bottom_shape_to_front":false,"hidden_xs":"","hidden_sm":"","hidden_md":"","animationduration":"300","animationdelay":"0"},"padding":{"md":"20px 0px 70px 0px","sm":"   ","xs":"   "},"margin":{"md":"   ","sm":"   ","xs":"   "},"background_parallax":0,"background_video":0,"show_top_shape":0,"show_bottom_shape":0},"layout":"4,4,4","columns":[{"id":1509996251135,"class_name":"col-md-4","visibility":true,"settings":{"default":{"background_image":"","background_repeat":"no-repeat","background_size":"cover","background_attachment":"scroll","background_position":"0 0","items_align_center":0,"boxshadow":"0 0 0 0 #fff","sm_col":"","xs_col":"","hidden_xs":"","hidden_sm":"","hidden_md":"","animationduration":"300","animationdelay":"0"}},"addons":[{"id":1494496278621,"name":"feature","visibility":true,"settings":{"admin_label":"Hair Cutting","title":"Hair Cutting","heading_selector":"h3","title_position":"after","title_fontsize":"20","title_lineheight":{"md":"","sm":"","xs":""},"title_fontstyle":null,"title_letterspace":"0","title_fontweight":"700","title_text_color":"rgba(41, 51, 64, 1)","title_margin_top":{"md":"30","sm":"","xs":""},"title_margin_bottom":{"md":"20","sm":"","xs":""},"title_url":"","url_appear":"title","feature_type":"image","feature_image":"https://sppagebuilder.com/sample-data/images/2017/07/06/icon4.png","icon_name":"fa-tachometer","icon_size":"48","icon_color":"rgba(184, 233, 134, 1)","icon_background":"","icon_border_color":"","icon_border_width":"","icon_border_radius":"","icon_margin_top":"","icon_margin_bottom":"","icon_padding":"","text":"Lorem Ipsum has been the<br />industry's standard dummy text<br />ever since the 1500s","alignment":"sppb-text-center","class":"","global_text_color":"#888","global_link_color":"","global_link_hover_color":"","global_use_background":0,"global_background_color":"","global_background_image":"","global_background_repeat":"no-repeat","global_background_size":"cover","global_background_attachment":"inherit","global_user_border":0,"global_border_width":"","global_border_color":"","global_boder_style":"none","global_border_radius":"","global_margin":{"md":"0 0 30px 0","sm":"   ","xs":"   "},"global_padding":{"md":"   ","sm":"   ","xs":"   "},"global_use_animation":1,"global_animation":"fadeInLeft","global_animationduration":"700","global_animationdelay":"","hidden_md":"0","hidden_sm":"0","hidden_xs":"0","acl":null,"text_fontsize":{"md":"16","sm":"","xs":""},"text_lineheight":{"md":"26","sm":"","xs":""}}}]},{"id":1509996251136,"class_name":"col-md-4","visibility":true,"settings":{"default":{"background_image":"","background_repeat":"no-repeat","background_size":"cover","background_attachment":"scroll","background_position":"0 0","items_align_center":0,"boxshadow":"0 0 0 0 #fff","sm_col":"","xs_col":"","hidden_xs":"","hidden_sm":"","hidden_md":"","animationduration":"300","animationdelay":"0"}},"addons":[{"id":1499321738735,"name":"feature","visibility":true,"settings":{"admin_label":"Beard Cutting","title":"Beard Cutting","heading_selector":"h3","title_position":"after","title_fontsize":"20","title_lineheight":"","title_fontstyle":null,"title_letterspace":"0","title_fontweight":"700","title_text_color":"rgba(41, 51, 64, 1)","title_margin_top":{"md":"30","sm":"","xs":""},"title_margin_bottom":{"md":"20","sm":"","xs":""},"title_url":"","url_appear":"title","feature_type":"image","feature_image":"https://sppagebuilder.com/sample-data/images/2017/07/06/icon5.png","icon_name":"fa-tachometer","icon_size":"48","icon_color":"rgba(184, 233, 134, 1)","icon_background":"","icon_border_color":"","icon_border_width":"","icon_border_radius":"","icon_margin_top":"","icon_margin_bottom":"","icon_padding":"","text":"Lorem Ipsum has been the<br />industry's standard dummy text<br />ever since the 1500s","alignment":"sppb-text-center","class":"","global_text_color":"#888","global_link_color":"","global_link_hover_color":"","global_use_background":0,"global_background_color":"","global_background_image":"","global_background_repeat":"no-repeat","global_background_size":"cover","global_background_attachment":"inherit","global_user_border":0,"global_border_width":"","global_border_color":"","global_boder_style":"none","global_border_radius":"","global_margin":{"md":"0 0 30px 0","sm":"   ","xs":"   "},"global_padding":{"md":"   ","sm":"   ","xs":"   "},"global_use_animation":1,"global_animation":"fadeInLeft","global_animationduration":"700","global_animationdelay":"300","hidden_md":"0","hidden_sm":"0","hidden_xs":"0","acl":null,"text_fontsize":{"md":"16","sm":"","xs":""},"text_lineheight":{"md":"26","sm":"","xs":""}}}]},{"id":1509996251137,"class_name":"col-md-4","visibility":true,"settings":{"default":{"background_image":"","background_repeat":"no-repeat","background_size":"cover","background_attachment":"scroll","background_position":"0 0","items_align_center":0,"boxshadow":"0 0 0 0 #fff","sm_col":"","xs_col":"","hidden_xs":"","hidden_sm":"","hidden_md":"","animationduration":"300","animationdelay":"0"}},"addons":[{"id":1499321738730,"name":"feature","visibility":true,"settings":{"admin_label":"Facial Treatment","title":"Facial Treatment","heading_selector":"h3","title_position":"after","title_fontsize":"20","title_lineheight":"","title_fontstyle":null,"title_letterspace":"0","title_fontweight":"700","title_text_color":"rgba(41, 51, 64, 1)","title_margin_top":"30","title_margin_bottom":{"md":"20","sm":"","xs":""},"title_url":"","url_appear":"title","feature_type":"image","feature_image":"https://sppagebuilder.com/sample-data/images/2017/07/06/icon6.png","icon_name":"fa-tachometer","icon_size":"48","icon_color":"rgba(184, 233, 134, 1)","icon_background":"","icon_border_color":"","icon_border_width":"","icon_border_radius":"","icon_margin_top":"","icon_margin_bottom":"","icon_padding":"","text":"Lorem Ipsum has been the<br />industry's standard dummy text<br />ever since the 1500s","alignment":"sppb-text-center","class":"","global_text_color":"#888","global_link_color":"","global_link_hover_color":"","global_use_background":0,"global_background_color":"","global_background_image":"","global_background_repeat":"no-repeat","global_background_size":"cover","global_background_attachment":"inherit","global_user_border":0,"global_border_width":"","global_border_color":"","global_boder_style":"none","global_border_radius":"","global_margin":{"md":"0 0 30px 0","sm":"   ","xs":"   "},"global_padding":{"md":"   ","sm":"   ","xs":"   "},"global_use_animation":1,"global_animation":"fadeInLeft","global_animationduration":"700","global_animationdelay":"600","hidden_md":"0","hidden_sm":"0","hidden_xs":"0","acl":null,"text_fontsize":{"md":"16","sm":"","xs":""},"text_lineheight":{"md":"26","sm":"","xs":""}}}]}]},{"id":1494850001767,"visibility":true,"collapse":false,"settings":{"admin_label":"Play Video","title":"","heading_selector":"h3","title_fontsize":"","title_fontweight":"","title_text_color":"","title_margin_top":"","title_margin_bottom":"","subtitle":"","subtitle_fontsize":"","title_position":"sppb-text-center","columns_equal_height":"1","fullscreen":"0","no_gutter":"1","id":"","class":"","padding":{"md":"0px 0px 0px 0px","sm":"   ","xs":"   "},"margin":{"md":"0px 0px 0px 0px","sm":"   ","xs":"   "},"color":"","background_color":"","background_image":"","overlay":"","background_repeat":"no-repeat","background_size":"cover","background_attachment":"fixed","background_position":"0 0","background_video":0,"background_video_mp4":"","background_video_ogv":"","hidden_xs":"","hidden_sm":"","hidden_md":"","animation":"","animationduration":"300","animationdelay":"0","background_parallax":0,"show_top_shape":0,"show_bottom_shape":0},"layout":"6,6","columns":[{"id":1494397321380,"class_name":"col-md-6","visibility":true,"settings":{"color":"","background":"","background_image":"https://sppagebuilder.com/sample-data/images/2017/07/06/salon-service1.jpg","overlay":"","background_repeat":"no-repeat","background_size":"cover","background_attachment":"inherit","background_position":"50% 50%","padding":{"md":"100px 30px 100px 30px","sm":"   ","xs":"   "},"class":"","sm_col":"","xs_col":"","hidden_xs":0,"hidden_sm":0,"hidden_md":0,"animation":"","animationduration":"300","animationdelay":"0","items_align_center":1},"addons":[{"id":1499323143427,"name":"modal","visibility":true,"settings":{"admin_label":"","modal_selector":"image","button_text":"Button Text","button_type":"default","button_fontstyle":null,"button_letterspace":"0","button_padding":"","button_background_color":"#444444","button_color":"#ffffff","button_background_color_hover":"#222222","button_color_hover":"#ffffff","button_size":"","button_appearance":"","button_shape":"rounded","button_block":"","button_icon":"","button_icon_position":"left","selector_image":"https://sppagebuilder.com/sample-data/images/2017/07/06/play-icon.png","selector_icon_name":"","selector_icon_size":"36","selector_icon_color":"","selector_icon_background":"","selector_icon_border_color":"","selector_icon_border_width":"","selector_icon_border_radius":"","selector_icon_padding":"","modal_content_type":"video","modal_content_text":"\t\t\t\t\t\t\t\t\tKevin chicken fatback sirloin ball tip, flank meatloaf t-bone. Meatloaf shankle swine pancetta biltong capicola ham hock meatball. Shoulder bacon andouille ground round pancetta pastrami. Sirloin beef ribs tenderloin rump corned beef filet mignon capicola kielbasa drumstick chuck turducken beef t-bone ribeye. Pork loin ground round t-bone chuck beef ribs swine pastrami cow. Venison tenderloin drumstick, filet mignon salami jowl sausage shank hamburger meatball ribeye kevin tri-tip. Swine kielbasa tenderloin fatback pork shankle andouille, flank frankfurter jerky chicken tri-tip jowl leberkas.&lt;br&gt;&lt;br&gt;Pancetta chicken pork belly beef cow kielbasa fatback sirloin biltong andouille bacon. Sirloin beef tenderloin porchetta, jerky tri-tip andouille sausage landjaeger shank bresaola short ribs tongue meatloaf fatback. Kielbasa pancetta shoulder tri-tip pastrami filet mignon ham corned beef prosciutto doner beef ribs. Doner sausage ham hock, shoulder sirloin pancetta boudin filet mignon chuck. Meatball ham hock beef, filet mignon tri-tip andouille venison ground round chuck turducken drumstick.","modal_content_image":"","modal_content_video_url":"https://www.youtube.com/watch?v=fDlDl5IEaB8","modal_popup_width":"760","modal_popup_height":"440","alignment":"sppb-text-center","class":"","global_text_color":"","global_link_color":"","global_link_hover_color":"","global_use_background":0,"global_background_color":"","global_background_image":"","global_background_repeat":"no-repeat","global_background_size":"cover","global_background_attachment":"inherit","global_user_border":0,"global_border_width":"","global_border_color":"","global_boder_style":"none","global_border_radius":"","global_margin":{"md":"   ","sm":"   ","xs":"   "},"global_padding":{"md":"   ","sm":"   ","xs":"   "},"global_use_animation":0,"global_animation":"","global_animationduration":"300","global_animationdelay":"0","hidden_md":"0","hidden_sm":"0","hidden_xs":"0","acl":null,"selector_text_margin":"   "}}]},{"id":1494397321381,"class_name":"col-md-6","visibility":true,"settings":{"color":"","background":"rgba(245, 249, 251, 1)","background_image":"","overlay":"","background_repeat":"no-repeat","background_size":"cover","background_attachment":"scroll","background_position":"0 0","padding":{"md":"100px 30px 100px 30px","sm":"   ","xs":"   "},"class":"","sm_col":"","xs_col":"","hidden_xs":"","hidden_sm":"","hidden_md":"","animation":"","animationduration":"300","animationdelay":"0","items_align_center":1},"addons":[{"id":1494397840378,"name":"heading","visibility":true,"settings":{"admin_label":"About Us","title":"About Us","heading_selector":"h3","use_link":"0","title_link":"","link_new_tab":"0","title_fontsize":"36","title_fontstyle":null,"title_fontweight":"700","title_lineheight":"","title_letterspace":"0","title_margin":"0 0px 13px 0px","title_padding":"0px 0px 0px 0px","alignment":"sppb-text-left","class":"","global_text_color":"rgba(41, 51, 64, 1)","global_link_color":"","global_link_hover_color":"","global_use_background":"0","global_background_color":"","global_background_image":"","global_background_repeat":"no-repeat","global_background_size":"cover","global_background_attachment":"inherit","global_user_border":"0","global_border_width":"","global_border_color":"","global_boder_style":"none","global_border_radius":"","global_margin":"","global_padding":"","global_use_animation":"0","global_animation":"","global_animationduration":"300","global_animationdelay":"0","hidden_md":"0","hidden_sm":"0","hidden_xs":"0","acl":null}},{"id":1494850019797,"name":"text_block","visibility":true,"settings":{"admin_label":"It was popularised in the 1960s.....","title":"It has survived not only five centuries, but also the leap into electronic typesetting, remaining essentially unchanged.<br><br>\nContrary to popular belief, Lorem Ipsum is not simply random text. It has roots in a piece of classical Latin literature from 45 BC, making it over 2000 years old.","heading_selector":"h4","title_fontsize":"16","title_lineheight":"25","title_fontstyle":null,"title_letterspace":"0","title_fontweight":"300","title_text_color":"rgba(135, 135, 135, 1)","title_margin_top":"0","title_margin_bottom":"","text":"\t\t\t\t\t\t\t","alignment":"sppb-text-left","class":"","global_text_color":"","global_link_color":"","global_link_hover_color":"","global_use_background":"0","global_background_color":"","global_background_image":"","global_background_repeat":"no-repeat","global_background_size":"cover","global_background_attachment":"inherit","global_user_border":"0","global_border_width":"","global_border_color":"","global_boder_style":"none","global_border_radius":"","global_margin":"0 0 20px 0","global_padding":"","global_use_animation":"0","global_animation":"","global_animationduration":"300","global_animationdelay":"0","hidden_md":"0","hidden_sm":"0","hidden_xs":"0","acl":null}}]}]},{"id":1509996759810,"visibility":true,"collapse":false,"settings":{"admin_label":"","title":"","heading_selector":"h3","title_fontsize":"","title_fontweight":"","title_text_color":"","title_margin_top":"","title_margin_bottom":"","subtitle":"","subtitle_fontsize":"","title_position":"sppb-text-center","columns_equal_height":"0","fullscreen":0,"no_gutter":0,"id":"","class":"","padding":{"md":"100px 0px 20px 0px","sm":"   ","xs":"   "},"margin":{"md":"0px 0px 0px 0px","sm":"   ","xs":"   "},"color":"","background_color":"","background_image":"","overlay":"","background_repeat":"no-repeat","background_size":"cover","background_attachment":"inherit","background_position":"50% 50%","background_video":0,"background_video_mp4":"","background_video_ogv":"","hidden_xs":"","hidden_sm":"","hidden_md":"","animation":"","animationduration":"300","animationdelay":"0","columns_align_center":0,"background_parallax":0,"show_top_shape":0,"show_bottom_shape":0},"layout":"12","columns":[{"id":1509996759867,"class_name":"col-md-12","visibility":true,"settings":{},"addons":[{"id":1509996759868,"name":"heading","visibility":true,"settings":{"admin_label":"","title":"Be Trend","heading_selector":"h2","use_link":0,"title_link":"","link_new_tab":"","title_fontsize":{"md":"18","sm":"","xs":""},"title_lineheight":{"md":"26","sm":"","xs":""},"title_letterspace":"6px","title_margin":{"md":"0px 0px 10px 0px","sm":"   ","xs":"   "},"title_padding":{"md":"0px 0px 0px 0px","sm":"   ","xs":"   "},"title_icon_position":"before","alignment":"sppb-text-center","class":"","title_font_style":{"weight":"","uppercase":true},"global_use_background":0,"global_user_border":0,"global_margin":{"md":"   ","sm":"   ","xs":"   "},"global_padding":{"md":"   ","sm":"   ","xs":"   "},"global_use_animation":0,"global_text_color":"#CF9D5F"}},{"id":1509996759869,"name":"heading","visibility":true,"settings":{"admin_label":"","title":"Popular Style","heading_selector":"div","use_link":0,"title_link":"","link_new_tab":"","title_fontsize":{"md":"36","sm":"","xs":""},"title_lineheight":{"md":"42","sm":"","xs":""},"title_letterspace":"0","title_margin":{"md":"0px 0px 30px 0px","sm":"   ","xs":"   "},"title_padding":{"md":"0px 0px 0px 0px","sm":"   ","xs":"   "},"title_icon_position":"before","alignment":"sppb-text-center","class":"","title_font_style":{"weight":700}}}]}]},{"id":1509996759871,"visibility":true,"collapse":false,"settings":{"default":{"admin_label":"","title":"","heading_selector":"h3","title_fontsize":"","title_fontweight":"","title_position":"sppb-text-center","columns_align_center":0,"fullscreen":0,"no_gutter":0,"padding":"50px 0px 50px 0px","margin":"0px 0px 0px 0px","background_image":"","background_parallax":"0","background_repeat":"no-repeat","background_size":"cover","background_attachment":"fixed","background_position":"0 0","background_video":"0","external_background_video":"0","show_top_shape":"","shape_name":"clouds-flat","shape_color":"#e5e5e5","shape_width":{"md":100,"sm":100,"xs":100},"shape_height":"","shape_flip":false,"shape_invert":false,"shape_to_front":false,"show_bottom_shape":"","bottom_shape_name":"clouds-opacity","bottom_shape_color":"#e5e5e5","bottom_shape_width":{"md":100,"sm":100,"xs":100},"bottom_shape_height":"","bottom_shape_flip":false,"bottom_shape_invert":false,"bottom_shape_to_front":false,"hidden_xs":"","hidden_sm":"","hidden_md":"","animationduration":"300","animationdelay":"0"},"columns_align_center":0,"fullscreen":0,"no_gutter":0,"padding":{"md":"20px 0px 70px 0px","sm":"   ","xs":"   "},"margin":{"md":"   ","sm":"   ","xs":"   "},"background_parallax":0,"background_video":0,"show_top_shape":0,"show_bottom_shape":0},"layout":"3,3,3,3","columns":[{"id":1509996759867,"class_name":"col-md-3","visibility":true,"settings":{"default":{"background_image":"","background_repeat":"no-repeat","background_size":"cover","background_attachment":"scroll","background_position":"0 0","items_align_center":0,"boxshadow":"0 0 0 0 #fff","sm_col":"","xs_col":"","hidden_xs":"","hidden_sm":"","hidden_md":"","animationduration":"300","animationdelay":"0"},"items_align_center":0,"padding":{"md":"   ","sm":"   ","xs":"   "},"hidden_xs":0,"hidden_sm":0,"hidden_md":0,"sm_col":"col-sm-6"},"addons":[{"id":1499325986865,"name":"flip_box","visibility":true,"settings":{"admin_label":"Style 5","flip_bhave":"hover","front_text":"","flip_text":"<h3 style=\"font-size: 14px;font-weight: 400;\">New Trend</h3>\n<h4 style=\"font-size: 20px;font-weight: 500;\">East Zackery</h4><br>\n<a href=\"#\" class=\"btn btn-primary\" style=\"background: #fff;color: #293340;font-size: 14px;border: none; padding: 11px 30px; border-radius: 5px;\">Add To Cart</a>","class":"","flip_style":"threeD_style","rotate":"flip_left","height":"255","text_align":"center","border_styles":null,"border_color":"","front_bgcolor":"","front_bgimg":"https://sppagebuilder.com/sample-data/images/2017/07/06/style05.jpg","front_textcolor":"","back_bgcolor":"rgba(207, 157, 95, 0.9)","back_bgimg":"https://sppagebuilder.com/sample-data/images/2017/07/06/style05.jpg","back_textcolor":"#ffffff","global_text_color":"","global_link_color":"","global_link_hover_color":"","global_use_background":0,"global_background_color":"","global_background_image":"","global_background_repeat":"no-repeat","global_background_size":"cover","global_background_attachment":"inherit","global_user_border":0,"global_border_width":"","global_border_color":"","global_boder_style":"none","global_border_radius":"","global_margin":{"md":"0px 0px 30px 0px","sm":"   ","xs":"   "},"global_padding":{"md":"   ","sm":"   ","xs":"   "},"global_use_animation":0,"global_animation":"","global_animationduration":"300","global_animationdelay":"0","hidden_md":"0","hidden_sm":"0","hidden_xs":"0","acl":null}},{"id":1499252017893,"name":"flip_box","visibility":true,"settings":{"admin_label":"Style 1","flip_bhave":"hover","front_text":"","flip_text":"<h3 style=\"font-size: 14px;font-weight: 400;\">New Trend</h3>\n<h4 style=\"font-size: 20px;font-weight: 500;\">East Zackery</h4><br>\n<a href=\"#\" class=\"btn btn-primary\" style=\"background: #fff;color: #293340;font-size: 14px;border: none; padding: 11px 30px; border-radius: 5px;\">Add To Cart</a>","class":"","flip_style":"threeD_style","rotate":"flip_left","height":"255","text_align":"center","border_styles":null,"border_color":"","front_bgcolor":"","front_bgimg":"https://sppagebuilder.com/sample-data/images/2017/07/06/style01.jpg","front_textcolor":"","back_bgcolor":"rgba(207, 157, 95, 0.9)","back_bgimg":"https://sppagebuilder.com/sample-data/images/2017/07/06/style01.jpg","back_textcolor":"#ffffff","global_text_color":"","global_link_color":"","global_link_hover_color":"","global_use_background":0,"global_background_color":"","global_background_image":"","global_background_repeat":"no-repeat","global_background_size":"cover","global_background_attachment":"inherit","global_user_border":0,"global_border_width":"","global_border_color":"","global_boder_style":"none","global_border_radius":"","global_margin":{"md":"0px 0px 30px 0px","sm":"   ","xs":"   "},"global_padding":{"md":"   ","sm":"   ","xs":"   "},"global_use_animation":0,"global_animation":"","global_animationduration":"300","global_animationdelay":"0","hidden_md":"0","hidden_sm":"0","hidden_xs":"0","acl":null}}]},{"id":1509996759868,"class_name":"col-md-3","visibility":true,"settings":{"default":{"background_image":"","background_repeat":"no-repeat","background_size":"cover","background_attachment":"scroll","background_position":"0 0","items_align_center":0,"boxshadow":"0 0 0 0 #fff","sm_col":"","xs_col":"","hidden_xs":"","hidden_sm":"","hidden_md":"","animationduration":"300","animationdelay":"0"},"items_align_center":0,"padding":{"md":"   ","sm":"   ","xs":"   "},"hidden_xs":0,"hidden_sm":0,"hidden_md":0,"sm_col":"col-sm-6"},"addons":[{"id":1499325986880,"name":"flip_box","visibility":true,"settings":{"admin_label":"Style 6","flip_bhave":"hover","front_text":"","flip_text":"<h3 style=\"font-size: 14px;font-weight: 400;\">New Trend</h3>\n<h4 style=\"font-size: 20px;font-weight: 500;\">East Zackery</h4><br>\n<a href=\"#\" class=\"btn btn-primary\" style=\"background: #fff;color: #293340;font-size: 14px;border: none; padding: 11px 30px; border-radius: 5px;\">Add To Cart</a>","class":"","flip_style":"threeD_style","rotate":"flip_left","height":"255","text_align":"center","border_styles":null,"border_color":"","front_bgcolor":"","front_bgimg":"https://sppagebuilder.com/sample-data/images/2017/07/06/style06.jpg","front_textcolor":"","back_bgcolor":"rgba(207, 157, 95, 0.9)","back_bgimg":"https://sppagebuilder.com/sample-data/images/2017/07/06/style06.jpg","back_textcolor":"#ffffff","global_text_color":"","global_link_color":"","global_link_hover_color":"","global_use_background":0,"global_background_color":"","global_background_image":"","global_background_repeat":"no-repeat","global_background_size":"cover","global_background_attachment":"inherit","global_user_border":0,"global_border_width":"","global_border_color":"","global_boder_style":"none","global_border_radius":"","global_margin":{"md":"0px 0px 30px 0px","sm":"   ","xs":"   "},"global_padding":{"md":"   ","sm":"   ","xs":"   "},"global_use_animation":0,"global_animation":"","global_animationduration":"300","global_animationdelay":"0","hidden_md":"0","hidden_sm":"0","hidden_xs":"0","acl":null}},{"id":1499325986870,"name":"flip_box","visibility":true,"settings":{"admin_label":"Style 2","flip_bhave":"hover","front_text":"","flip_text":"<h3 style=\"font-size: 14px;font-weight: 400;\">New Trend</h3>\n<h4 style=\"font-size: 20px;font-weight: 500;\">East Zackery</h4><br>\n<a href=\"#\" class=\"btn btn-primary\" style=\"background: #fff;color: #293340;font-size: 14px;border: none; padding: 11px 30px; border-radius: 5px;\">Add To Cart</a>","class":"","flip_style":"threeD_style","rotate":"flip_left","height":"255","text_align":"center","border_styles":null,"border_color":"","front_bgcolor":"","front_bgimg":"https://sppagebuilder.com/sample-data/images/2017/07/06/style02.jpg","front_textcolor":"","back_bgcolor":"rgba(207, 157, 95, 0.9)","back_bgimg":"https://sppagebuilder.com/sample-data/images/2017/07/06/style02.jpg","back_textcolor":"#ffffff","global_text_color":"","global_link_color":"","global_link_hover_color":"","global_use_background":0,"global_background_color":"","global_background_image":"","global_background_repeat":"no-repeat","global_background_size":"cover","global_background_attachment":"inherit","global_user_border":0,"global_border_width":"","global_border_color":"","global_boder_style":"none","global_border_radius":"","global_margin":{"md":"0px 0px 30px 0px","sm":"   ","xs":"   "},"global_padding":{"md":"   ","sm":"   ","xs":"   "},"global_use_animation":0,"global_animation":"","global_animationduration":"300","global_animationdelay":"0","hidden_md":"0","hidden_sm":"0","hidden_xs":"0","acl":null}}]},{"id":1509996759869,"class_name":"col-md-3","visibility":true,"settings":{"default":{"background_image":"","background_repeat":"no-repeat","background_size":"cover","background_attachment":"scroll","background_position":"0 0","items_align_center":0,"boxshadow":"0 0 0 0 #fff","sm_col":"","xs_col":"","hidden_xs":"","hidden_sm":"","hidden_md":"","animationduration":"300","animationdelay":"0"},"items_align_center":0,"padding":{"md":"   ","sm":"   ","xs":"   "},"hidden_xs":0,"hidden_sm":0,"hidden_md":0,"sm_col":"col-sm-6"},"addons":[{"id":1499325986890,"name":"flip_box","visibility":true,"settings":{"admin_label":"Style 7","flip_bhave":"hover","front_text":"","flip_text":"<h3 style=\"font-size: 14px;font-weight: 400;\">New Trend</h3>\n<h4 style=\"font-size: 20px;font-weight: 500;\">East Zackery</h4><br>\n<a href=\"#\" class=\"btn btn-primary\" style=\"background: #fff;color: #293340;font-size: 14px;border: none; padding: 11px 30px; border-radius: 5px;\">Add To Cart</a>","class":"","flip_style":"threeD_style","rotate":"flip_left","height":"255","text_align":"center","border_styles":null,"border_color":"","front_bgcolor":"","front_bgimg":"https://sppagebuilder.com/sample-data/images/2017/07/06/style07.jpg","front_textcolor":"","back_bgcolor":"rgba(207, 157, 95, 0.9)","back_bgimg":"https://sppagebuilder.com/sample-data/images/2017/07/06/style07.jpg","back_textcolor":"#ffffff","global_text_color":"","global_link_color":"","global_link_hover_color":"","global_use_background":0,"global_background_color":"","global_background_image":"","global_background_repeat":"no-repeat","global_background_size":"cover","global_background_attachment":"inherit","global_user_border":0,"global_border_width":"","global_border_color":"","global_boder_style":"none","global_border_radius":"","global_margin":{"md":"0px 0px 30px 0px","sm":"   ","xs":"   "},"global_padding":{"md":"   ","sm":"   ","xs":"   "},"global_use_animation":0,"global_animation":"","global_animationduration":"300","global_animationdelay":"0","hidden_md":"0","hidden_sm":"0","hidden_xs":"0","acl":null}},{"id":1499325986875,"name":"flip_box","visibility":true,"settings":{"admin_label":"Style 3","flip_bhave":"hover","front_text":"","flip_text":"<h3 style=\"font-size: 14px;font-weight: 400;\">New Trend</h3>\n<h4 style=\"font-size: 20px;font-weight: 500;\">East Zackery</h4><br>\n<a href=\"#\" class=\"btn btn-primary\" style=\"background: #fff;color: #293340;font-size: 14px;border: none; padding: 11px 30px; border-radius: 5px;\">Add To Cart</a>","class":"","flip_style":"threeD_style","rotate":"flip_left","height":"255","text_align":"center","border_styles":null,"border_color":"","front_bgcolor":"","front_bgimg":"https://sppagebuilder.com/sample-data/images/2017/07/06/style03.jpg","front_textcolor":"","back_bgcolor":"rgba(207, 157, 95, 0.9)","back_bgimg":"https://sppagebuilder.com/sample-data/images/2017/07/06/style03.jpg","back_textcolor":"#ffffff","global_text_color":"","global_link_color":"","global_link_hover_color":"","global_use_background":0,"global_background_color":"","global_background_image":"","global_background_repeat":"no-repeat","global_background_size":"cover","global_background_attachment":"inherit","global_user_border":0,"global_border_width":"","global_border_color":"","global_boder_style":"none","global_border_radius":"","global_margin":{"md":"0px 0px 30px 0px","sm":"   ","xs":"   "},"global_padding":{"md":"   ","sm":"   ","xs":"   "},"global_use_animation":0,"global_animation":"","global_animationduration":"300","global_animationdelay":"0","hidden_md":"0","hidden_sm":"0","hidden_xs":"0","acl":null}}]},{"id":1509996759870,"class_name":"col-md-3","visibility":true,"settings":{"default":{"background_image":"","background_repeat":"no-repeat","background_size":"cover","background_attachment":"scroll","background_position":"0 0","items_align_center":0,"boxshadow":"0 0 0 0 #fff","sm_col":"","xs_col":"","hidden_xs":"","hidden_sm":"","hidden_md":"","animationduration":"300","animationdelay":"0"},"items_align_center":0,"padding":{"md":"   ","sm":"   ","xs":"   "},"hidden_xs":0,"hidden_sm":0,"hidden_md":0,"sm_col":"col-sm-6"},"addons":[{"id":1499325986895,"name":"flip_box","visibility":true,"settings":{"admin_label":"Style 8","flip_bhave":"hover","front_text":"","flip_text":"<h3 style=\"font-size: 14px;font-weight: 400;\">New Trend</h3>\n<h4 style=\"font-size: 20px;font-weight: 500;\">East Zackery</h4><br>\n<a href=\"#\" class=\"btn btn-primary\" style=\"background: #fff;color: #293340;font-size: 14px;border: none; padding: 11px 30px; border-radius: 5px;\">Add To Cart</a>","class":"","flip_style":"threeD_style","rotate":"flip_left","height":"255","text_align":"center","border_styles":null,"border_color":"","front_bgcolor":"","front_bgimg":"https://sppagebuilder.com/sample-data/images/2017/07/06/style08.jpg","front_textcolor":"","back_bgcolor":"rgba(207, 157, 95, 0.9)","back_bgimg":"https://sppagebuilder.com/sample-data/images/2017/07/06/style08.jpg","back_textcolor":"#ffffff","global_text_color":"","global_link_color":"","global_link_hover_color":"","global_use_background":0,"global_background_color":"","global_background_image":"","global_background_repeat":"no-repeat","global_background_size":"cover","global_background_attachment":"inherit","global_user_border":0,"global_border_width":"","global_border_color":"","global_boder_style":"none","global_border_radius":"","global_margin":{"md":"0px 0px 30px 0px","sm":"   ","xs":"   "},"global_padding":{"md":"   ","sm":"   ","xs":"   "},"global_use_animation":0,"global_animation":"","global_animationduration":"300","global_animationdelay":"0","hidden_md":"0","hidden_sm":"0","hidden_xs":"0","acl":null}},{"id":1499325986885,"name":"flip_box","visibility":true,"settings":{"admin_label":"Style 4","flip_bhave":"hover","front_text":"","flip_text":"<h3 style=\"font-size: 14px;font-weight: 400;\">New Trend</h3>\n<h4 style=\"font-size: 20px;font-weight: 500;\">East Zackery</h4><br>\n<a href=\"#\" class=\"btn btn-primary\" style=\"background: #fff;color: #293340;font-size: 14px;border: none; padding: 11px 30px; border-radius: 5px;\">Add To Cart</a>","class":"","flip_style":"threeD_style","rotate":"flip_left","height":"255","text_align":"center","border_styles":null,"border_color":"","front_bgcolor":"","front_bgimg":"https://sppagebuilder.com/sample-data/images/2017/07/06/style04.jpg","front_textcolor":"","back_bgcolor":"rgba(207, 157, 95, 0.9)","back_bgimg":"https://sppagebuilder.com/sample-data/images/2017/07/06/style04.jpg","back_textcolor":"#ffffff","global_text_color":"","global_link_color":"","global_link_hover_color":"","global_use_background":0,"global_background_color":"","global_background_image":"","global_background_repeat":"no-repeat","global_background_size":"cover","global_background_attachment":"inherit","global_user_border":0,"global_border_width":"","global_border_color":"","global_boder_style":"none","global_border_radius":"","global_margin":{"md":"0px 0px 30px 0px","sm":"   ","xs":"   "},"global_padding":{"md":"   ","sm":"   ","xs":"   "},"global_use_animation":0,"global_animation":"","global_animationduration":"300","global_animationdelay":"0","hidden_md":"0","hidden_sm":"0","hidden_xs":"0","acl":null}}]}]},{"id":1509997105599,"visibility":true,"collapse":false,"settings":{"admin_label":"","title":"","heading_selector":"h3","title_fontsize":"","title_fontweight":"","title_text_color":"","title_margin_top":"","title_margin_bottom":"","subtitle":"","subtitle_fontsize":"","title_position":"sppb-text-center","columns_equal_height":"0","fullscreen":0,"no_gutter":0,"id":"","class":"","padding":{"md":"100px 0px 20px 0px","sm":"   ","xs":"   "},"margin":{"md":"0px 0px 0px 0px","sm":"   ","xs":"   "},"color":"","background_color":"#F5F9FB","background_image":"","overlay":"","background_repeat":"no-repeat","background_size":"cover","background_attachment":"inherit","background_position":"50% 50%","background_video":0,"background_video_mp4":"","background_video_ogv":"","hidden_xs":"","hidden_sm":"","hidden_md":"","animation":"","animationduration":"300","animationdelay":"0","columns_align_center":0,"background_parallax":0,"show_top_shape":0,"show_bottom_shape":0},"layout":"12","columns":[{"id":1509997104880,"class_name":"col-md-12","visibility":true,"settings":{},"addons":[{"id":1509997104881,"name":"heading","visibility":true,"settings":{"admin_label":"","title":"Our","heading_selector":"h2","use_link":0,"title_link":"","link_new_tab":"","title_fontsize":{"md":"18","sm":"","xs":""},"title_lineheight":{"md":"26","sm":"","xs":""},"title_letterspace":"6px","title_margin":{"md":"0px 0px 10px 0px","sm":"   ","xs":"   "},"title_padding":{"md":"0px 0px 0px 0px","sm":"   ","xs":"   "},"title_icon_position":"before","alignment":"sppb-text-center","class":"","title_font_style":{"weight":"","uppercase":true},"global_use_background":0,"global_user_border":0,"global_margin":{"md":"   ","sm":"   ","xs":"   "},"global_padding":{"md":"   ","sm":"   ","xs":"   "},"global_use_animation":0,"global_text_color":"#CF9D5F"}},{"id":1509997104882,"name":"heading","visibility":true,"settings":{"admin_label":"","title":"Pricing","heading_selector":"div","use_link":0,"title_link":"","link_new_tab":"","title_fontsize":{"md":"36","sm":"","xs":""},"title_lineheight":{"md":"42","sm":"","xs":""},"title_letterspace":"0","title_margin":{"md":"0px 0px 30px 0px","sm":"   ","xs":"   "},"title_padding":{"md":"0px 0px 0px 0px","sm":"   ","xs":"   "},"title_icon_position":"before","alignment":"sppb-text-center","class":"","title_font_style":{"weight":700}}}]}]},{"id":1509997105607,"visibility":true,"collapse":false,"settings":{"default":{"admin_label":"","title":"","heading_selector":"h3","title_fontsize":"","title_fontweight":"","title_position":"sppb-text-center","columns_align_center":0,"fullscreen":0,"no_gutter":0,"padding":"50px 0px 50px 0px","margin":"0px 0px 0px 0px","background_image":"","background_parallax":"0","background_repeat":"no-repeat","background_size":"cover","background_attachment":"fixed","background_position":"0 0","background_video":"0","external_background_video":"0","show_top_shape":"","shape_name":"clouds-flat","shape_color":"#e5e5e5","shape_width":{"md":100,"sm":100,"xs":100},"shape_height":"","shape_flip":false,"shape_invert":false,"shape_to_front":false,"show_bottom_shape":"","bottom_shape_name":"clouds-opacity","bottom_shape_color":"#e5e5e5","bottom_shape_width":{"md":100,"sm":100,"xs":100},"bottom_shape_height":"","bottom_shape_flip":false,"bottom_shape_invert":false,"bottom_shape_to_front":false,"hidden_xs":"","hidden_sm":"","hidden_md":"","animationduration":"300","animationdelay":"0"},"padding":{"md":"20px 0px 70px 0px","sm":"   ","xs":"   "},"margin":{"md":"   ","sm":"   ","xs":"   "},"background_parallax":0,"background_video":0,"show_top_shape":0,"show_bottom_shape":0,"background_color":"#F5F9FB"},"layout":"4,4,4","columns":[{"id":1509997105604,"class_name":"col-md-4","visibility":true,"settings":{"default":{"background_image":"","background_repeat":"no-repeat","background_size":"cover","background_attachment":"scroll","background_position":"0 0","items_align_center":0,"boxshadow":"0 0 0 0 #fff","sm_col":"","xs_col":"","hidden_xs":"","hidden_sm":"","hidden_md":"","animationduration":"300","animationdelay":"0"}},"addons":[{"id":1494495472964,"name":"pricing","visibility":true,"settings":{"admin_label":"HAIR","title":"HAIR","price":"$6.99","duration":"","pricing_content":"• Fresh look\n• With trimmer\n• Limited statistic","background":"","color":"","button_text":"buy now","button_fontstyle":["uppercase"],"button_letterspace":"0","button_url":"#","button_target":"","button_type":"custom","button_appearance":"","button_background_color":"rgba(207, 157, 95, 1)","button_color":"#ffffff","button_background_color_hover":"rgba(166, 127, 68, 1)","button_color_hover":"rgba(255, 255, 255, 1)","button_size":"","button_shape":"rounded","button_block":"","button_icon":"","button_icon_position":"left","featured":"","alignment":"sppb-text-center","class":"","global_text_color":"","global_link_color":"","global_link_hover_color":"","global_use_background":1,"global_background_color":"#ffffff","global_background_image":"","global_background_repeat":"no-repeat","global_background_size":"cover","global_background_attachment":"inherit","global_user_border":0,"global_border_width":"","global_border_color":"","global_boder_style":"none","global_border_radius":"","global_margin":{"md":"0px 0px 30px 0px","sm":"   ","xs":"   "},"global_padding":{"md":"60px 30px 60px 30px","sm":"   ","xs":"   "},"global_use_animation":0,"global_animation":"","global_animationduration":"300","global_animationdelay":"0","hidden_md":"0","hidden_sm":"0","hidden_xs":"0","acl":null,"button_padding":{"md":"   ","sm":"   ","xs":"   "},"global_use_overlay":0,"title_font_style":{"weight":700},"title_margin_top":{"md":"0","sm":"","xs":""},"title_margin_bottom":{"md":"20","sm":"","xs":""},"price_font_size":{"md":"24","sm":"","xs":""},"price_position":"after","price_margin_bottom":{"md":"20","sm":"","xs":""},"pricing_content_font_size":{"md":"16","sm":"","xs":""},"pricing_content_gap":{"md":"16","sm":"","xs":""},"pricing_content_margin_bottom":{"md":"30","sm":"","xs":""}}}]},{"id":1509997105605,"class_name":"col-md-4","visibility":true,"settings":{"default":{"background_image":"","background_repeat":"no-repeat","background_size":"cover","background_attachment":"scroll","background_position":"0 0","items_align_center":0,"boxshadow":"0 0 0 0 #fff","sm_col":"","xs_col":"","hidden_xs":"","hidden_sm":"","hidden_md":"","animationduration":"300","animationdelay":"0"}},"addons":[{"id":1509997105382,"name":"pricing","visibility":true,"settings":{"admin_label":"","title":"BEARD","price":"$8.99","duration":"","pricing_content":"• Fresh look\n• With trimmer\n• Limited statistic","background":"","color":"","button_text":"buy now","button_fontstyle":["uppercase"],"button_letterspace":"0","button_url":"#","button_target":"","button_type":"custom","button_appearance":"","button_background_color":"#ffffff","button_color":"#CF9D5F","button_background_color_hover":"#444444","button_color_hover":"#ffffff","button_size":"","button_shape":"rounded","button_block":"","button_icon":"","button_icon_position":"left","featured":"","alignment":"sppb-text-center","class":"","global_text_color":"#ffffff","global_link_color":"","global_link_hover_color":"","global_use_background":1,"global_background_color":"#CF9D5F","global_background_image":"","global_background_repeat":"no-repeat","global_background_size":"cover","global_background_attachment":"inherit","global_user_border":0,"global_border_width":"","global_border_color":"","global_boder_style":"none","global_border_radius":"","global_margin":{"md":"0px 0px 30px 0px","sm":"   ","xs":"   "},"global_padding":{"md":"60px 30px 60px 30px","sm":"   ","xs":"   "},"global_use_animation":0,"global_animation":"","global_animationduration":"300","global_animationdelay":"0","hidden_md":0,"hidden_sm":0,"hidden_xs":0,"acl":null,"button_padding":{"md":"   ","sm":"   ","xs":"   "},"global_use_overlay":0,"title_font_style":{"weight":700},"title_margin_top":{"md":"0","sm":"","xs":""},"title_margin_bottom":{"md":"20","sm":"","xs":""},"price_font_size":{"md":"24","sm":"","xs":""},"price_position":"after","price_margin_bottom":{"md":"20","sm":"","xs":""},"pricing_content_font_size":{"md":"16","sm":"","xs":""},"pricing_content_gap":{"md":"16","sm":"","xs":""},"pricing_content_margin_bottom":{"md":"30","sm":"","xs":""},"use_global_width":0}}]},{"id":1509997105606,"class_name":"col-md-4","visibility":true,"settings":{"default":{"background_image":"","background_repeat":"no-repeat","background_size":"cover","background_attachment":"scroll","background_position":"0 0","items_align_center":0,"boxshadow":"0 0 0 0 #fff","sm_col":"","xs_col":"","hidden_xs":"","hidden_sm":"","hidden_md":"","animationduration":"300","animationdelay":"0"}},"addons":[{"id":1509997105273,"name":"pricing","visibility":true,"settings":{"admin_label":"","title":"FACIAL","price":"$9.99","duration":"","pricing_content":"• Fresh look\n• With trimmer\n• Limited statistic","background":"","color":"","button_text":"buy now","button_fontstyle":["uppercase"],"button_letterspace":"0","button_url":"#","button_target":"","button_type":"custom","button_appearance":"","button_background_color":"rgba(207, 157, 95, 1)","button_color":"#ffffff","button_background_color_hover":"rgba(166, 127, 68, 1)","button_color_hover":"rgba(255, 255, 255, 1)","button_size":"","button_shape":"rounded","button_block":"","button_icon":"","button_icon_position":"left","featured":"","alignment":"sppb-text-center","class":"","global_text_color":"","global_link_color":"","global_link_hover_color":"","global_use_background":1,"global_background_color":"#ffffff","global_background_image":"","global_background_repeat":"no-repeat","global_background_size":"cover","global_background_attachment":"inherit","global_user_border":0,"global_border_width":"","global_border_color":"","global_boder_style":"none","global_border_radius":"","global_margin":{"md":"0px 0px 30px 0px","sm":"   ","xs":"   "},"global_padding":{"md":"60px 30px 60px 30px","sm":"   ","xs":"   "},"global_use_animation":0,"global_animation":"","global_animationduration":"300","global_animationdelay":"0","hidden_md":"0","hidden_sm":"0","hidden_xs":"0","acl":null,"button_padding":{"md":"   ","sm":"   ","xs":"   "},"global_use_overlay":0,"title_font_style":{"weight":700},"title_margin_top":{"md":"0","sm":"","xs":""},"title_margin_bottom":{"md":"20","sm":"","xs":""},"price_font_size":{"md":"24","sm":"","xs":""},"price_position":"after","price_margin_bottom":{"md":"20","sm":"","xs":""},"pricing_content_font_size":{"md":"16","sm":"","xs":""},"pricing_content_gap":{"md":"16","sm":"","xs":""},"pricing_content_margin_bottom":{"md":"30","sm":"","xs":""}}}]}]},{"id":1509997105636,"visibility":true,"collapse":false,"settings":{"admin_label":"","title":"","heading_selector":"h3","title_fontsize":"","title_fontweight":"","title_text_color":"","title_margin_top":"","title_margin_bottom":"","subtitle":"","subtitle_fontsize":"","title_position":"sppb-text-center","columns_equal_height":"0","fullscreen":0,"no_gutter":0,"id":"","class":"","padding":{"md":"100px 0px 100px 0px","sm":"   ","xs":"   "},"margin":{"md":"0px 0px 0px 0px","sm":"   ","xs":"   "},"color":"","background_color":"","background_image":"","overlay":"","background_repeat":"no-repeat","background_size":"cover","background_attachment":"inherit","background_position":"50% 50%","background_video":0,"background_video_mp4":"","background_video_ogv":"","hidden_xs":"","hidden_sm":"","hidden_md":"","animation":"","animationduration":"300","animationdelay":"0","columns_align_center":0,"background_parallax":0,"show_top_shape":0,"show_bottom_shape":0},"layout":"12","columns":[{"id":1509997104884,"class_name":"col-md-12","visibility":true,"settings":{},"addons":[{"id":1509997104885,"name":"heading","visibility":true,"settings":{"admin_label":"","title":"Reviews","heading_selector":"h2","use_link":0,"title_link":"","link_new_tab":"","title_fontsize":{"md":"18","sm":"","xs":""},"title_lineheight":{"md":"26","sm":"","xs":""},"title_letterspace":"6px","title_margin":{"md":"0px 0px 10px 0px","sm":"   ","xs":"   "},"title_padding":{"md":"0px 0px 0px 0px","sm":"   ","xs":"   "},"title_icon_position":"before","alignment":"sppb-text-center","class":"","title_font_style":{"weight":"","uppercase":true},"global_use_background":0,"global_user_border":0,"global_margin":{"md":"   ","sm":"   ","xs":"   "},"global_padding":{"md":"   ","sm":"   ","xs":"   "},"global_use_animation":0,"global_text_color":"#CF9D5F"}},{"id":1509997104886,"name":"heading","visibility":true,"settings":{"admin_label":"","title":"Happy Customers","heading_selector":"div","use_link":0,"title_link":"","link_new_tab":"","title_fontsize":{"md":"36","sm":"","xs":""},"title_lineheight":{"md":"42","sm":"","xs":""},"title_letterspace":"0","title_margin":{"md":"0px 0px 70px 0px","sm":"   ","xs":"   "},"title_padding":{"md":"0px 0px 0px 0px","sm":"   ","xs":"   "},"title_icon_position":"before","alignment":"sppb-text-center","class":"","title_font_style":{"weight":700},"global_use_background":0,"global_user_border":0,"global_margin":{"md":"   ","sm":"   ","xs":"   "},"global_padding":{"md":"   ","sm":"   ","xs":"   "},"global_use_animation":0}},{"id":1499317725401,"name":"testimonialpro","visibility":true,"settings":{"autoplay":1,"arrows":"1","class":"","sp_testimonialpro_item":[{"title":"Jon Don","avatar":"https://sppagebuilder.com/sample-data/images/2017/07/06/client1.png","avatar_style":"sppb-img-circle","message":"\tIt is a long established fact that a reader will be distracted by the readable content of a page when looking at its layout. The point of using Lorem Ipsum is that it has a more-or-less normal distribution of letters, as opposed to using 'Content here, content here', making it look like readable English.","url":""},{"title":"Selena Gomez","avatar":"https://sppagebuilder.com/sample-data/images/2017/07/06/client2.png","avatar_style":"sppb-img-circle","message":"\tIt is a long established fact that a reader will be distracted by the readable content of a page when looking at its layout. The point of using Lorem Ipsum is that it has a more-or-less normal distribution of letters, as opposed to using 'Content here, content here', making it look like readable English.","url":""}],"global_text_color":"","global_link_color":"","global_link_hover_color":"","global_use_background":0,"global_background_color":"","global_background_image":"","global_background_repeat":"no-repeat","global_background_size":"cover","global_background_attachment":"inherit","global_user_border":0,"global_border_width":"","global_border_color":"","global_boder_style":"none","global_border_radius":"","global_margin":{"md":"   ","sm":"   ","xs":"   "},"global_padding":{"md":"   ","sm":"   ","xs":"   "},"global_use_animation":0,"global_animation":"","global_animationduration":"300","global_animationdelay":"0","hidden_md":"0","hidden_sm":"0","hidden_xs":"0","acl":null,"dynamicId":1499317725401,"controls":0}}]}]}]