[{"id":1494412911357,"visibility":true,"collapse":false,"settings":{"admin_label":"","title":"","heading_selector":"h3","title_fontsize":"","title_fontweight":"","title_text_color":"","title_margin_top":"","title_margin_bottom":"","subtitle":"","subtitle_fontsize":"","title_position":"sppb-text-center","columns_equal_height":"0","fullscreen":0,"no_gutter":0,"id":"","class":"","padding":{"md":"300px 0px 300px 0px","sm":"150px 0px 150px 0px","xs":"100px 0px 100px 0px"},"margin":{"md":"   ","sm":"   ","xs":"   "},"color":"rgba(255, 255, 255, 1)","background_color":"","background_image":"https://sppagebuilder.com/sample-data/images/2017/05/10/hero-img2.jpg","overlay":"rgba(0, 0, 0, 0.3)","background_repeat":"no-repeat","background_size":"cover","background_attachment":"inherit","background_position":"50% 50%","background_video":0,"background_video_mp4":"","background_video_ogv":"","hidden_xs":0,"hidden_sm":0,"hidden_md":0,"animation":"","animationduration":"300","animationdelay":"0","columns_align_center":0,"background_parallax":0,"show_top_shape":0,"show_bottom_shape":0},"layout":"12","columns":[{"id":1494412911358,"class_name":"col-md-12","visibility":true,"settings":{},"addons":[{"id":1494413170915,"name":"heading","visibility":true,"settings":{"admin_label":"It’s time to fly","title":"It’s time to fly","heading_selector":"h2","use_link":0,"title_link":"","link_new_tab":"0","title_fontsize":{"md":"72","sm":"65","xs":"45"},"title_fontstyle":["uppercase"],"title_fontweight":"700","title_lineheight":{"md":"84","sm":"","xs":""},"title_letterspace":"0","title_margin":{"md":"0px 0px 30px 0px","sm":"   ","xs":"   "},"title_padding":{"md":"0px 0px 0px 0px","sm":"   ","xs":"   "},"alignment":"sppb-text-center","class":"","global_text_color":"","global_link_color":"","global_link_hover_color":"","global_use_background":0,"global_background_color":"","global_background_image":"","global_background_repeat":"no-repeat","global_background_size":"cover","global_background_attachment":"inherit","global_user_border":0,"global_border_width":"","global_border_color":"","global_boder_style":"none","global_border_radius":"","global_margin":{"md":"   ","sm":"   ","xs":"   "},"global_padding":{"md":"   ","sm":"   ","xs":"   "},"global_use_animation":1,"global_animation":"flipInX","global_animationduration":"700","global_animationdelay":"","hidden_md":"0","hidden_sm":"0","hidden_xs":"0","acl":null}},{"id":1494413245786,"name":"button","visibility":true,"settings":{"admin_label":"find your place","text":"find your place","alignment":"sppb-text-center","fontstyle":["uppercase","bold"],"letterspace":"0","url":"#","target":"","type":"custom","appearance":"","background_color":"rgba(255, 255, 255, 1)","color":"rgba(28, 28, 28, 1)","background_color_hover":"rgba(34, 34, 34, 1)","color_hover":"#ffffff","button_padding":{"md":"25px 60px 25px 60px","sm":"20px 20px 20px 20px","xs":"10px 20px 10px 20px"},"size":"","shape":"rounded","block":"","icon":"","icon_position":"left","class":"","global_text_color":"","global_link_color":"","global_link_hover_color":"","global_use_background":0,"global_background_color":"","global_background_image":"","global_background_repeat":"no-repeat","global_background_size":"cover","global_background_attachment":"inherit","global_user_border":0,"global_border_width":"","global_border_color":"","global_boder_style":"none","global_border_radius":"","global_margin":{"md":"   ","sm":"   ","xs":"   "},"global_padding":{"md":"   ","sm":"   ","xs":"   "},"global_use_animation":1,"global_animation":"zoomIn","global_animationduration":"700","global_animationdelay":"","hidden_md":"0","hidden_sm":"0","hidden_xs":"0","acl":null}}]}]},{"id":1494413422761,"visibility":true,"collapse":false,"settings":{"admin_label":"About Us Section","title":"","heading_selector":"h3","title_fontsize":"","title_fontweight":"","title_text_color":"","title_margin_top":"","title_margin_bottom":"","subtitle":"","subtitle_fontsize":"","title_position":"sppb-text-center","columns_equal_height":"0","fullscreen":0,"no_gutter":0,"id":"","class":"","padding":{"md":"100px 0px 100px 0px","sm":"   ","xs":"50px 0px 50px 0px"},"margin":{"md":"0px 0px 0px 0px","sm":"   ","xs":"   "},"color":"","background_color":"","background_image":"","overlay":"","background_repeat":"no-repeat","background_size":"cover","background_attachment":"fixed","background_position":"0 0","background_video":0,"background_video_mp4":"","background_video_ogv":"","hidden_xs":"","hidden_sm":"","hidden_md":"","animation":"","animationduration":"300","animationdelay":"0","columns_align_center":1,"background_parallax":0,"show_top_shape":0,"show_bottom_shape":0},"layout":"6,6","columns":[{"id":1494397321380,"class_name":"col-md-6","visibility":true,"settings":{"default":{"background_image":"","background_repeat":"no-repeat","background_size":"cover","background_attachment":"scroll","background_position":"0 0","items_align_center":0,"boxshadow":"0 0 0 0 #fff","sm_col":"","xs_col":"","hidden_xs":"","hidden_sm":"","hidden_md":"","animationduration":"300","animationdelay":"0"},"items_align_center":0,"padding":{"md":"   ","sm":"   ","xs":"   "},"hidden_xs":0,"hidden_sm":0,"hidden_md":0,"sm_col":"col-sm-6"},"addons":[{"id":1494397779869,"name":"image","visibility":true,"settings":{"admin_label":"","title":"","heading_selector":"h3","title_fontsize":"","title_lineheight":"","title_fontstyle":null,"title_letterspace":"0","title_fontweight":"","title_text_color":"","title_margin_top":"","title_margin_bottom":"","image":"https://sppagebuilder.com/sample-data/images/2017/05/10/about-img02.jpg","alt_text":"About us","position":"sppb-text-left","open_lightbox":1,"overlay_color":"rgba(0, 0, 0, 0.5)","link":"","target":"","class":"","global_text_color":"","global_link_color":"","global_link_hover_color":"","global_use_background":"0","global_background_color":"","global_background_image":"","global_background_repeat":"no-repeat","global_background_size":"cover","global_background_attachment":"inherit","global_user_border":"0","global_border_width":"","global_border_color":"","global_boder_style":"none","global_border_radius":"","global_margin":"","global_padding":"","global_use_animation":"0","global_animation":"","global_animationduration":"300","global_animationdelay":"0","hidden_md":"0","hidden_sm":"0","hidden_xs":"0","acl":null}}]},{"id":1494397321381,"class_name":"col-md-6","visibility":true,"settings":{"color":"","background":"","background_image":"","overlay":"","background_repeat":"no-repeat","background_size":"cover","background_attachment":"scroll","background_position":"0 0","padding":{"md":"   ","sm":"   ","xs":"   "},"class":"","sm_col":"col-sm-6","xs_col":"","hidden_xs":0,"hidden_sm":0,"hidden_md":0,"animation":"","animationduration":"300","animationdelay":"0","items_align_center":0},"addons":[{"id":1509995043992,"name":"heading","visibility":true,"settings":{"admin_label":"We Are Best","title":"We Are Best","heading_selector":"h3","use_link":0,"title_link":"","link_new_tab":"0","title_fontsize":{"md":"48","sm":"32","xs":"25"},"title_fontstyle":null,"title_fontweight":"","title_lineheight":{"md":"56","sm":"38","xs":"35"},"title_letterspace":"0","title_margin":{"md":"0px 0px 20px 0px","sm":"0px 0px 10px 0px","xs":"20px 0px 20px 0px"},"title_padding":{"md":"0px 0px 0px 0px","sm":"   ","xs":"   "},"alignment":"sppb-text-left","class":"","global_text_color":"rgba(38, 37, 38, 1)","global_link_color":"","global_link_hover_color":"","global_use_background":0,"global_background_color":"","global_background_image":"","global_background_repeat":"no-repeat","global_background_size":"cover","global_background_attachment":"inherit","global_user_border":0,"global_border_width":"","global_border_color":"","global_boder_style":"none","global_border_radius":"","global_margin":{"md":"   ","sm":"   ","xs":"   "},"global_padding":{"md":"   ","sm":"   ","xs":"   "},"global_use_animation":0,"global_animation":"","global_animationduration":"300","global_animationdelay":"0","hidden_md":"0","hidden_sm":"0","hidden_xs":"0","acl":null,"title_font_style":{"weight":700}}},{"id":1494397965711,"name":"text_block","visibility":true,"settings":{"admin_label":"","title":"","heading_selector":"","title_fontsize":{"md":"","sm":"","xs":""},"title_lineheight":{"md":"","sm":"","xs":""},"title_fontstyle":null,"title_letterspace":"0","title_fontweight":"400","title_text_color":"rgba(81, 81, 80, 1)","title_margin_top":"","title_margin_bottom":"","text":"Lorem Ipsum is simply dummy text of the printing and typesetting industry. Lorem Ipsum has been the industry's standard dummy text ever since the 1500s, when an unknown printer took a galley of type and scrambled it to make a type specimen book.","alignment":"sppb-text-left","class":"","global_text_color":"","global_link_color":"","global_link_hover_color":"","global_use_background":0,"global_background_color":"","global_background_image":"","global_background_repeat":"no-repeat","global_background_size":"cover","global_background_attachment":"inherit","global_user_border":0,"global_border_width":"","global_border_color":"","global_boder_style":"none","global_border_radius":"","global_margin":{"md":"0 0 30px 0","sm":"0px 0px 20px 0px","xs":"0px 0px 20px 0px"},"global_padding":{"md":"   ","sm":"   ","xs":"   "},"global_use_animation":0,"global_animation":"","global_animationduration":"300","global_animationdelay":"0","hidden_md":"0","hidden_sm":"0","hidden_xs":"0","acl":null,"dropcap":0,"text_fontsize":{"md":"16","sm":"","xs":"14"},"text_lineheight":{"md":"26","sm":"","xs":"22"}}},{"id":1494398059422,"name":"button","visibility":true,"settings":{"admin_label":"Learn More","text":"Learn More","alignment":"sppb-text-left","fontstyle":["uppercase"],"letterspace":"0","url":"#","target":"","type":"custom","appearance":"","background_color":"rgba(28, 28, 28, 1)","color":"#ffffff","background_color_hover":"#222222","color_hover":"#ffffff","button_padding":{"md":"15px 40px 15px 40px","sm":"10px 30px 10px 30px","xs":"10px 20px 10px 20px"},"size":"","shape":"rounded","block":"","icon":"","icon_position":"left","class":"","global_text_color":"","global_link_color":"","global_link_hover_color":"","global_use_background":"0","global_background_color":"","global_background_image":"","global_background_repeat":"no-repeat","global_background_size":"cover","global_background_attachment":"inherit","global_user_border":"0","global_border_width":"","global_border_color":"","global_boder_style":"none","global_border_radius":"","global_margin":"","global_padding":"","global_use_animation":"0","global_animation":"","global_animationduration":"300","global_animationdelay":"0","hidden_md":"0","hidden_sm":"0","hidden_xs":"0","acl":null}}]}]},{"id":1509995043975,"visibility":true,"collapse":false,"settings":{"admin_label":"Our Practice Area","title":"","heading_selector":"h3","title_fontsize":"","title_fontweight":"","title_text_color":"","title_margin_top":"","title_margin_bottom":"","subtitle":"","subtitle_fontsize":"","title_position":"sppb-text-center","columns_equal_height":"0","fullscreen":0,"no_gutter":0,"id":"","class":"","padding":{"md":"100px 0px 70px 0px","sm":"   ","xs":"50px 0px 50px 0px"},"margin":{"md":"0px 0px 0px 0px","sm":"   ","xs":"   "},"color":"","background_color":"#fafafa","background_image":"","overlay":"","background_repeat":"no-repeat","background_size":"cover","background_attachment":"inherit","background_position":"50% 50%","background_video":0,"background_video_mp4":"","background_video_ogv":"","hidden_xs":"","hidden_sm":"","hidden_md":"","animation":"","animationduration":"300","animationdelay":"0","columns_align_center":0,"background_parallax":0,"show_top_shape":0,"show_bottom_shape":0},"layout":"12,4,4,4","columns":[{"id":1509995043700,"class_name":"col-md-12","visibility":true,"settings":{},"addons":[{"id":1494397840378,"name":"heading","visibility":true,"settings":{"admin_label":"","title":"Explore Cities","heading_selector":"h3","use_link":0,"title_link":"","link_new_tab":"0","title_fontsize":{"md":"48","sm":"32","xs":"28"},"title_fontstyle":null,"title_fontweight":"","title_lineheight":{"md":"56","sm":"38","xs":"38"},"title_letterspace":"0","title_margin":{"md":"0px 0px 20px 0px","sm":"0px 0px 10px 0px","xs":"20px 0px 20px 0px"},"title_padding":{"md":"0px 0px 0px 0px","sm":"   ","xs":"   "},"alignment":"sppb-text-center","class":"","global_text_color":"rgba(38, 37, 38, 1)","global_link_color":"","global_link_hover_color":"","global_use_background":0,"global_background_color":"","global_background_image":"","global_background_repeat":"no-repeat","global_background_size":"cover","global_background_attachment":"inherit","global_user_border":0,"global_border_width":"","global_border_color":"","global_boder_style":"none","global_border_radius":"","global_margin":{"md":"   ","sm":"   ","xs":"   "},"global_padding":{"md":"   ","sm":"   ","xs":"   "},"global_use_animation":0,"global_animation":"","global_animationduration":"300","global_animationdelay":"0","hidden_md":"0","hidden_sm":"0","hidden_xs":"0","acl":null,"title_font_style":{"weight":700}}},{"id":1509995043702,"name":"heading","visibility":true,"settings":{"admin_label":"","title":"Lorem Ipsum is simply dummy text of the printing and typesetting industry. Lorem Ipsum has been the industry","heading_selector":"h3","use_link":0,"title_link":"","link_new_tab":"","title_fontsize":{"md":"18","sm":"","xs":"16"},"title_lineheight":{"md":"28","sm":"","xs":"26"},"title_letterspace":"0","title_margin":{"md":"0px 0px 70px 0px","sm":"0px 0px 40px 0px","xs":"0px 0px 40px 0px"},"title_padding":{"md":"0px 0px 0px 0px","sm":"   ","xs":"   "},"title_icon_position":"before","alignment":"sppb-text-center","class":"","title_font_style":{"weight":400},"global_use_background":0,"global_user_border":0,"global_margin":{"md":" auto  auto","sm":"   ","xs":"   "},"global_padding":{"md":"   ","sm":"   ","xs":"   "},"global_use_animation":0,"use_global_width":1,"hidden_md":0,"hidden_sm":0,"hidden_xs":0,"global_width":{"md":"55","sm":"75","xs":"100"}}}]},{"id":1510058395160,"class_name":"col-md-4","visibility":true,"settings":{"default":{"background_image":"","background_repeat":"no-repeat","background_size":"cover","background_attachment":"scroll","background_position":"0 0","items_align_center":0,"boxshadow":"0 0 0 0 #fff","sm_col":"","xs_col":"","hidden_xs":"","hidden_sm":"","hidden_md":"","animationduration":"300","animationdelay":"0"},"items_align_center":0,"padding":{"md":"   ","sm":"   ","xs":"   "},"hidden_xs":0,"hidden_sm":0,"hidden_md":0,"sm_col":"col-sm-4"},"addons":[{"id":1494413656540,"name":"image","visibility":true,"settings":{"admin_label":"Gallery 4","title":"","heading_selector":"h3","title_fontsize":"","title_lineheight":"","title_fontstyle":null,"title_letterspace":"0","title_fontweight":"","title_text_color":"","title_margin_top":"","title_margin_bottom":"","image":"https://sppagebuilder.com/sample-data/images/2017/05/16/gallery4.jpg","alt_text":"Gallery","position":"sppb-text-center","open_lightbox":"1","overlay_color":"rgba(28, 28, 28, 0.5)","link":"","target":"","class":"","global_text_color":"","global_link_color":"","global_link_hover_color":"","global_use_background":"0","global_background_color":"","global_background_image":"","global_background_repeat":"no-repeat","global_background_size":"cover","global_background_attachment":"inherit","global_user_border":"0","global_border_width":"","global_border_color":"","global_boder_style":"none","global_border_radius":"","global_margin":"0 0 30px 0","global_padding":"","global_use_animation":"0","global_animation":"","global_animationduration":"300","global_animationdelay":"0","hidden_md":"0","hidden_sm":"0","hidden_xs":"0","acl":null}},{"id":1494413656535,"name":"image","visibility":true,"settings":{"admin_label":"Gallery 5","title":"","heading_selector":"h3","title_fontsize":"","title_lineheight":"","title_fontstyle":null,"title_letterspace":"0","title_fontweight":"","title_text_color":"","title_margin_top":"","title_margin_bottom":"","image":"https://sppagebuilder.com/sample-data/images/2017/05/16/gallery5.jpg","alt_text":"Gallery","position":"sppb-text-center","open_lightbox":"1","overlay_color":"rgba(28, 28, 28, 0.5)","link":"","target":"","class":"","global_text_color":"","global_link_color":"","global_link_hover_color":"","global_use_background":"0","global_background_color":"","global_background_image":"","global_background_repeat":"no-repeat","global_background_size":"cover","global_background_attachment":"inherit","global_user_border":"0","global_border_width":"","global_border_color":"","global_boder_style":"none","global_border_radius":"","global_margin":"0 0 30px 0","global_padding":"","global_use_animation":"0","global_animation":"","global_animationduration":"300","global_animationdelay":"0","hidden_md":"0","hidden_sm":"0","hidden_xs":"0","acl":null}}]},{"id":1510058395161,"class_name":"col-md-4","visibility":true,"settings":{"default":{"background_image":"","background_repeat":"no-repeat","background_size":"cover","background_attachment":"scroll","background_position":"0 0","items_align_center":0,"boxshadow":"0 0 0 0 #fff","sm_col":"","xs_col":"","hidden_xs":"","hidden_sm":"","hidden_md":"","animationduration":"300","animationdelay":"0"},"items_align_center":0,"padding":{"md":"   ","sm":"   ","xs":"   "},"hidden_xs":0,"hidden_sm":0,"hidden_md":0,"sm_col":"col-sm-4"},"addons":[{"id":1494413656503,"name":"image","visibility":true,"settings":{"admin_label":"Gallery 1","title":"","heading_selector":"h3","title_fontsize":"","title_lineheight":"","title_fontstyle":null,"title_letterspace":"0","title_fontweight":"","title_text_color":"","title_margin_top":"","title_margin_bottom":"","image":"https://sppagebuilder.com/sample-data/images/2017/05/16/gallery1.jpg","alt_text":"Gallery","position":"sppb-text-center","open_lightbox":1,"overlay_color":"rgba(28, 28, 28, 0.5)","link":"","target":"","class":"","global_text_color":"","global_link_color":"","global_link_hover_color":"","global_use_background":"0","global_background_color":"","global_background_image":"","global_background_repeat":"no-repeat","global_background_size":"cover","global_background_attachment":"inherit","global_user_border":"0","global_border_width":"","global_border_color":"","global_boder_style":"none","global_border_radius":"","global_margin":"0 0 30px 0","global_padding":"","global_use_animation":"0","global_animation":"","global_animationduration":"300","global_animationdelay":"0","hidden_md":"0","hidden_sm":"0","hidden_xs":"0","acl":null}},{"id":1494413656508,"name":"image","visibility":true,"settings":{"admin_label":"Gallery 3","title":"","heading_selector":"h3","title_fontsize":"","title_lineheight":"","title_fontstyle":null,"title_letterspace":"0","title_fontweight":"","title_text_color":"","title_margin_top":"","title_margin_bottom":"","image":"https://sppagebuilder.com/sample-data/images/2017/05/16/gallery3.jpg","alt_text":"Gallery","position":"sppb-text-center","open_lightbox":"1","overlay_color":"rgba(28, 28, 28, 0.5)","link":"","target":"","class":"","global_text_color":"","global_link_color":"","global_link_hover_color":"","global_use_background":"0","global_background_color":"","global_background_image":"","global_background_repeat":"no-repeat","global_background_size":"cover","global_background_attachment":"inherit","global_user_border":"0","global_border_width":"","global_border_color":"","global_boder_style":"none","global_border_radius":"","global_margin":"0 0 30px 0","global_padding":"","global_use_animation":"0","global_animation":"","global_animationduration":"300","global_animationdelay":"0","hidden_md":"0","hidden_sm":"0","hidden_xs":"0","acl":null}}]},{"id":1510058395162,"class_name":"col-md-4","visibility":true,"settings":{"default":{"background_image":"","background_repeat":"no-repeat","background_size":"cover","background_attachment":"scroll","background_position":"0 0","items_align_center":0,"boxshadow":"0 0 0 0 #fff","sm_col":"","xs_col":"","hidden_xs":"","hidden_sm":"","hidden_md":"","animationduration":"300","animationdelay":"0"},"items_align_center":0,"padding":{"md":"   ","sm":"   ","xs":"   "},"hidden_xs":0,"hidden_sm":0,"hidden_md":0,"sm_col":"col-sm-4"},"addons":[{"id":1494413656513,"name":"image","visibility":true,"settings":{"admin_label":"Gallery 2","title":"","heading_selector":"h3","title_fontsize":"","title_lineheight":"","title_fontstyle":null,"title_letterspace":"0","title_fontweight":"","title_text_color":"","title_margin_top":"","title_margin_bottom":"","image":"https://sppagebuilder.com/sample-data/images/2017/05/16/gallery2.jpg","alt_text":"Gallery","position":"sppb-text-center","open_lightbox":1,"overlay_color":"rgba(28, 28, 28, 0.5)","link":"","target":"","class":"","global_text_color":"","global_link_color":"","global_link_hover_color":"","global_use_background":"0","global_background_color":"","global_background_image":"","global_background_repeat":"no-repeat","global_background_size":"cover","global_background_attachment":"inherit","global_user_border":"0","global_border_width":"","global_border_color":"","global_boder_style":"none","global_border_radius":"","global_margin":"0 0 30px 0","global_padding":"","global_use_animation":"0","global_animation":"","global_animationduration":"300","global_animationdelay":"0","hidden_md":"0","hidden_sm":"0","hidden_xs":"0","acl":null}},{"id":1494413656526,"name":"image","visibility":true,"settings":{"admin_label":"Gallery 6","title":"","heading_selector":"h3","title_fontsize":"","title_lineheight":"","title_fontstyle":null,"title_letterspace":"0","title_fontweight":"","title_text_color":"","title_margin_top":"","title_margin_bottom":"","image":"https://sppagebuilder.com/sample-data/images/2017/05/16/gallery6.jpg","alt_text":"Gallery","position":"sppb-text-center","open_lightbox":"1","overlay_color":"rgba(28, 28, 28, 0.5)","link":"","target":"","class":"","global_text_color":"","global_link_color":"","global_link_hover_color":"","global_use_background":"0","global_background_color":"","global_background_image":"","global_background_repeat":"no-repeat","global_background_size":"cover","global_background_attachment":"inherit","global_user_border":"0","global_border_width":"","global_border_color":"","global_boder_style":"none","global_border_radius":"","global_margin":"0 0 30px 0","global_padding":"","global_use_animation":"0","global_animation":"","global_animationduration":"300","global_animationdelay":"0","hidden_md":"0","hidden_sm":"0","hidden_xs":"0","acl":null}}]}]},{"id":1509995044027,"visibility":true,"collapse":false,"settings":{"admin_label":"Our Practice Area","title":"","heading_selector":"h3","title_fontsize":"","title_fontweight":"","title_text_color":"","title_margin_top":"","title_margin_bottom":"","subtitle":"","subtitle_fontsize":"","title_position":"sppb-text-center","columns_equal_height":"0","fullscreen":0,"no_gutter":0,"id":"","class":"","padding":{"md":"100px 0px 70px 0px","sm":"   ","xs":"50px 0px 50px 0px"},"margin":{"md":"0px 0px 0px 0px","sm":"   ","xs":"   "},"color":"","background_color":"","background_image":"","overlay":"","background_repeat":"no-repeat","background_size":"cover","background_attachment":"inherit","background_position":"50% 50%","background_video":0,"background_video_mp4":"","background_video_ogv":"","hidden_xs":"","hidden_sm":"","hidden_md":"","animation":"","animationduration":"300","animationdelay":"0","columns_align_center":0,"background_parallax":0,"show_top_shape":0,"show_bottom_shape":0},"layout":"12,3,3,3,3","columns":[{"id":1509995043704,"class_name":"col-md-12","visibility":true,"settings":{},"addons":[{"id":1509995043705,"name":"heading","visibility":true,"settings":{"admin_label":"","title":"Hotels Deal","heading_selector":"h3","use_link":0,"title_link":"","link_new_tab":"0","title_fontsize":{"md":"48","sm":"32","xs":"28"},"title_fontstyle":null,"title_fontweight":"","title_lineheight":{"md":"56","sm":"38","xs":"38"},"title_letterspace":"0","title_margin":{"md":"0px 0px 20px 0px","sm":"0px 0px 10px 0px","xs":"20px 0px 20px 0px"},"title_padding":{"md":"0px 0px 0px 0px","sm":"   ","xs":"   "},"alignment":"sppb-text-center","class":"","global_text_color":"rgba(38, 37, 38, 1)","global_link_color":"","global_link_hover_color":"","global_use_background":0,"global_background_color":"","global_background_image":"","global_background_repeat":"no-repeat","global_background_size":"cover","global_background_attachment":"inherit","global_user_border":0,"global_border_width":"","global_border_color":"","global_boder_style":"none","global_border_radius":"","global_margin":{"md":"   ","sm":"   ","xs":"   "},"global_padding":{"md":"   ","sm":"   ","xs":"   "},"global_use_animation":0,"global_animation":"","global_animationduration":"300","global_animationdelay":"0","hidden_md":"0","hidden_sm":"0","hidden_xs":"0","acl":null,"title_font_style":{"weight":700}}},{"id":1510058743451,"name":"heading","visibility":true,"settings":{"admin_label":"","title":"Lorem Ipsum is simply dummy text of the printing and typesetting industry. Lorem Ipsum has been the industry","heading_selector":"h3","use_link":0,"title_link":"","link_new_tab":"","title_fontsize":{"md":"18","sm":"","xs":"16"},"title_lineheight":{"md":"28","sm":"","xs":"26"},"title_letterspace":"0","title_margin":{"md":"0px 0px 70px 0px","sm":"0px 0px 40px 0px","xs":"0px 0px 40px 0px"},"title_padding":{"md":"0px 0px 0px 0px","sm":"   ","xs":"   "},"title_icon_position":"before","alignment":"sppb-text-center","class":"","title_font_style":{"weight":400},"global_use_background":0,"global_user_border":0,"global_margin":{"md":" auto  auto","sm":"   ","xs":"   "},"global_padding":{"md":"   ","sm":"   ","xs":"   "},"global_use_animation":0,"use_global_width":1,"hidden_md":0,"hidden_sm":0,"hidden_xs":0,"global_width":{"md":"55","sm":"75","xs":"100"}}}]},{"id":1510058395185,"class_name":"col-md-3","visibility":true,"settings":{"default":{"background_image":"","background_repeat":"no-repeat","background_size":"cover","background_attachment":"scroll","background_position":"0 0","items_align_center":0,"boxshadow":"0 0 0 0 #fff","sm_col":"","xs_col":"","hidden_xs":"","hidden_sm":"","hidden_md":"","animationduration":"300","animationdelay":"0"},"items_align_center":0,"padding":{"md":"   ","sm":"   ","xs":"   "},"hidden_xs":0,"hidden_sm":0,"hidden_md":0,"sm_col":"col-sm-4"},"addons":[{"id":1494483212792,"name":"image","visibility":true,"settings":{"admin_label":"","title":"","heading_selector":"h3","title_fontsize":"","title_lineheight":"","title_fontstyle":null,"title_letterspace":"0","title_fontweight":"","title_text_color":"","title_margin_top":"","title_margin_bottom":"","image":"https://sppagebuilder.com/sample-data/images/2017/05/11/hote1.jpg","alt_text":"Hotel1","position":"sppb-text-center","open_lightbox":0,"overlay_color":"rgba(119, 219, 31, 0.5)","link":"","target":"","class":"","global_text_color":"","global_link_color":"","global_link_hover_color":"","global_use_background":"0","global_background_color":"","global_background_image":"","global_background_repeat":"no-repeat","global_background_size":"cover","global_background_attachment":"inherit","global_user_border":"0","global_border_width":"","global_border_color":"","global_boder_style":"none","global_border_radius":"","global_margin":"0 0 30px 0","global_padding":"","global_use_animation":"1","global_animation":"fadeInDown","global_animationduration":"700","global_animationdelay":"450","hidden_md":"0","hidden_sm":"0","hidden_xs":"0","acl":null}}]},{"id":1510058395186,"class_name":"col-md-3","visibility":true,"settings":{"default":{"background_image":"","background_repeat":"no-repeat","background_size":"cover","background_attachment":"scroll","background_position":"0 0","items_align_center":0,"boxshadow":"0 0 0 0 #fff","sm_col":"","xs_col":"","hidden_xs":"","hidden_sm":"","hidden_md":"","animationduration":"300","animationdelay":"0"},"items_align_center":0,"padding":{"md":"   ","sm":"   ","xs":"   "},"hidden_xs":0,"hidden_sm":0,"hidden_md":0,"sm_col":"col-sm-4"},"addons":[{"id":1494483171074,"name":"image","visibility":true,"settings":{"admin_label":"","title":"","heading_selector":"h3","title_fontsize":"","title_lineheight":"","title_fontstyle":null,"title_letterspace":"0","title_fontweight":"","title_text_color":"","title_margin_top":"","title_margin_bottom":"","image":"https://sppagebuilder.com/sample-data/images/2017/05/11/hotel2.jpg","alt_text":"Hotel","position":"sppb-text-center","open_lightbox":0,"overlay_color":"rgba(119, 219, 31, 0.5)","link":"","target":"","class":"","global_text_color":"","global_link_color":"","global_link_hover_color":"","global_use_background":"0","global_background_color":"","global_background_image":"","global_background_repeat":"no-repeat","global_background_size":"cover","global_background_attachment":"inherit","global_user_border":"0","global_border_width":"","global_border_color":"","global_boder_style":"none","global_border_radius":"","global_margin":"0 0 30px 0","global_padding":"","global_use_animation":"1","global_animation":"fadeInDown","global_animationduration":"700","global_animationdelay":"300","hidden_md":"0","hidden_sm":"0","hidden_xs":"0","acl":null}}]},{"id":1510058395187,"class_name":"col-md-3","visibility":true,"settings":{"default":{"background_image":"","background_repeat":"no-repeat","background_size":"cover","background_attachment":"scroll","background_position":"0 0","items_align_center":0,"boxshadow":"0 0 0 0 #fff","sm_col":"","xs_col":"","hidden_xs":"","hidden_sm":"","hidden_md":"","animationduration":"300","animationdelay":"0"},"items_align_center":0,"padding":{"md":"   ","sm":"   ","xs":"   "},"hidden_xs":0,"hidden_sm":0,"hidden_md":0,"sm_col":"col-sm-4"},"addons":[{"id":1494483171079,"name":"image","visibility":true,"settings":{"admin_label":"","title":"","heading_selector":"h3","title_fontsize":"","title_lineheight":"","title_fontstyle":null,"title_letterspace":"0","title_fontweight":"","title_text_color":"","title_margin_top":"","title_margin_bottom":"","image":"https://sppagebuilder.com/sample-data/images/2017/05/11/hotel3.jpg","alt_text":"Hotel","position":"sppb-text-center","open_lightbox":0,"overlay_color":"rgba(119, 219, 31, 0.5)","link":"","target":"","class":"","global_text_color":"","global_link_color":"","global_link_hover_color":"","global_use_background":"0","global_background_color":"","global_background_image":"","global_background_repeat":"no-repeat","global_background_size":"cover","global_background_attachment":"inherit","global_user_border":"0","global_border_width":"","global_border_color":"","global_boder_style":"none","global_border_radius":"","global_margin":"0 0 30px 0","global_padding":"","global_use_animation":"1","global_animation":"fadeInDown","global_animationduration":"700","global_animationdelay":"150","hidden_md":"0","hidden_sm":"0","hidden_xs":"0","acl":null}}]},{"id":1510058395188,"class_name":"col-md-3","visibility":true,"settings":{"default":{"background_image":"","background_repeat":"no-repeat","background_size":"cover","background_attachment":"scroll","background_position":"0 0","items_align_center":0,"boxshadow":"0 0 0 0 #fff","sm_col":"","xs_col":"","hidden_xs":"","hidden_sm":"","hidden_md":"","animationduration":"300","animationdelay":"0"},"items_align_center":0,"padding":{"md":"   ","sm":"   ","xs":"   "},"hidden_xs":0,"hidden_sm":0,"hidden_md":0,"sm_col":"col-sm-4"},"addons":[{"id":1494483171084,"name":"image","visibility":true,"settings":{"admin_label":"","title":"","heading_selector":"h3","title_fontsize":"","title_lineheight":"","title_fontstyle":null,"title_letterspace":"0","title_fontweight":"","title_text_color":"","title_margin_top":"","title_margin_bottom":"","image":"https://sppagebuilder.com/sample-data/images/2017/05/11/hotel4.jpg","alt_text":"Hotel","position":"sppb-text-center","open_lightbox":0,"overlay_color":"rgba(119, 219, 31, 0.5)","link":"","target":"","class":"","global_text_color":"","global_link_color":"","global_link_hover_color":"","global_use_background":"0","global_background_color":"","global_background_image":"","global_background_repeat":"no-repeat","global_background_size":"cover","global_background_attachment":"inherit","global_user_border":"0","global_border_width":"","global_border_color":"","global_boder_style":"none","global_border_radius":"","global_margin":"0 0 30px 0","global_padding":"","global_use_animation":"1","global_animation":"fadeInDown","global_animationduration":"700","global_animationdelay":"","hidden_md":"0","hidden_sm":"0","hidden_xs":"0","acl":null}}]}]},{"id":1509995044052,"visibility":true,"collapse":false,"settings":{"admin_label":"Our Practice Area","title":"","heading_selector":"h3","title_fontsize":"","title_fontweight":"","title_text_color":"","title_margin_top":"","title_margin_bottom":"","subtitle":"","subtitle_fontsize":"","title_position":"sppb-text-center","columns_equal_height":"0","fullscreen":0,"no_gutter":0,"id":"","class":"","padding":{"md":"100px 0px 70px 0px","sm":"   ","xs":"50px 0px 50px 0px"},"margin":{"md":"0px 0px 0px 0px","sm":"   ","xs":"   "},"color":"","background_color":"#fafafa","background_image":"","overlay":"","background_repeat":"no-repeat","background_size":"cover","background_attachment":"inherit","background_position":"50% 50%","background_video":0,"background_video_mp4":"","background_video_ogv":"","hidden_xs":"","hidden_sm":"","hidden_md":"","animation":"","animationduration":"300","animationdelay":"0","columns_align_center":0,"background_parallax":0,"show_top_shape":0,"show_bottom_shape":0},"layout":"12,4,4,4","columns":[{"id":1509995043708,"class_name":"col-md-12","visibility":true,"settings":{},"addons":[{"id":1509995043709,"name":"heading","visibility":true,"settings":{"admin_label":"","title":"Explore Cities","heading_selector":"h3","use_link":0,"title_link":"","link_new_tab":"0","title_fontsize":{"md":"48","sm":"32","xs":"28"},"title_fontstyle":null,"title_fontweight":"","title_lineheight":{"md":"56","sm":"38","xs":"38"},"title_letterspace":"0","title_margin":{"md":"0px 0px 20px 0px","sm":"0px 0px 10px 0px","xs":"20px 0px 20px 0px"},"title_padding":{"md":"0px 0px 0px 0px","sm":"   ","xs":"   "},"alignment":"sppb-text-center","class":"","global_text_color":"rgba(38, 37, 38, 1)","global_link_color":"","global_link_hover_color":"","global_use_background":0,"global_background_color":"","global_background_image":"","global_background_repeat":"no-repeat","global_background_size":"cover","global_background_attachment":"inherit","global_user_border":0,"global_border_width":"","global_border_color":"","global_boder_style":"none","global_border_radius":"","global_margin":{"md":"   ","sm":"   ","xs":"   "},"global_padding":{"md":"   ","sm":"   ","xs":"   "},"global_use_animation":0,"global_animation":"","global_animationduration":"300","global_animationdelay":"0","hidden_md":"0","hidden_sm":"0","hidden_xs":"0","acl":null,"title_font_style":{"weight":700}}},{"id":1510058743456,"name":"heading","visibility":true,"settings":{"admin_label":"","title":"Lorem Ipsum is simply dummy text of the printing and typesetting industry. Lorem Ipsum has been the industry","heading_selector":"h3","use_link":0,"title_link":"","link_new_tab":"","title_fontsize":{"md":"18","sm":"","xs":"16"},"title_lineheight":{"md":"28","sm":"","xs":"26"},"title_letterspace":"0","title_margin":{"md":"0px 0px 70px 0px","sm":"0px 0px 40px 0px","xs":"0px 0px 40px 0px"},"title_padding":{"md":"0px 0px 0px 0px","sm":"   ","xs":"   "},"title_icon_position":"before","alignment":"sppb-text-center","class":"","title_font_style":{"weight":400},"global_use_background":0,"global_user_border":0,"global_margin":{"md":" auto  auto","sm":"   ","xs":"   "},"global_padding":{"md":"   ","sm":"   ","xs":"   "},"global_use_animation":0,"use_global_width":1,"hidden_md":0,"hidden_sm":0,"hidden_xs":0,"global_width":{"md":"55","sm":"75","xs":"100"}}}]},{"id":1510058395189,"class_name":"col-md-4","visibility":true,"settings":{"default":{"background_image":"","background_repeat":"no-repeat","background_size":"cover","background_attachment":"scroll","background_position":"0 0","items_align_center":0,"boxshadow":"0 0 0 0 #fff","sm_col":"","xs_col":"","hidden_xs":"","hidden_sm":"","hidden_md":"","animationduration":"300","animationdelay":"0"},"items_align_center":0,"padding":{"md":"   ","sm":"   ","xs":"   "},"hidden_xs":0,"hidden_sm":0,"hidden_md":0,"sm_col":"col-sm-4"},"addons":[{"id":1494484131951,"name":"image","visibility":true,"settings":{"admin_label":"","title":"From $199","heading_selector":"h3","title_fontsize":{"md":"20","sm":"","xs":""},"title_lineheight":{"md":"24","sm":"","xs":""},"title_fontstyle":null,"title_letterspace":"0","title_fontweight":"","title_text_color":"","title_margin_top":{"md":"20","sm":"","xs":""},"title_margin_bottom":{"md":"0","sm":"","xs":""},"image":"https://sppagebuilder.com/sample-data/images/2017/05/11/package1.jpg","alt_text":"Package","position":"sppb-text-center","open_lightbox":0,"overlay_color":"rgba(119, 219, 31, 0.5)","link":"","target":"","class":"","global_text_color":"","global_link_color":"","global_link_hover_color":"","global_use_background":0,"global_background_color":"","global_background_image":"","global_background_repeat":"no-repeat","global_background_size":"cover","global_background_attachment":"inherit","global_user_border":0,"global_border_width":"","global_border_color":"","global_boder_style":"none","global_border_radius":"","global_margin":{"md":"0px 0px 30px 0px","sm":"   ","xs":"   "},"global_padding":{"md":"   ","sm":"   ","xs":"   "},"global_use_animation":0,"global_animation":"","global_animationduration":"300","global_animationdelay":"0","hidden_md":"0","hidden_sm":"0","hidden_xs":"0","acl":null,"title_font_style":{"weight":700},"title_position":"bottom"}}]},{"id":1510058395190,"class_name":"col-md-4","visibility":true,"settings":{"default":{"background_image":"","background_repeat":"no-repeat","background_size":"cover","background_attachment":"scroll","background_position":"0 0","items_align_center":0,"boxshadow":"0 0 0 0 #fff","sm_col":"","xs_col":"","hidden_xs":"","hidden_sm":"","hidden_md":"","animationduration":"300","animationdelay":"0"},"items_align_center":0,"padding":{"md":"   ","sm":"   ","xs":"   "},"hidden_xs":0,"hidden_sm":0,"hidden_md":0,"sm_col":"col-sm-4"},"addons":[{"id":1509995044127,"name":"image","visibility":true,"settings":{"admin_label":"","title":"From $299","heading_selector":"h3","title_fontsize":{"md":"20","sm":"","xs":""},"title_lineheight":{"md":"24","sm":"","xs":""},"title_fontstyle":null,"title_letterspace":"0","title_fontweight":"","title_text_color":"","title_margin_top":{"md":"20","sm":"","xs":""},"title_margin_bottom":{"md":"0","sm":"","xs":""},"image":"https://sppagebuilder.com/sample-data/images/2017/05/11/package2.jpg","alt_text":"Package","position":"sppb-text-center","open_lightbox":0,"overlay_color":"rgba(119, 219, 31, 0.5)","link":"","target":"","class":"","global_text_color":"","global_link_color":"","global_link_hover_color":"","global_use_background":0,"global_background_color":"","global_background_image":"","global_background_repeat":"no-repeat","global_background_size":"cover","global_background_attachment":"inherit","global_user_border":0,"global_border_width":"","global_border_color":"","global_boder_style":"none","global_border_radius":"","global_margin":{"md":"0px 0px 30px 0px","sm":"   ","xs":"   "},"global_padding":{"md":"   ","sm":"   ","xs":"   "},"global_use_animation":0,"global_animation":"","global_animationduration":"300","global_animationdelay":"0","hidden_md":"0","hidden_sm":"0","hidden_xs":"0","acl":null,"title_font_style":{"weight":700},"title_position":"bottom"}}]},{"id":1510058395191,"class_name":"col-md-4","visibility":true,"settings":{"default":{"background_image":"","background_repeat":"no-repeat","background_size":"cover","background_attachment":"scroll","background_position":"0 0","items_align_center":0,"boxshadow":"0 0 0 0 #fff","sm_col":"","xs_col":"","hidden_xs":"","hidden_sm":"","hidden_md":"","animationduration":"300","animationdelay":"0"},"items_align_center":0,"padding":{"md":"   ","sm":"   ","xs":"   "},"hidden_xs":0,"hidden_sm":0,"hidden_md":0,"sm_col":"col-sm-4"},"addons":[{"id":1509995044144,"name":"image","visibility":true,"settings":{"admin_label":"","title":"From $399","heading_selector":"h3","title_fontsize":{"md":"20","sm":"","xs":""},"title_lineheight":{"md":"24","sm":"","xs":""},"title_fontstyle":null,"title_letterspace":"0","title_fontweight":"","title_text_color":"","title_margin_top":{"md":"20","sm":"","xs":""},"title_margin_bottom":{"md":"0","sm":"","xs":""},"image":"https://sppagebuilder.com/sample-data/images/2017/05/11/package3.jpg","alt_text":"Package","position":"sppb-text-center","open_lightbox":0,"overlay_color":"rgba(119, 219, 31, 0.5)","link":"","target":"","class":"","global_text_color":"","global_link_color":"","global_link_hover_color":"","global_use_background":0,"global_background_color":"","global_background_image":"","global_background_repeat":"no-repeat","global_background_size":"cover","global_background_attachment":"inherit","global_user_border":0,"global_border_width":"","global_border_color":"","global_boder_style":"none","global_border_radius":"","global_margin":{"md":"0px 0px 30px 0px","sm":"   ","xs":"   "},"global_padding":{"md":"   ","sm":"   ","xs":"   "},"global_use_animation":0,"global_animation":"","global_animationduration":"300","global_animationdelay":"0","hidden_md":"0","hidden_sm":"0","hidden_xs":"0","acl":null,"title_font_style":{"weight":700},"title_position":"bottom"}}]}]}]