[{"id":1481902685193,"visibility":true,"collapse":false,"settings":{"admin_label":"","title":"","heading_selector":"h3","title_fontsize":"","title_fontweight":"","title_text_color":"","title_margin_top":"","title_margin_bottom":"","subtitle":"","subtitle_fontsize":"","title_position":"sppb-text-center","columns_equal_height":"0","fullscreen":"0","no_gutter":"0","id":"","class":"","padding":"0px 0px 0px 0px","margin":"0px 0px 0px 0px","color":"","background_color":"","background_image":"","overlay":"","background_repeat":"no-repeat","background_size":"cover","background_attachment":"fixed","background_position":"0 0","background_video":"0","background_video_mp4":"","background_video_ogv":"","hidden_xs":"","hidden_sm":"","hidden_md":"","animation":"","animationduration":"300","animationdelay":"0"},"layout":"12","columns":[{"id":1481902685194,"class_name":"col-md-12","visibility":true,"settings":{},"addons":[{"id":1481902685197,"name":"raw_html","visibility":true,"settings":{"admin_label":"","title":"","heading_selector":"h3","title_fontsize":"","title_lineheight":"","title_fontstyle":null,"title_letterspace":"0","title_fontweight":"","title_text_color":"","title_margin_top":"","title_margin_bottom":"","html":"<div class=\"col-md-12 center\">\n\t\t\t\t\t\t\t<h1 class=\"mt-xlg mb-sm pt-md\">Get in <strong>Touch</strong></h1>\n\t\t\t\t\t\t\t<p class=\"font-size-md\">Lorem ipsum dolor sit amet, consectetur adipiscing elit. Donec eu pulvinar magna.<br>Lorem ipsum dolor sit amet, consectetur adipiscing elit...</p>\n\n\t\t\t\t\t\t\t<hr class=\"custom-divider\">\n\t\t\t\t\t\t</div>","class":"","global_text_color":"","global_link_color":"","global_link_hover_color":"","global_use_background":"0","global_background_color":"","global_background_image":"","global_background_repeat":"no-repeat","global_background_size":"cover","global_background_attachment":"inherit","global_user_border":"0","global_border_width":"","global_border_color":"","global_boder_style":"none","global_border_radius":"","global_margin":"","global_padding":"","global_use_animation":"0","global_animation":"","global_animationduration":"300","global_animationdelay":"0","hidden_md":"0","hidden_sm":"0","hidden_xs":"0","acl":null}}]}]},{"id":1481902685201,"visibility":true,"collapse":false,"settings":{"admin_label":"","title":"","heading_selector":"h3","title_fontsize":"","title_fontweight":"","title_text_color":"","title_margin_top":"","title_margin_bottom":"","subtitle":"","subtitle_fontsize":"","title_position":"sppb-text-center","columns_equal_height":"0","fullscreen":"0","no_gutter":"0","id":"","class":"","padding":"50px 0px 50px 0px","margin":"0px 0px 0px 0px","color":"","background_color":"rgba(244, 244, 244, 1)","background_image":"","overlay":"","background_repeat":"no-repeat","background_size":"cover","background_attachment":"fixed","background_position":"0 0","background_video":"0","background_video_mp4":"","background_video_ogv":"","hidden_xs":"","hidden_sm":"","hidden_md":"","animation":"","animationduration":"300","animationdelay":"0"},"layout":"4,4,4","columns":[{"id":1481902685202,"class_name":"col-md-4","visibility":true,"settings":{},"addons":[{"id":1481902685207,"name":"raw_html","visibility":true,"settings":{"admin_label":"","title":"","heading_selector":"h3","title_fontsize":"","title_lineheight":"","title_fontstyle":null,"title_letterspace":"0","title_fontweight":"","title_text_color":"","title_margin_top":"","title_margin_bottom":"","html":"<h5 class=\"mb-xs mt-xl\">Book Now</h5>\n\t\t\t\t\t\t\t\t<p><i class=\"fa fa-phone\"></i> (123) 456-789</p>\n\n\t\t\t\t\t\t\t\t<h5 class=\"mb-xs mt-xl\">Private Events</h5>\n\t\t\t\t\t\t\t\t<p><i class=\"fa fa-phone\"></i> (123) 456-789</p>\n\n\t\t\t\t\t\t\t\t<h5 class=\"mb-xs mt-xl\">Visit Us</h5>\n\t\t\t\t\t\t\t\t<p><i class=\"fa fa-map-marker\"></i> 123 Street Name, Porto</p>","class":"","global_text_color":"","global_link_color":"","global_link_hover_color":"","global_use_background":"0","global_background_color":"","global_background_image":"","global_background_repeat":"no-repeat","global_background_size":"cover","global_background_attachment":"inherit","global_user_border":"0","global_border_width":"","global_border_color":"","global_boder_style":"none","global_border_radius":"","global_margin":"","global_padding":"","global_use_animation":"0","global_animation":"","global_animationduration":"300","global_animationdelay":"0","hidden_md":"0","hidden_sm":"0","hidden_xs":"0","acl":null}},{"id":1481902685221,"name":"gmap","visibility":true,"settings":{"admin_label":"","title":"","heading_selector":"h3","title_fontsize":"","title_lineheight":"","title_fontstyle":null,"title_letterspace":"0","title_fontweight":"","title_text_color":"","title_margin_top":"","title_margin_bottom":"","map":"40.712784, -74.005941","height":"300","type":"ROADMAP","zoom":"18","mousescroll":"true","class":"","global_text_color":"","global_link_color":"","global_link_hover_color":"","global_use_background":"0","global_background_color":"","global_background_image":"","global_background_repeat":"no-repeat","global_background_size":"cover","global_background_attachment":"inherit","global_user_border":"0","global_border_width":"","global_border_color":"","global_boder_style":"none","global_border_radius":"","global_margin":"","global_padding":"","global_use_animation":"0","global_animation":"","global_animationduration":"300","global_animationdelay":"0","hidden_md":"0","hidden_sm":"0","hidden_xs":"0","acl":null}}]},{"id":1481902685203,"class_name":"col-md-4","visibility":true,"settings":{},"addons":[{"id":1481902685210,"name":"raw_html","visibility":true,"settings":{"admin_label":"","title":"","heading_selector":"h3","title_fontsize":"","title_lineheight":"","title_fontstyle":null,"title_letterspace":"0","title_fontweight":"","title_text_color":"","title_margin_top":"","title_margin_bottom":"","html":"\t<h5 class=\"mb-xs mt-xl\">Lunch Hours</h5>\n\n\t\t\t\t\t\t\t\t<ul class=\"list list-icons list-dark mt-md\">\n\t\t\t\t\t\t\t\t\t<li><i class=\"fa fa-clock-o\"></i> Monday - Friday - 9am to 5pm</li>\n\t\t\t\t\t\t\t\t\t<li><i class=\"fa fa-clock-o\"></i> Saturday - 9am to 2pm</li>\n\t\t\t\t\t\t\t\t\t<li><i class=\"fa fa-clock-o\"></i> Sunday - Closed</li>\n\t\t\t\t\t\t\t\t</ul>\n\n\t\t\t\t\t\t\t\t<h5 class=\"mb-xs mt-xlg\">Dining Hours</h5>\n\n\t\t\t\t\t\t\t\t<ul class=\"list list-icons list-dark mt-md\">\n\t\t\t\t\t\t\t\t\t<li><i class=\"fa fa-clock-o\"></i> Monday - Friday - 9am to 5pm</li>\n\t\t\t\t\t\t\t\t\t<li><i class=\"fa fa-clock-o\"></i> Saturday - 9am to 2pm</li>\n\t\t\t\t\t\t\t\t\t<li><i class=\"fa fa-clock-o\"></i> Sunday - Closed</li>\n\t\t\t\t\t\t\t\t</ul>","class":"","global_text_color":"","global_link_color":"","global_link_hover_color":"","global_use_background":"0","global_background_color":"","global_background_image":"","global_background_repeat":"no-repeat","global_background_size":"cover","global_background_attachment":"inherit","global_user_border":"0","global_border_width":"","global_border_color":"","global_boder_style":"none","global_border_radius":"","global_margin":"","global_padding":"","global_use_animation":"0","global_animation":"","global_animationduration":"300","global_animationdelay":"0","hidden_md":"0","hidden_sm":"0","hidden_xs":"0","acl":null}}]},{"id":1481902685204,"class_name":"col-md-4","visibility":true,"settings":{},"addons":[{"id":1481902685213,"name":"ajax_contact","visibility":true,"settings":{"admin_label":"Contact form","title":"Send a Message","heading_selector":"h5","title_fontsize":"","title_lineheight":"","title_fontstyle":null,"title_letterspace":"0","title_fontweight":"","title_text_color":"","title_margin_top":"","title_margin_bottom":"","recipient_email":"joomlabuff@gmail.com","formcaptcha":"0","captcha_question":"3 + 4 = ?","captcha_answer":"7","use_custom_button":"0","button_text":"Send Message","button_fontstyle":null,"button_letterspace":"0","button_type":"success","button_appearance":"","button_background_color":"#444444","button_color":"#ffffff","button_background_color_hover":"#222222","button_color_hover":"#ffffff","button_size":"","button_shape":"rounded","button_block":"","button_icon":"","button_icon_position":"left","class":"jb-digital-form","global_text_color":"","global_link_color":"","global_link_hover_color":"","global_use_background":"0","global_background_color":"","global_background_image":"","global_background_repeat":"no-repeat","global_background_size":"cover","global_background_attachment":"inherit","global_user_border":"0","global_border_width":"","global_border_color":"","global_boder_style":"none","global_border_radius":"","global_margin":"","global_padding":"","global_use_animation":"0","global_animation":"","global_animationduration":"300","global_animationdelay":"0","hidden_md":"0","hidden_sm":"0","hidden_xs":"0","acl":null}}]}]},{"id":1481902685200,"visibility":true,"collapse":false,"settings":{"admin_label":"","title":"","heading_selector":"h3","title_fontsize":"","title_fontweight":"","title_text_color":"","title_margin_top":"","title_margin_bottom":"","subtitle":"","subtitle_fontsize":"","title_position":"sppb-text-center","columns_equal_height":"0","fullscreen":"1","no_gutter":"1","id":"","class":"","padding":"0px 0px 0px 0px","margin":"0px 0px 0px 0px","color":"","background_color":"","background_image":"","overlay":"","background_repeat":"no-repeat","background_size":"cover","background_attachment":"fixed","background_position":"0 0","background_video":"0","background_video_mp4":"","background_video_ogv":"","hidden_xs":"","hidden_sm":"","hidden_md":"","animation":"","animationduration":"300","animationdelay":"0"},"layout":"12","columns":[{"id":1481870895064,"class_name":"col-md-12","visibility":true,"settings":{},"addons":[{"id":1481870895067,"name":"raw_html","visibility":true,"settings":{"admin_label":"social icons","title":"","heading_selector":"h3","title_fontsize":"","title_lineheight":"","title_fontstyle":null,"title_letterspace":"0","title_fontweight":"","title_text_color":"","title_margin_top":"","title_margin_bottom":"","html":"<div class=\"col-md-12 center\">\n\t\t\t\t\t\t\t<ul class=\"social-icons\">\n\t\t\t\t\t\t\t\t<li class=\"social-icons-instagram\"><a href=\"http://www.instagram.com/\" target=\"_blank\" title=\"Instagram\"><i class=\"fa fa-instagram\"></i></a></li>\n\t\t\t\t\t\t\t\t<li class=\"social-icons-facebook\"><a href=\"http://www.facebook.com/\" target=\"_blank\" title=\"Facebook\"><i class=\"fa fa-facebook\"></i></a></li>\n\t\t\t\t\t\t\t\t<li class=\"social-icons-twitter\"><a href=\"http://www.twitter.com/\" target=\"_blank\" title=\"Twitter\"><i class=\"fa fa-twitter\"></i></a></li>\n\t\t\t\t\t\t\t\t<li class=\"social-icons-googleplus\"><a href=\"http://www.google.com/\" target=\"_blank\" title=\"Google Plus\"><i class=\"fa fa-google-plus\"></i></a></li>\n\t\t\t\t\t\t\t\t<li class=\"social-icons-linkedin\"><a href=\"http://www.linkedin.com/\" target=\"_blank\" title=\"Linkedin\"><i class=\"fa fa-linkedin\"></i></a></li>\n\t\t\t\t\t\t\t</ul>\n\t\t\t\t\t\t</div>","class":"","global_text_color":"","global_link_color":"","global_link_hover_color":"","global_use_background":"1","global_background_color":"rgba(52, 66, 87, 1)","global_background_image":"","global_background_repeat":"no-repeat","global_background_size":"cover","global_background_attachment":"inherit","global_user_border":"0","global_border_width":"","global_border_color":"","global_boder_style":"none","global_border_radius":"","global_margin":"","global_padding":"50px 0 50px 0","global_use_animation":"0","global_animation":"","global_animationduration":"300","global_animationdelay":"0","hidden_md":"0","hidden_sm":"0","hidden_xs":"0","acl":null}}]}]}]