[{"id":1481878542330,"visibility":true,"collapse":false,"settings":{"admin_label":"","title":"","heading_selector":"h3","title_fontsize":"","title_fontweight":"","title_text_color":"","title_margin_top":"","title_margin_bottom":"","subtitle":"","subtitle_fontsize":"","title_position":"sppb-text-center","columns_equal_height":"0","fullscreen":"0","no_gutter":"0","id":"","class":"","padding":"0px 0px 0px 0px","margin":"0px 0px 0px 0px","color":"","background_color":"","background_image":"","overlay":"","background_repeat":"no-repeat","background_size":"cover","background_attachment":"fixed","background_position":"0 0","background_video":"0","background_video_mp4":"","background_video_ogv":"","hidden_xs":"","hidden_sm":"","hidden_md":"","animation":"","animationduration":"300","animationdelay":"0"},"layout":"12","columns":[{"id":1481878542331,"class_name":"col-md-12","visibility":true,"settings":{},"addons":[{"id":1481878542334,"name":"raw_html","visibility":true,"settings":{"admin_label":"","title":"","heading_selector":"h3","title_fontsize":"","title_lineheight":"","title_fontstyle":null,"title_letterspace":"0","title_fontweight":"","title_text_color":"","title_margin_top":"","title_margin_bottom":"","html":"<div class=\"center\">\n\t\t\t\t\t\t\t<h1 class=\"mt-xlg mb-sm pt-md\">Food <strong>&amp; </strong> Drink</h1>\n\t\t\t\t\t\t\t<p class=\"font-size-md\">Lorem ipsum dolor sit amet, consectetur adipiscing elit. Donec eu pulvinar magna.<br>Lorem ipsum dolor sit amet, consectetur adipiscing elit...</p>\n\n\t\t\t\t\t\t\t<hr class=\"custom-divider\">\n\t\t\t\t\t\t</div>","class":"","global_text_color":"","global_link_color":"","global_link_hover_color":"","global_use_background":"0","global_background_color":"","global_background_image":"","global_background_repeat":"no-repeat","global_background_size":"cover","global_background_attachment":"inherit","global_user_border":"0","global_border_width":"","global_border_color":"","global_boder_style":"none","global_border_radius":"","global_margin":"","global_padding":"","global_use_animation":"0","global_animation":"","global_animationduration":"300","global_animationdelay":"0","hidden_md":"0","hidden_sm":"0","hidden_xs":"0","acl":null}}]}]},{"id":1481878542335,"visibility":true,"collapse":false,"settings":{"admin_label":"","title":"","heading_selector":"h3","title_fontsize":"","title_fontweight":"","title_text_color":"","title_margin_top":"","title_margin_bottom":"","subtitle":"","subtitle_fontsize":"","title_position":"sppb-text-center","columns_equal_height":"0","fullscreen":"0","no_gutter":"0","id":"","class":"","padding":"50px 0px 50px 0px","margin":"0px 0px 0px 0px","color":"","background_color":"rgba(244, 244, 244, 1)","background_image":"","overlay":"","background_repeat":"no-repeat","background_size":"cover","background_attachment":"fixed","background_position":"0 0","background_video":"0","background_video_mp4":"","background_video_ogv":"","hidden_xs":"","hidden_sm":"","hidden_md":"","animation":"","animationduration":"300","animationdelay":"0"},"layout":"12","columns":[{"id":1481878542336,"class_name":"col-md-12","visibility":true,"settings":{},"addons":[{"id":1481878542339,"name":"raw_html","visibility":true,"settings":{"admin_label":"","title":"","heading_selector":"h3","title_fontsize":"","title_lineheight":"","title_fontstyle":null,"title_letterspace":"0","title_fontweight":"","title_text_color":"","title_margin_top":"","title_margin_bottom":"","html":"<div class=\"tabs tabs-bottom tabs-center tabs-simple\">\n\t\t\t\t\t\t\t\t\t<ul class=\"nav nav-tabs\">\n\t\t\t\t\t\t\t\t\t\t<li class=\"active\">\n\t\t\t\t\t\t\t\t\t\t\t<a href=\"#tabsNavigationSimple1\" data-toggle=\"tab\" aria-expanded=\"true\">Lunch</a>\n\t\t\t\t\t\t\t\t\t\t</li>\n\t\t\t\t\t\t\t\t\t\t<li class=\"\">\n\t\t\t\t\t\t\t\t\t\t\t<a href=\"#tabsNavigationSimple2\" data-toggle=\"tab\" aria-expanded=\"false\">Dinner</a>\n\t\t\t\t\t\t\t\t\t\t</li>\n\t\t\t\t\t\t\t\t\t\t<li class=\"\">\n\t\t\t\t\t\t\t\t\t\t\t<a href=\"#tabsNavigationSimple3\" data-toggle=\"tab\" aria-expanded=\"false\">Drinks</a>\n\t\t\t\t\t\t\t\t\t\t</li>\n\t\t\t\t\t\t\t\t\t</ul>\n\t\t\t\t\t\t\t\t\t<div class=\"tab-content\">\n\t\t\t\t\t\t\t\t\t\t<div class=\"tab-pane active\" id=\"tabsNavigationSimple1\">\n\t\t\t\t\t\t\t\t\t\t\t<div class=\"row\">\n\t\t\t\t\t\t\t\t\t\t\t\t<div class=\"col-md-12 center\">\n\t\t\t\t\t\t\t\t\t\t\t\t\t<h4 class=\"menu-title\">STARTERS</h4>\n\t\t\t\t\t\t\t\t\t\t\t\t</div>\n\t\t\t\t\t\t\t\t\t\t\t</div>\n\t\t\t\t\t\t\t\t\t\t\t<div class=\"row\">\n\t\t\t\t\t\t\t\t\t\t\t\t<div class=\"col-md-4\">\n\t\t\t\t\t\t\t\t\t\t\t\t\t<div class=\"menu-item\">\n\t\t\t\t\t\t\t\t\t\t\t\t\t\t<span class=\"menu-item-price\">$9</span>\n\t\t\t\t\t\t\t\t\t\t\t\t\t\t<h4>Consectetur Adipiscing</h4>\n\t\t\t\t\t\t\t\t\t\t\t\t\t\t<p>Lorem, ipsum sit, amet.</p>\n\t\t\t\t\t\t\t\t\t\t\t\t\t</div>\n\t\t\t\t\t\t\t\t\t\t\t\t</div>\n\t\t\t\t\t\t\t\t\t\t\t\t<div class=\"col-md-4\">\n\t\t\t\t\t\t\t\t\t\t\t\t\t<div class=\"menu-item\">\n\t\t\t\t\t\t\t\t\t\t\t\t\t\t<span class=\"menu-item-price\">$10</span>\n\t\t\t\t\t\t\t\t\t\t\t\t\t\t<h4>Adipiscing</h4>\n\t\t\t\t\t\t\t\t\t\t\t\t\t\t<p>Lorem, dolor sit, amet.</p>\n\t\t\t\t\t\t\t\t\t\t\t\t\t</div>\n\t\t\t\t\t\t\t\t\t\t\t\t</div>\n\t\t\t\t\t\t\t\t\t\t\t\t<div class=\"col-md-4\">\n\t\t\t\t\t\t\t\t\t\t\t\t\t<div class=\"menu-item\">\n\t\t\t\t\t\t\t\t\t\t\t\t\t\t<span class=\"menu-item-price\">$12</span>\n\t\t\t\t\t\t\t\t\t\t\t\t\t\t<h4>Pulvinar Magna</h4>\n\t\t\t\t\t\t\t\t\t\t\t\t\t\t<p>Lorem, ipsum, dolor sit.</p>\n\t\t\t\t\t\t\t\t\t\t\t\t\t</div>\n\t\t\t\t\t\t\t\t\t\t\t\t</div>\n\t\t\t\t\t\t\t\t\t\t\t</div>\n\t\t\t\t\t\t\t\t\t\t\t<div class=\"row\">\n\t\t\t\t\t\t\t\t\t\t\t\t<div class=\"col-md-12 center\">\n\t\t\t\t\t\t\t\t\t\t\t\t\t<h4 class=\"menu-title\">APPETIZERS</h4>\n\t\t\t\t\t\t\t\t\t\t\t\t</div>\n\t\t\t\t\t\t\t\t\t\t\t</div>\n\t\t\t\t\t\t\t\t\t\t\t<div class=\"row\">\n\t\t\t\t\t\t\t\t\t\t\t\t<div class=\"col-md-4\">\n\t\t\t\t\t\t\t\t\t\t\t\t\t<div class=\"menu-item\">\n\t\t\t\t\t\t\t\t\t\t\t\t\t\t<span class=\"menu-item-price\">$8</span>\n\t\t\t\t\t\t\t\t\t\t\t\t\t\t<h4>Feugiat Nibh</h4>\n\t\t\t\t\t\t\t\t\t\t\t\t\t\t<p>Lorem, ipsum, dolor sit, amet.</p>\n\t\t\t\t\t\t\t\t\t\t\t\t\t</div>\n\t\t\t\t\t\t\t\t\t\t\t\t</div>\n\t\t\t\t\t\t\t\t\t\t\t\t<div class=\"col-md-4\">\n\t\t\t\t\t\t\t\t\t\t\t\t\t<div class=\"menu-item\">\n\t\t\t\t\t\t\t\t\t\t\t\t\t\t<span class=\"menu-item-price\">$9</span>\n\t\t\t\t\t\t\t\t\t\t\t\t\t\t<h4>Feugiat</h4>\n\t\t\t\t\t\t\t\t\t\t\t\t\t\t<p>Lorem, ipsum, dolor sit, amet.</p>\n\t\t\t\t\t\t\t\t\t\t\t\t\t</div>\n\t\t\t\t\t\t\t\t\t\t\t\t</div>\n\t\t\t\t\t\t\t\t\t\t\t\t<div class=\"col-md-4\">\n\t\t\t\t\t\t\t\t\t\t\t\t\t<div class=\"menu-item\">\n\t\t\t\t\t\t\t\t\t\t\t\t\t\t<span class=\"menu-item-price\">$12</span>\n\t\t\t\t\t\t\t\t\t\t\t\t\t\t<h4>Nibh</h4>\n\t\t\t\t\t\t\t\t\t\t\t\t\t\t<p>Lorem, ipsum, dolor sit, amet.</p>\n\t\t\t\t\t\t\t\t\t\t\t\t\t</div>\n\t\t\t\t\t\t\t\t\t\t\t\t</div>\n\t\t\t\t\t\t\t\t\t\t\t</div>\n\t\t\t\t\t\t\t\t\t\t\t<div class=\"row\">\n\t\t\t\t\t\t\t\t\t\t\t\t<div class=\"col-md-12 center\">\n\t\t\t\t\t\t\t\t\t\t\t\t\t<h4 class=\"menu-title\">MAINS</h4>\n\t\t\t\t\t\t\t\t\t\t\t\t</div>\n\t\t\t\t\t\t\t\t\t\t\t</div>\n\t\t\t\t\t\t\t\t\t\t\t<div class=\"row\">\n\t\t\t\t\t\t\t\t\t\t\t\t<div class=\"col-md-4\">\n\t\t\t\t\t\t\t\t\t\t\t\t\t<div class=\"menu-item\">\n\t\t\t\t\t\t\t\t\t\t\t\t\t\t<span class=\"menu-item-price\">$18</span>\n\t\t\t\t\t\t\t\t\t\t\t\t\t\t<h4>Vestibulum</h4>\n\t\t\t\t\t\t\t\t\t\t\t\t\t\t<p>Ipsum, dolor sit, amet.</p>\n\t\t\t\t\t\t\t\t\t\t\t\t\t</div>\n\t\t\t\t\t\t\t\t\t\t\t\t</div>\n\t\t\t\t\t\t\t\t\t\t\t\t<div class=\"col-md-4\">\n\t\t\t\t\t\t\t\t\t\t\t\t\t<div class=\"menu-item\">\n\t\t\t\t\t\t\t\t\t\t\t\t\t\t<span class=\"menu-item-price\">$20</span>\n\t\t\t\t\t\t\t\t\t\t\t\t\t\t<h4>Curabitur Pellentesque</h4>\n\t\t\t\t\t\t\t\t\t\t\t\t\t\t<p>Lorem, ipsum sit, amet.</p>\n\t\t\t\t\t\t\t\t\t\t\t\t\t</div>\n\t\t\t\t\t\t\t\t\t\t\t\t</div>\n\t\t\t\t\t\t\t\t\t\t\t\t<div class=\"col-md-4\">\n\t\t\t\t\t\t\t\t\t\t\t\t\t<div class=\"menu-item\">\n\t\t\t\t\t\t\t\t\t\t\t\t\t\t<span class=\"menu-item-price\">$23</span>\n\t\t\t\t\t\t\t\t\t\t\t\t\t\t<h4>Pellentesque</h4>\n\t\t\t\t\t\t\t\t\t\t\t\t\t\t<p>Lorem, dolor sit, amet.</p>\n\t\t\t\t\t\t\t\t\t\t\t\t\t</div>\n\t\t\t\t\t\t\t\t\t\t\t\t</div>\n\t\t\t\t\t\t\t\t\t\t\t</div>\n\t\t\t\t\t\t\t\t\t\t\t<div class=\"row\">\n\t\t\t\t\t\t\t\t\t\t\t\t<div class=\"col-md-12 center\">\n\t\t\t\t\t\t\t\t\t\t\t\t\t<h4 class=\"menu-title\">DESSERT</h4>\n\t\t\t\t\t\t\t\t\t\t\t\t</div>\n\t\t\t\t\t\t\t\t\t\t\t</div>\n\t\t\t\t\t\t\t\t\t\t\t<div class=\"row\">\n\t\t\t\t\t\t\t\t\t\t\t\t<div class=\"col-md-4\">\n\t\t\t\t\t\t\t\t\t\t\t\t\t<div class=\"menu-item\">\n\t\t\t\t\t\t\t\t\t\t\t\t\t\t<span class=\"menu-item-price\">$9</span>\n\t\t\t\t\t\t\t\t\t\t\t\t\t\t<h4>Sit Folor</h4>\n\t\t\t\t\t\t\t\t\t\t\t\t\t\t<p>Folor sit, amet.</p>\n\t\t\t\t\t\t\t\t\t\t\t\t\t</div>\n\t\t\t\t\t\t\t\t\t\t\t\t</div>\n\t\t\t\t\t\t\t\t\t\t\t\t<div class=\"col-md-4\">\n\t\t\t\t\t\t\t\t\t\t\t\t\t<div class=\"menu-item\">\n\t\t\t\t\t\t\t\t\t\t\t\t\t\t<span class=\"menu-item-price\">$10</span>\n\t\t\t\t\t\t\t\t\t\t\t\t\t\t<h4>Color</h4>\n\t\t\t\t\t\t\t\t\t\t\t\t\t\t<p>Color sit, amet.</p>\n\t\t\t\t\t\t\t\t\t\t\t\t\t</div>\n\t\t\t\t\t\t\t\t\t\t\t\t</div>\n\t\t\t\t\t\t\t\t\t\t\t\t<div class=\"col-md-4\">\n\t\t\t\t\t\t\t\t\t\t\t\t\t<div class=\"menu-item\">\n\t\t\t\t\t\t\t\t\t\t\t\t\t\t<span class=\"menu-item-price\">$12</span>\n\t\t\t\t\t\t\t\t\t\t\t\t\t\t<h4>Light Amet</h4>\n\t\t\t\t\t\t\t\t\t\t\t\t\t\t<p>Amet.</p>\n\t\t\t\t\t\t\t\t\t\t\t\t\t</div>\n\t\t\t\t\t\t\t\t\t\t\t\t</div>\n\t\t\t\t\t\t\t\t\t\t\t</div>\n\t\t\t\t\t\t\t\t\t\t</div>\n\t\t\t\t\t\t\t\t\t\t<div class=\"tab-pane\" id=\"tabsNavigationSimple2\">\n\t\t\t\t\t\t\t\t\t\t\t<div class=\"row\">\n\t\t\t\t\t\t\t\t\t\t\t\t<div class=\"col-md-12 center\">\n\t\t\t\t\t\t\t\t\t\t\t\t\t<h4 class=\"menu-title\">STARTERS</h4>\n\t\t\t\t\t\t\t\t\t\t\t\t</div>\n\t\t\t\t\t\t\t\t\t\t\t</div>\n\t\t\t\t\t\t\t\t\t\t\t<div class=\"row\">\n\t\t\t\t\t\t\t\t\t\t\t\t<div class=\"col-md-4\">\n\t\t\t\t\t\t\t\t\t\t\t\t\t<div class=\"menu-item\">\n\t\t\t\t\t\t\t\t\t\t\t\t\t\t<span class=\"menu-item-price\">$5</span>\n\t\t\t\t\t\t\t\t\t\t\t\t\t\t<h4>Lorem Ipsum</h4>\n\t\t\t\t\t\t\t\t\t\t\t\t\t\t<p>Lorem, ipsum, dolor sit, amet.</p>\n\t\t\t\t\t\t\t\t\t\t\t\t\t</div>\n\t\t\t\t\t\t\t\t\t\t\t\t</div>\n\t\t\t\t\t\t\t\t\t\t\t\t<div class=\"col-md-4\">\n\t\t\t\t\t\t\t\t\t\t\t\t\t<div class=\"menu-item\">\n\t\t\t\t\t\t\t\t\t\t\t\t\t\t<span class=\"menu-item-price\">$7</span>\n\t\t\t\t\t\t\t\t\t\t\t\t\t\t<h4>Dolor Sit</h4>\n\t\t\t\t\t\t\t\t\t\t\t\t\t\t<p>Lorem, ipsum, dolor sit.</p>\n\t\t\t\t\t\t\t\t\t\t\t\t\t</div>\n\t\t\t\t\t\t\t\t\t\t\t\t</div>\n\t\t\t\t\t\t\t\t\t\t\t\t<div class=\"col-md-4\">\n\t\t\t\t\t\t\t\t\t\t\t\t\t<div class=\"menu-item\">\n\t\t\t\t\t\t\t\t\t\t\t\t\t\t<span class=\"menu-item-price\">$8</span>\n\t\t\t\t\t\t\t\t\t\t\t\t\t\t<h4>Amet</h4>\n\t\t\t\t\t\t\t\t\t\t\t\t\t\t<p>Lorem, ipsum sit, amet.</p>\n\t\t\t\t\t\t\t\t\t\t\t\t\t</div>\n\t\t\t\t\t\t\t\t\t\t\t\t</div>\n\t\t\t\t\t\t\t\t\t\t\t</div>\n\t\t\t\t\t\t\t\t\t\t\t<div class=\"row\">\n\t\t\t\t\t\t\t\t\t\t\t\t<div class=\"col-md-4\">\n\t\t\t\t\t\t\t\t\t\t\t\t\t<div class=\"menu-item\">\n\t\t\t\t\t\t\t\t\t\t\t\t\t\t<span class=\"menu-item-price\">$9</span>\n\t\t\t\t\t\t\t\t\t\t\t\t\t\t<h4>Consectetur Adipiscing</h4>\n\t\t\t\t\t\t\t\t\t\t\t\t\t\t<p>Lorem, ipsum sit, amet.</p>\n\t\t\t\t\t\t\t\t\t\t\t\t\t</div>\n\t\t\t\t\t\t\t\t\t\t\t\t</div>\n\t\t\t\t\t\t\t\t\t\t\t\t<div class=\"col-md-4\">\n\t\t\t\t\t\t\t\t\t\t\t\t\t<div class=\"menu-item\">\n\t\t\t\t\t\t\t\t\t\t\t\t\t\t<span class=\"menu-item-price\">$10</span>\n\t\t\t\t\t\t\t\t\t\t\t\t\t\t<h4>Adipiscing</h4>\n\t\t\t\t\t\t\t\t\t\t\t\t\t\t<p>Lorem, dolor sit, amet.</p>\n\t\t\t\t\t\t\t\t\t\t\t\t\t</div>\n\t\t\t\t\t\t\t\t\t\t\t\t</div>\n\t\t\t\t\t\t\t\t\t\t\t\t<div class=\"col-md-4\">\n\t\t\t\t\t\t\t\t\t\t\t\t\t<div class=\"menu-item\">\n\t\t\t\t\t\t\t\t\t\t\t\t\t\t<span class=\"menu-item-price\">$12</span>\n\t\t\t\t\t\t\t\t\t\t\t\t\t\t<h4>Pulvinar Magna</h4>\n\t\t\t\t\t\t\t\t\t\t\t\t\t\t<p>Lorem, ipsum, dolor sit.</p>\n\t\t\t\t\t\t\t\t\t\t\t\t\t</div>\n\t\t\t\t\t\t\t\t\t\t\t\t</div>\n\t\t\t\t\t\t\t\t\t\t\t</div>\n\t\t\t\t\t\t\t\t\t\t\t<div class=\"row\">\n\t\t\t\t\t\t\t\t\t\t\t\t<div class=\"col-md-12 center\">\n\t\t\t\t\t\t\t\t\t\t\t\t\t<h4 class=\"menu-title\">APPETIZERS</h4>\n\t\t\t\t\t\t\t\t\t\t\t\t</div>\n\t\t\t\t\t\t\t\t\t\t\t</div>\n\t\t\t\t\t\t\t\t\t\t\t<div class=\"row\">\n\t\t\t\t\t\t\t\t\t\t\t\t<div class=\"col-md-4\">\n\t\t\t\t\t\t\t\t\t\t\t\t\t<div class=\"menu-item\">\n\t\t\t\t\t\t\t\t\t\t\t\t\t\t<span class=\"menu-item-price\">$8</span>\n\t\t\t\t\t\t\t\t\t\t\t\t\t\t<h4>Feugiat Nibh</h4>\n\t\t\t\t\t\t\t\t\t\t\t\t\t\t<p>Lorem, ipsum, dolor sit, amet.</p>\n\t\t\t\t\t\t\t\t\t\t\t\t\t</div>\n\t\t\t\t\t\t\t\t\t\t\t\t</div>\n\t\t\t\t\t\t\t\t\t\t\t\t<div class=\"col-md-4\">\n\t\t\t\t\t\t\t\t\t\t\t\t\t<div class=\"menu-item\">\n\t\t\t\t\t\t\t\t\t\t\t\t\t\t<span class=\"menu-item-price\">$9</span>\n\t\t\t\t\t\t\t\t\t\t\t\t\t\t<h4>Feugiat</h4>\n\t\t\t\t\t\t\t\t\t\t\t\t\t\t<p>Lorem, ipsum, dolor sit, amet.</p>\n\t\t\t\t\t\t\t\t\t\t\t\t\t</div>\n\t\t\t\t\t\t\t\t\t\t\t\t</div>\n\t\t\t\t\t\t\t\t\t\t\t\t<div class=\"col-md-4\">\n\t\t\t\t\t\t\t\t\t\t\t\t\t<div class=\"menu-item\">\n\t\t\t\t\t\t\t\t\t\t\t\t\t\t<span class=\"menu-item-price\">$12</span>\n\t\t\t\t\t\t\t\t\t\t\t\t\t\t<h4>Nibh</h4>\n\t\t\t\t\t\t\t\t\t\t\t\t\t\t<p>Lorem, ipsum, dolor sit, amet.</p>\n\t\t\t\t\t\t\t\t\t\t\t\t\t</div>\n\t\t\t\t\t\t\t\t\t\t\t\t</div>\n\t\t\t\t\t\t\t\t\t\t\t</div>\n\t\t\t\t\t\t\t\t\t\t\t<div class=\"row\">\n\t\t\t\t\t\t\t\t\t\t\t\t<div class=\"col-md-12 center\">\n\t\t\t\t\t\t\t\t\t\t\t\t\t<h4 class=\"menu-title\">ENTREES</h4>\n\t\t\t\t\t\t\t\t\t\t\t\t</div>\n\t\t\t\t\t\t\t\t\t\t\t</div>\n\t\t\t\t\t\t\t\t\t\t\t<div class=\"row\">\n\t\t\t\t\t\t\t\t\t\t\t\t<div class=\"col-md-4\">\n\t\t\t\t\t\t\t\t\t\t\t\t\t<div class=\"menu-item\">\n\t\t\t\t\t\t\t\t\t\t\t\t\t\t<span class=\"menu-item-price\">$18</span>\n\t\t\t\t\t\t\t\t\t\t\t\t\t\t<h4>Vestibulum</h4>\n\t\t\t\t\t\t\t\t\t\t\t\t\t\t<p>Ipsum, dolor sit, amet.</p>\n\t\t\t\t\t\t\t\t\t\t\t\t\t</div>\n\t\t\t\t\t\t\t\t\t\t\t\t</div>\n\t\t\t\t\t\t\t\t\t\t\t\t<div class=\"col-md-4\">\n\t\t\t\t\t\t\t\t\t\t\t\t\t<div class=\"menu-item\">\n\t\t\t\t\t\t\t\t\t\t\t\t\t\t<span class=\"menu-item-price\">$20</span>\n\t\t\t\t\t\t\t\t\t\t\t\t\t\t<h4>Curabitur Pellentesque</h4>\n\t\t\t\t\t\t\t\t\t\t\t\t\t\t<p>Lorem, ipsum sit, amet.</p>\n\t\t\t\t\t\t\t\t\t\t\t\t\t</div>\n\t\t\t\t\t\t\t\t\t\t\t\t</div>\n\t\t\t\t\t\t\t\t\t\t\t\t<div class=\"col-md-4\">\n\t\t\t\t\t\t\t\t\t\t\t\t\t<div class=\"menu-item\">\n\t\t\t\t\t\t\t\t\t\t\t\t\t\t<span class=\"menu-item-price\">$23</span>\n\t\t\t\t\t\t\t\t\t\t\t\t\t\t<h4>Pellentesque</h4>\n\t\t\t\t\t\t\t\t\t\t\t\t\t\t<p>Lorem, dolor sit, amet.</p>\n\t\t\t\t\t\t\t\t\t\t\t\t\t</div>\n\t\t\t\t\t\t\t\t\t\t\t\t</div>\n\t\t\t\t\t\t\t\t\t\t\t</div>\n\t\t\t\t\t\t\t\t\t\t\t<div class=\"row\">\n\t\t\t\t\t\t\t\t\t\t\t\t<div class=\"col-md-12 center\">\n\t\t\t\t\t\t\t\t\t\t\t\t\t<h4 class=\"menu-title\">DESSERT</h4>\n\t\t\t\t\t\t\t\t\t\t\t\t</div>\n\t\t\t\t\t\t\t\t\t\t\t</div>\n\t\t\t\t\t\t\t\t\t\t\t<div class=\"row\">\n\t\t\t\t\t\t\t\t\t\t\t\t<div class=\"col-md-4\">\n\t\t\t\t\t\t\t\t\t\t\t\t\t<div class=\"menu-item\">\n\t\t\t\t\t\t\t\t\t\t\t\t\t\t<span class=\"menu-item-price\">$9</span>\n\t\t\t\t\t\t\t\t\t\t\t\t\t\t<h4>Sit Folor</h4>\n\t\t\t\t\t\t\t\t\t\t\t\t\t\t<p>Folor sit, amet.</p>\n\t\t\t\t\t\t\t\t\t\t\t\t\t</div>\n\t\t\t\t\t\t\t\t\t\t\t\t</div>\n\t\t\t\t\t\t\t\t\t\t\t\t<div class=\"col-md-4\">\n\t\t\t\t\t\t\t\t\t\t\t\t\t<div class=\"menu-item\">\n\t\t\t\t\t\t\t\t\t\t\t\t\t\t<span class=\"menu-item-price\">$10</span>\n\t\t\t\t\t\t\t\t\t\t\t\t\t\t<h4>Color</h4>\n\t\t\t\t\t\t\t\t\t\t\t\t\t\t<p>Color sit, amet.</p>\n\t\t\t\t\t\t\t\t\t\t\t\t\t</div>\n\t\t\t\t\t\t\t\t\t\t\t\t</div>\n\t\t\t\t\t\t\t\t\t\t\t\t<div class=\"col-md-4\">\n\t\t\t\t\t\t\t\t\t\t\t\t\t<div class=\"menu-item\">\n\t\t\t\t\t\t\t\t\t\t\t\t\t\t<span class=\"menu-item-price\">$12</span>\n\t\t\t\t\t\t\t\t\t\t\t\t\t\t<h4>Light Amet</h4>\n\t\t\t\t\t\t\t\t\t\t\t\t\t\t<p>Amet.</p>\n\t\t\t\t\t\t\t\t\t\t\t\t\t</div>\n\t\t\t\t\t\t\t\t\t\t\t\t</div>\n\t\t\t\t\t\t\t\t\t\t\t</div>\n\t\t\t\t\t\t\t\t\t\t</div>\n\t\t\t\t\t\t\t\t\t\t<div class=\"tab-pane\" id=\"tabsNavigationSimple3\">\n\t\t\t\t\t\t\t\t\t\t\t<div class=\"row\">\n\t\t\t\t\t\t\t\t\t\t\t\t<div class=\"col-md-12 center\">\n\t\t\t\t\t\t\t\t\t\t\t\t\t<h4 class=\"menu-title\">COCKTAILS</h4>\n\t\t\t\t\t\t\t\t\t\t\t\t</div>\n\t\t\t\t\t\t\t\t\t\t\t</div>\n\t\t\t\t\t\t\t\t\t\t\t<div class=\"row\">\n\t\t\t\t\t\t\t\t\t\t\t\t<div class=\"col-md-4\">\n\t\t\t\t\t\t\t\t\t\t\t\t\t<div class=\"menu-item\">\n\t\t\t\t\t\t\t\t\t\t\t\t\t\t<span class=\"menu-item-price\">$9</span>\n\t\t\t\t\t\t\t\t\t\t\t\t\t\t<h4>Consectetur Adipiscing</h4>\n\t\t\t\t\t\t\t\t\t\t\t\t\t\t<p>Lorem, ipsum sit, amet.</p>\n\t\t\t\t\t\t\t\t\t\t\t\t\t</div>\n\t\t\t\t\t\t\t\t\t\t\t\t</div>\n\t\t\t\t\t\t\t\t\t\t\t\t<div class=\"col-md-4\">\n\t\t\t\t\t\t\t\t\t\t\t\t\t<div class=\"menu-item\">\n\t\t\t\t\t\t\t\t\t\t\t\t\t\t<span class=\"menu-item-price\">$10</span>\n\t\t\t\t\t\t\t\t\t\t\t\t\t\t<h4>Adipiscing</h4>\n\t\t\t\t\t\t\t\t\t\t\t\t\t\t<p>Lorem, dolor sit, amet.</p>\n\t\t\t\t\t\t\t\t\t\t\t\t\t</div>\n\t\t\t\t\t\t\t\t\t\t\t\t</div>\n\t\t\t\t\t\t\t\t\t\t\t\t<div class=\"col-md-4\">\n\t\t\t\t\t\t\t\t\t\t\t\t\t<div class=\"menu-item\">\n\t\t\t\t\t\t\t\t\t\t\t\t\t\t<span class=\"menu-item-price\">$12</span>\n\t\t\t\t\t\t\t\t\t\t\t\t\t\t<h4>Pulvinar Magna</h4>\n\t\t\t\t\t\t\t\t\t\t\t\t\t\t<p>Lorem, ipsum, dolor sit.</p>\n\t\t\t\t\t\t\t\t\t\t\t\t\t</div>\n\t\t\t\t\t\t\t\t\t\t\t\t</div>\n\t\t\t\t\t\t\t\t\t\t\t</div>\n\t\t\t\t\t\t\t\t\t\t\t<div class=\"row\">\n\t\t\t\t\t\t\t\t\t\t\t\t<div class=\"col-md-12 center\">\n\t\t\t\t\t\t\t\t\t\t\t\t\t<h4 class=\"menu-title\">BEER</h4>\n\t\t\t\t\t\t\t\t\t\t\t\t</div>\n\t\t\t\t\t\t\t\t\t\t\t</div>\n\t\t\t\t\t\t\t\t\t\t\t<div class=\"row\">\n\t\t\t\t\t\t\t\t\t\t\t\t<div class=\"col-md-4\">\n\t\t\t\t\t\t\t\t\t\t\t\t\t<div class=\"menu-item\">\n\t\t\t\t\t\t\t\t\t\t\t\t\t\t<span class=\"menu-item-price\">$8</span>\n\t\t\t\t\t\t\t\t\t\t\t\t\t\t<h4>Feugiat Nibh</h4>\n\t\t\t\t\t\t\t\t\t\t\t\t\t\t<p>Lorem, ipsum, dolor sit, amet.</p>\n\t\t\t\t\t\t\t\t\t\t\t\t\t</div>\n\t\t\t\t\t\t\t\t\t\t\t\t</div>\n\t\t\t\t\t\t\t\t\t\t\t\t<div class=\"col-md-4\">\n\t\t\t\t\t\t\t\t\t\t\t\t\t<div class=\"menu-item\">\n\t\t\t\t\t\t\t\t\t\t\t\t\t\t<span class=\"menu-item-price\">$9</span>\n\t\t\t\t\t\t\t\t\t\t\t\t\t\t<h4>Feugiat</h4>\n\t\t\t\t\t\t\t\t\t\t\t\t\t\t<p>Lorem, ipsum, dolor sit, amet.</p>\n\t\t\t\t\t\t\t\t\t\t\t\t\t</div>\n\t\t\t\t\t\t\t\t\t\t\t\t</div>\n\t\t\t\t\t\t\t\t\t\t\t\t<div class=\"col-md-4\">\n\t\t\t\t\t\t\t\t\t\t\t\t\t<div class=\"menu-item\">\n\t\t\t\t\t\t\t\t\t\t\t\t\t\t<span class=\"menu-item-price\">$12</span>\n\t\t\t\t\t\t\t\t\t\t\t\t\t\t<h4>Nibh</h4>\n\t\t\t\t\t\t\t\t\t\t\t\t\t\t<p>Lorem, ipsum, dolor sit, amet.</p>\n\t\t\t\t\t\t\t\t\t\t\t\t\t</div>\n\t\t\t\t\t\t\t\t\t\t\t\t</div>\n\t\t\t\t\t\t\t\t\t\t\t</div>\n\t\t\t\t\t\t\t\t\t\t\t<div class=\"row\">\n\t\t\t\t\t\t\t\t\t\t\t\t<div class=\"col-md-12 center\">\n\t\t\t\t\t\t\t\t\t\t\t\t\t<h4 class=\"menu-title\">WINE</h4>\n\t\t\t\t\t\t\t\t\t\t\t\t</div>\n\t\t\t\t\t\t\t\t\t\t\t</div>\n\t\t\t\t\t\t\t\t\t\t\t<div class=\"row\">\n\t\t\t\t\t\t\t\t\t\t\t\t<div class=\"col-md-4\">\n\t\t\t\t\t\t\t\t\t\t\t\t\t<div class=\"menu-item\">\n\t\t\t\t\t\t\t\t\t\t\t\t\t\t<span class=\"menu-item-price\">$8</span>\n\t\t\t\t\t\t\t\t\t\t\t\t\t\t<h4>Feugiat Nibh</h4>\n\t\t\t\t\t\t\t\t\t\t\t\t\t\t<p>Lorem, ipsum, dolor sit, amet.</p>\n\t\t\t\t\t\t\t\t\t\t\t\t\t</div>\n\t\t\t\t\t\t\t\t\t\t\t\t</div>\n\t\t\t\t\t\t\t\t\t\t\t\t<div class=\"col-md-4\">\n\t\t\t\t\t\t\t\t\t\t\t\t\t<div class=\"menu-item\">\n\t\t\t\t\t\t\t\t\t\t\t\t\t\t<span class=\"menu-item-price\">$9</span>\n\t\t\t\t\t\t\t\t\t\t\t\t\t\t<h4>Feugiat</h4>\n\t\t\t\t\t\t\t\t\t\t\t\t\t\t<p>Lorem, ipsum, dolor sit, amet.</p>\n\t\t\t\t\t\t\t\t\t\t\t\t\t</div>\n\t\t\t\t\t\t\t\t\t\t\t\t</div>\n\t\t\t\t\t\t\t\t\t\t\t\t<div class=\"col-md-4\">\n\t\t\t\t\t\t\t\t\t\t\t\t\t<div class=\"menu-item\">\n\t\t\t\t\t\t\t\t\t\t\t\t\t\t<span class=\"menu-item-price\">$12</span>\n\t\t\t\t\t\t\t\t\t\t\t\t\t\t<h4>Nibh</h4>\n\t\t\t\t\t\t\t\t\t\t\t\t\t\t<p>Lorem, ipsum, dolor sit, amet.</p>\n\t\t\t\t\t\t\t\t\t\t\t\t\t</div>\n\t\t\t\t\t\t\t\t\t\t\t\t</div>\n\t\t\t\t\t\t\t\t\t\t\t</div>\n\t\t\t\t\t\t\t\t\t\t</div>\n\t\t\t\t\t\t\t\t\t</div>\n\t\t\t\t\t\t\t\t</div>","class":"","global_text_color":"","global_link_color":"","global_link_hover_color":"","global_use_background":"0","global_background_color":"","global_background_image":"","global_background_repeat":"no-repeat","global_background_size":"cover","global_background_attachment":"inherit","global_user_border":"0","global_border_width":"","global_border_color":"","global_boder_style":"none","global_border_radius":"","global_margin":"","global_padding":"","global_use_animation":"0","global_animation":"","global_animationduration":"300","global_animationdelay":"0","hidden_md":"0","hidden_sm":"0","hidden_xs":"0","acl":null}}]}]},{"id":1481893404858,"visibility":true,"collapse":false,"settings":{"padding":"50px 0px 50px 0px","margin":"0px 0px 0px 0px"},"layout":"12","columns":[{"id":1481870895017,"class_name":"col-md-12","visibility":true,"settings":{},"addons":[{"id":1481870895020,"name":"raw_html","visibility":true,"settings":{"admin_label":"","title":"","heading_selector":"h3","title_fontsize":"","title_lineheight":"","title_fontstyle":null,"title_letterspace":"0","title_fontweight":"","title_text_color":"","title_margin_top":"","title_margin_bottom":"","html":"<div class=\"col-md-12 center\">\n\t\t\t\t\t\t\t\t<h4 class=\"mt-lg mb-sm\">\nSpecial\n<strong>Menu</strong>\n</h4>\n\t\t\t\t\t\t\t\t<p>Lorem ipsum dolor sit amet, consectetur adipiscing elit. Donec eu pulvinar magna.<br>Lorem ipsum dolor sit amet, consectetur adipiscing elit...</p>\n\n\t\t\t\t\t\t\t\t<hr class=\"custom-divider\">\n\n\t\t\t\t\t\t\t\t\n\t\t\t\t\t\t\t</div>","class":"","global_text_color":"","global_link_color":"","global_link_hover_color":"","global_use_background":"0","global_background_color":"","global_background_image":"","global_background_repeat":"no-repeat","global_background_size":"cover","global_background_attachment":"inherit","global_user_border":"0","global_border_width":"","global_border_color":"","global_boder_style":"none","global_border_radius":"","global_margin":"","global_padding":"","global_use_animation":"0","global_animation":"","global_animationduration":"300","global_animationdelay":"0","hidden_md":"0","hidden_sm":"0","hidden_xs":"0","acl":null}}]}]},{"id":1481893404852,"visibility":true,"collapse":false,"settings":{"admin_label":"","title":"","heading_selector":"h3","title_fontsize":"","title_fontweight":"","title_text_color":"","title_margin_top":"","title_margin_bottom":"","subtitle":"","subtitle_fontsize":"","title_position":"sppb-text-center","columns_equal_height":"0","fullscreen":"0","no_gutter":"0","id":"","class":"","padding":"0px 0px 50px 0px","margin":"0px 0px 0px 0px","color":"","background_color":"","background_image":"images/joomlabuff/restaurant/background-restaurant.png","overlay":"","background_repeat":"no-repeat","background_size":"inherit","background_attachment":"inherit","background_position":"50% 100%","background_video":"0","background_video_mp4":"","background_video_ogv":"","hidden_xs":"","hidden_sm":"","hidden_md":"","animation":"","animationduration":"300","animationdelay":"0"},"layout":"12","columns":[{"id":1481870895055,"class_name":"col-md-12","visibility":true,"settings":{},"addons":[{"id":1481870895058,"name":"raw_html","visibility":true,"settings":{"admin_label":"","title":"","heading_selector":"h3","title_fontsize":"","title_lineheight":"","title_fontstyle":null,"title_letterspace":"0","title_fontweight":"","title_text_color":"","title_margin_top":"","title_margin_bottom":"","html":"<ul class=\"special-menu pb-xlg\">\n\t\t\t\t\t\t\t\t\t<li>\n\t\t\t\t\t\t\t\t\t\t<img src=\"images/joomlabuff/products/product-14.jpg\" class=\"img-responsive\" alt=\"\">\n\t\t\t\t\t\t\t\t\t\t<h3>Monday <em>Special</em></h3>\n\t\t\t\t\t\t\t\t\t\t<p><span>Lorem ipsum dolor sit amet, consectetur adipiscing elit. Donec eu pulvinar magna.</span></p>\n\t\t\t\t\t\t\t\t\t\t<strong class=\"special-menu-price text-color-dark\">$29</strong>\n\t\t\t\t\t\t\t\t\t</li>\n\t\t\t\t\t\t\t\t\t<li>\n\t\t\t\t\t\t\t\t\t\t<img src=\"images/joomlabuff/products/product-15.jpg\" class=\"img-responsive\" alt=\"\">\n\t\t\t\t\t\t\t\t\t\t<h3>Tuesday <em>Special</em></h3>\n\t\t\t\t\t\t\t\t\t\t<p><span>Lorem ipsum dolor sit amet. Donec eu pulvinar magna.</span></p>\n\t\t\t\t\t\t\t\t\t\t<strong class=\"special-menu-price text-color-dark\">$39</strong>\n\t\t\t\t\t\t\t\t\t</li>\n\t\t\t\t\t\t\t\t\t<li>\n\t\t\t\t\t\t\t\t\t\t<img src=\"images/joomlabuff/products/product-16.jpg\" class=\"img-responsive\" alt=\"\">\n\t\t\t\t\t\t\t\t\t\t<h3>Wednesday <em>Special</em></h3>\n\t\t\t\t\t\t\t\t\t\t<p><span>Lorem ipsum dolor sit amet.</span></p>\n\t\t\t\t\t\t\t\t\t\t<strong class=\"special-menu-price text-color-dark\">$24</strong>\n\t\t\t\t\t\t\t\t\t</li>\n\t\t\t\t\t\t\t\t\t<li>\n\t\t\t\t\t\t\t\t\t\t<img src=\"images/joomlabuff/products/product-17.jpg\" class=\"img-responsive\" alt=\"\">\n\t\t\t\t\t\t\t\t\t\t<h3>Thursday <em>Special</em></h3>\n\t\t\t\t\t\t\t\t\t\t<p><span>Lorem ipsum dolor sit amet magna.</span></p>\n\t\t\t\t\t\t\t\t\t\t<strong class=\"special-menu-price text-color-dark\">$39</strong>\n\t\t\t\t\t\t\t\t\t</li>\n\t\t\t\t\t\t\t\t\t<li>\n\t\t\t\t\t\t\t\t\t\t<img src=\"images/joomlabuff/products/product-18.jpg\" class=\"img-responsive\" alt=\"\">\n\t\t\t\t\t\t\t\t\t\t<h3>Friday <em>Special</em></h3>\n\t\t\t\t\t\t\t\t\t\t<p><span>Lorem ipsum dolor sit amet adipiscing elit. Donec eu pulvinar magna.</span></p>\n\t\t\t\t\t\t\t\t\t\t<strong class=\"special-menu-price text-color-dark\">$59</strong>\n\t\t\t\t\t\t\t\t\t</li>\n\t\t\t\t\t\t\t\t</ul>\n<div class=\"row mb-xlg mt-xl\">\n\t\t\t\t\t\t\t<div class=\"col-md-12 center\">\n\t\t\t\t\t\t\t\t<a href=\"demo-restaurant-menu.html\" class=\"btn btn-primary btn-lg mt-xlg mb-xlg\">Full Menu</a>\n\t\t\t\t\t\t\t</div>\n\t\t\t\t\t\t</div>","class":"","global_text_color":"","global_link_color":"","global_link_hover_color":"","global_use_background":"0","global_background_color":"","global_background_image":"","global_background_repeat":"no-repeat","global_background_size":"cover","global_background_attachment":"inherit","global_user_border":"0","global_border_width":"","global_border_color":"","global_boder_style":"none","global_border_radius":"","global_margin":"","global_padding":"","global_use_animation":"0","global_animation":"","global_animationduration":"300","global_animationdelay":"0","hidden_md":"0","hidden_sm":"0","hidden_xs":"0","acl":null}}]}]},{"id":1481893404855,"visibility":true,"collapse":false,"settings":{"admin_label":"","title":"","heading_selector":"h3","title_fontsize":"","title_fontweight":"","title_text_color":"","title_margin_top":"","title_margin_bottom":"","subtitle":"","subtitle_fontsize":"","title_position":"sppb-text-center","columns_equal_height":"0","fullscreen":"1","no_gutter":"1","id":"","class":"","padding":"0px 0px 0px 0px","margin":"0px 0px 0px 0px","color":"","background_color":"","background_image":"","overlay":"","background_repeat":"no-repeat","background_size":"cover","background_attachment":"fixed","background_position":"0 0","background_video":"0","background_video_mp4":"","background_video_ogv":"","hidden_xs":"","hidden_sm":"","hidden_md":"","animation":"","animationduration":"300","animationdelay":"0"},"layout":"12","columns":[{"id":1481870895064,"class_name":"col-md-12","visibility":true,"settings":{},"addons":[{"id":1481870895067,"name":"raw_html","visibility":true,"settings":{"admin_label":"social icons","title":"","heading_selector":"h3","title_fontsize":"","title_lineheight":"","title_fontstyle":null,"title_letterspace":"0","title_fontweight":"","title_text_color":"","title_margin_top":"","title_margin_bottom":"","html":"<div class=\"col-md-12 center\">\n\t\t\t\t\t\t\t<ul class=\"social-icons\">\n\t\t\t\t\t\t\t\t<li class=\"social-icons-instagram\"><a href=\"http://www.instagram.com/\" target=\"_blank\" title=\"Instagram\"><i class=\"fa fa-instagram\"></i></a></li>\n\t\t\t\t\t\t\t\t<li class=\"social-icons-facebook\"><a href=\"http://www.facebook.com/\" target=\"_blank\" title=\"Facebook\"><i class=\"fa fa-facebook\"></i></a></li>\n\t\t\t\t\t\t\t\t<li class=\"social-icons-twitter\"><a href=\"http://www.twitter.com/\" target=\"_blank\" title=\"Twitter\"><i class=\"fa fa-twitter\"></i></a></li>\n\t\t\t\t\t\t\t\t<li class=\"social-icons-googleplus\"><a href=\"http://www.google.com/\" target=\"_blank\" title=\"Google Plus\"><i class=\"fa fa-google-plus\"></i></a></li>\n\t\t\t\t\t\t\t\t<li class=\"social-icons-linkedin\"><a href=\"http://www.linkedin.com/\" target=\"_blank\" title=\"Linkedin\"><i class=\"fa fa-linkedin\"></i></a></li>\n\t\t\t\t\t\t\t</ul>\n\t\t\t\t\t\t</div>","class":"","global_text_color":"","global_link_color":"","global_link_hover_color":"","global_use_background":"1","global_background_color":"rgba(52, 66, 87, 1)","global_background_image":"","global_background_repeat":"no-repeat","global_background_size":"cover","global_background_attachment":"inherit","global_user_border":"0","global_border_width":"","global_border_color":"","global_boder_style":"none","global_border_radius":"","global_margin":"","global_padding":"50px 0 50px 0","global_use_animation":"0","global_animation":"","global_animationduration":"300","global_animationdelay":"0","hidden_md":"0","hidden_sm":"0","hidden_xs":"0","acl":null}}]}]}]