[{"id":1481895742643,"visibility":true,"collapse":false,"settings":{"admin_label":"","title":"","heading_selector":"h3","title_fontsize":"","title_fontweight":"","title_text_color":"","title_margin_top":"","title_margin_bottom":"","subtitle":"","subtitle_fontsize":"","title_position":"sppb-text-center","columns_equal_height":"0","fullscreen":"0","no_gutter":"0","id":"","class":"","padding":"0px 0px 0px 0px","margin":"0px 0px 0px 0px","color":"","background_color":"","background_image":"","overlay":"","background_repeat":"no-repeat","background_size":"cover","background_attachment":"fixed","background_position":"0 0","background_video":"0","background_video_mp4":"","background_video_ogv":"","hidden_xs":"","hidden_sm":"","hidden_md":"","animation":"","animationduration":"300","animationdelay":"0"},"layout":"12","columns":[{"id":1481878542331,"class_name":"col-md-12","visibility":true,"settings":{},"addons":[{"id":1481878542334,"name":"raw_html","visibility":true,"settings":{"admin_label":"","title":"","heading_selector":"h3","title_fontsize":"","title_lineheight":"","title_fontstyle":null,"title_letterspace":"0","title_fontweight":"","title_text_color":"","title_margin_top":"","title_margin_bottom":"","html":"<div class=\"center\">\n\t\t\t\t\t\t\t<h1 class=\"mt-xlg mb-sm pt-md\">Food <strong>&amp; </strong> Drink</h1>\n\t\t\t\t\t\t\t<p class=\"font-size-md\">Lorem ipsum dolor sit amet, consectetur adipiscing elit. Donec eu pulvinar magna.<br>Lorem ipsum dolor sit amet, consectetur adipiscing elit...</p>\n\n\t\t\t\t\t\t\t<hr class=\"custom-divider\">\n\t\t\t\t\t\t</div>","class":"","global_text_color":"","global_link_color":"","global_link_hover_color":"","global_use_background":"0","global_background_color":"","global_background_image":"","global_background_repeat":"no-repeat","global_background_size":"cover","global_background_attachment":"inherit","global_user_border":"0","global_border_width":"","global_border_color":"","global_boder_style":"none","global_border_radius":"","global_margin":"","global_padding":"","global_use_animation":"0","global_animation":"","global_animationduration":"300","global_animationdelay":"0","hidden_md":"0","hidden_sm":"0","hidden_xs":"0","acl":null}}]}]},{"id":1481900006545,"visibility":true,"collapse":false,"settings":{"admin_label":"","title":"","heading_selector":"h3","title_fontsize":"","title_fontweight":"","title_text_color":"","title_margin_top":"","title_margin_bottom":"","subtitle":"","subtitle_fontsize":"","title_position":"sppb-text-center","columns_equal_height":"0","fullscreen":"1","no_gutter":"1","id":"","class":"","padding":"50px 0px 50px 0px","margin":"0px 0px 0px 0px","color":"","background_color":"rgba(244, 244, 244, 1)","background_image":"","overlay":"","background_repeat":"no-repeat","background_size":"cover","background_attachment":"fixed","background_position":"0 0","background_video":"0","background_video_mp4":"","background_video_ogv":"","hidden_xs":"","hidden_sm":"","hidden_md":"","animation":"","animationduration":"300","animationdelay":"0"},"layout":"12","columns":[{"id":1481900006546,"class_name":"col-md-12","visibility":true,"settings":{},"addons":[{"id":1481900006549,"name":"module","visibility":true,"settings":{"admin_label":"Press post","title":"","heading_selector":"h3","title_fontsize":"","title_lineheight":"","title_fontstyle":null,"title_letterspace":"0","title_fontweight":"","title_text_color":"","title_margin_top":"","title_margin_bottom":"","module_type":"module","id":"145","position":"","class":"","global_text_color":"","global_link_color":"","global_link_hover_color":"","global_use_background":"0","global_background_color":"","global_background_image":"","global_background_repeat":"no-repeat","global_background_size":"cover","global_background_attachment":"inherit","global_user_border":"0","global_border_width":"","global_border_color":"","global_boder_style":"none","global_border_radius":"","global_margin":"","global_padding":"","global_use_animation":"0","global_animation":"","global_animationduration":"300","global_animationdelay":"0","hidden_md":"0","hidden_sm":"0","hidden_xs":"0","acl":null}}]}]},{"id":1481895742649,"visibility":true,"collapse":false,"settings":{"admin_label":"","title":"","heading_selector":"h3","title_fontsize":"","title_fontweight":"","title_text_color":"","title_margin_top":"","title_margin_bottom":"","subtitle":"","subtitle_fontsize":"","title_position":"sppb-text-center","columns_equal_height":"0","fullscreen":"1","no_gutter":"1","id":"","class":"","padding":"0px 0px 0px 0px","margin":"0px 0px 0px 0px","color":"","background_color":"","background_image":"","overlay":"","background_repeat":"no-repeat","background_size":"cover","background_attachment":"fixed","background_position":"0 0","background_video":"0","background_video_mp4":"","background_video_ogv":"","hidden_xs":"","hidden_sm":"","hidden_md":"","animation":"","animationduration":"300","animationdelay":"0"},"layout":"12","columns":[{"id":1481870895064,"class_name":"col-md-12","visibility":true,"settings":{},"addons":[{"id":1481870895067,"name":"raw_html","visibility":true,"settings":{"admin_label":"social icons","title":"","heading_selector":"h3","title_fontsize":"","title_lineheight":"","title_fontstyle":null,"title_letterspace":"0","title_fontweight":"","title_text_color":"","title_margin_top":"","title_margin_bottom":"","html":"<div class=\"col-md-12 center\">\n\t\t\t\t\t\t\t<ul class=\"social-icons\">\n\t\t\t\t\t\t\t\t<li class=\"social-icons-instagram\"><a href=\"http://www.instagram.com/\" target=\"_blank\" title=\"Instagram\"><i class=\"fa fa-instagram\"></i></a></li>\n\t\t\t\t\t\t\t\t<li class=\"social-icons-facebook\"><a href=\"http://www.facebook.com/\" target=\"_blank\" title=\"Facebook\"><i class=\"fa fa-facebook\"></i></a></li>\n\t\t\t\t\t\t\t\t<li class=\"social-icons-twitter\"><a href=\"http://www.twitter.com/\" target=\"_blank\" title=\"Twitter\"><i class=\"fa fa-twitter\"></i></a></li>\n\t\t\t\t\t\t\t\t<li class=\"social-icons-googleplus\"><a href=\"http://www.google.com/\" target=\"_blank\" title=\"Google Plus\"><i class=\"fa fa-google-plus\"></i></a></li>\n\t\t\t\t\t\t\t\t<li class=\"social-icons-linkedin\"><a href=\"http://www.linkedin.com/\" target=\"_blank\" title=\"Linkedin\"><i class=\"fa fa-linkedin\"></i></a></li>\n\t\t\t\t\t\t\t</ul>\n\t\t\t\t\t\t</div>","class":"","global_text_color":"","global_link_color":"","global_link_hover_color":"","global_use_background":"1","global_background_color":"rgba(52, 66, 87, 1)","global_background_image":"","global_background_repeat":"no-repeat","global_background_size":"cover","global_background_attachment":"inherit","global_user_border":"0","global_border_width":"","global_border_color":"","global_boder_style":"none","global_border_radius":"","global_margin":"","global_padding":"50px 0 50px 0","global_use_animation":"0","global_animation":"","global_animationduration":"300","global_animationdelay":"0","hidden_md":"0","hidden_sm":"0","hidden_xs":"0","acl":null}}]}]}]