[{"id":1481790662298,"visibility":true,"collapse":false,"settings":{"padding":"50px 0px 50px 0px","margin":"0px 0px 0px 0px"},"layout":"12","columns":[{"id":1481790662299,"class_name":"col-md-12","visibility":true,"settings":{},"addons":[{"id":1481870894970,"name":"raw_html","visibility":true,"settings":{"admin_label":"header","title":"","heading_selector":"h3","title_fontsize":"","title_lineheight":"","title_fontstyle":null,"title_letterspace":"0","title_fontweight":"","title_text_color":"","title_margin_top":"","title_margin_bottom":"","html":"<div class=\"col-md-12 center\">\n\t\t\t\t\t\t\t\t<h2 class=\"mt-lg mb-sm\">Enjoy <strong>Your Meal</strong></h2>\n\t\t\t\t\t\t\t\t<p class=\"font-size-md\">Lorem ipsum dolor sit amet, consectetur adipiscing elit. Donec eu pulvinar magna.<br>Lorem ipsum dolor sit amet, consectetur adipiscing elit...</p>\n\n\t\t\t\t\t\t\t\t<hr class=\"custom-divider\">\n\t\t\t\t\t\t\t</div>","class":"","global_text_color":"","global_link_color":"","global_link_hover_color":"","global_use_background":"0","global_background_color":"","global_background_image":"","global_background_repeat":"no-repeat","global_background_size":"cover","global_background_attachment":"inherit","global_user_border":"0","global_border_width":"","global_border_color":"","global_boder_style":"none","global_border_radius":"","global_margin":"","global_padding":"","global_use_animation":"0","global_animation":"","global_animationduration":"300","global_animationdelay":"0","hidden_md":"0","hidden_sm":"0","hidden_xs":"0","acl":null}}]}]},{"id":1481870894971,"visibility":true,"collapse":false,"settings":{"admin_label":"","title":"","heading_selector":"h3","title_fontsize":"","title_fontweight":"","title_text_color":"","title_margin_top":"","title_margin_bottom":"","subtitle":"","subtitle_fontsize":"","title_position":"sppb-text-center","columns_equal_height":"0","fullscreen":"0","no_gutter":"0","id":"","class":"","padding":"0px 0px 50px 0px","margin":"0px 0px 0px 0px","color":"","background_color":"","background_image":"","overlay":"","background_repeat":"no-repeat","background_size":"cover","background_attachment":"fixed","background_position":"0 0","background_video":"0","background_video_mp4":"","background_video_ogv":"","hidden_xs":"","hidden_sm":"","hidden_md":"","animation":"","animationduration":"300","animationdelay":"0"},"layout":"4,4,4","columns":[{"id":1481870894972,"class_name":"col-md-4","visibility":true,"settings":{},"addons":[{"id":1481870894977,"name":"raw_html","visibility":true,"settings":{"admin_label":"Sweets","title":"","heading_selector":"h3","title_fontsize":"","title_lineheight":"","title_fontstyle":null,"title_letterspace":"0","title_fontweight":"","title_text_color":"","title_margin_top":"","title_margin_bottom":"","html":"<div>\n\t\t\t\t\t\t\t\t\t<span class=\"thumb-info thumb-info-no-zoom thumb-info-custom mb-xl center\">\n\t\t\t\t\t\t\t\t\t\t<span class=\"thumb-info-side-image-wrapper p-none\">\n\t\t\t\t\t\t\t\t\t\t\t<img src=\"images/joomlabuff/restaurant/blog/blog-restaurant-1.png\" class=\"img-responsive\" alt=\"\">\n\t\t\t\t\t\t\t\t\t\t\t<img class=\"thumb-info-custom-icon\" src=\"images/joomlabuff/restaurant/icons/restaurant-icon-1.png\" alt=\"\">\n\t\t\t\t\t\t\t\t\t\t</span>\n\t\t\t\t\t\t\t\t\t\t<span class=\"thumb-info-caption\">\n\t\t\t\t\t\t\t\t\t\t\t<span class=\"thumb-info-caption-text\">\n\t\t\t\t\t\t\t\t\t\t\t\t<h2 class=\"mb-md mt-xs\">Sweets</h2>\n\t\t\t\t\t\t\t\t\t\t\t\t<p class=\"font-size-md\">Lorem ipsum dolor sit amet, consectetur adipiscing elit. Donec eu pulvinar magna. Lorem ipsum dolor sit amet, consectetur adipiscing elit...</p>\n\t\t\t\t\t\t\t\t\t\t\t\t<a class=\"btn btn-primary mt-md\" href=\"demo-restaurant-menu.html\">View More <i class=\"fa fa-long-arrow-right\"></i></a>\n\t\t\t\t\t\t\t\t\t\t\t</span>\n\t\t\t\t\t\t\t\t\t\t</span>\n\t\t\t\t\t\t\t\t\t</span>\n\t\t\t\t\t\t\t\t</div>","class":"","global_text_color":"","global_link_color":"","global_link_hover_color":"","global_use_background":"0","global_background_color":"","global_background_image":"","global_background_repeat":"no-repeat","global_background_size":"cover","global_background_attachment":"inherit","global_user_border":"0","global_border_width":"","global_border_color":"","global_boder_style":"none","global_border_radius":"","global_margin":"","global_padding":"","global_use_animation":"1","global_animation":"fadeInUp","global_animationduration":"300","global_animationdelay":"-1","hidden_md":"0","hidden_sm":"0","hidden_xs":"0","acl":null}}]},{"id":1481870894973,"class_name":"col-md-4","visibility":true,"settings":{},"addons":[{"id":1481870894980,"name":"raw_html","visibility":true,"settings":{"admin_label":"Coffee & Beer","title":"","heading_selector":"h3","title_fontsize":"","title_lineheight":"","title_fontstyle":null,"title_letterspace":"0","title_fontweight":"","title_text_color":"","title_margin_top":"","title_margin_bottom":"","html":"<div>\n\t\t\t\t\t\t\t\t\t<span class=\"thumb-info thumb-info-no-zoom thumb-info-custom mb-xl center\">\n\t\t\t\t\t\t\t\t\t\t<span class=\"thumb-info-side-image-wrapper p-none\">\n\t\t\t\t\t\t\t\t\t\t\t<img src=\"images/joomlabuff/restaurant/blog/blog-restaurant-2.png\" class=\"img-responsive\" alt=\"\">\n\t\t\t\t\t\t\t\t\t\t\t<img class=\"thumb-info-custom-icon\" src=\"images/joomlabuff/restaurant/icons/restaurant-icon-2.png\" alt=\"\">\n\t\t\t\t\t\t\t\t\t\t</span>\n\t\t\t\t\t\t\t\t\t\t<span class=\"thumb-info-caption\">\n\t\t\t\t\t\t\t\t\t\t\t<span class=\"thumb-info-caption-text\">\n\t\t\t\t\t\t\t\t\t\t\t\t<h2 class=\"mb-md mt-xs\">Coffee & Beer</h2>\n\t\t\t\t\t\t\t\t\t\t\t\t<p class=\"font-size-md\">Lorem ipsum dolor sit amet, consectetur adipiscing elit. Donec eu pulvinar magna. Lorem ipsum dolor sit amet, consectetur adipiscing elit...</p>\n\t\t\t\t\t\t\t\t\t\t\t\t<a class=\"btn btn-primary mt-md\" href=\"demo-restaurant-menu.html\">View More <i class=\"fa fa-long-arrow-right\"></i></a>\n\t\t\t\t\t\t\t\t\t\t\t</span>\n\t\t\t\t\t\t\t\t\t\t</span>\n\t\t\t\t\t\t\t\t\t</span>\n\t\t\t\t\t\t\t\t</div>","class":"","global_text_color":"","global_link_color":"","global_link_hover_color":"","global_use_background":"0","global_background_color":"","global_background_image":"","global_background_repeat":"no-repeat","global_background_size":"cover","global_background_attachment":"inherit","global_user_border":"0","global_border_width":"","global_border_color":"","global_boder_style":"none","global_border_radius":"","global_margin":"","global_padding":"","global_use_animation":"1","global_animation":"fadeInUp","global_animationduration":"300","global_animationdelay":"0","hidden_md":"0","hidden_sm":"0","hidden_xs":"0","acl":null}}]},{"id":1481870894974,"class_name":"col-md-4","visibility":true,"settings":{},"addons":[{"id":1481870894983,"name":"raw_html","visibility":true,"settings":{"admin_label":"Cake & Cookies","title":"","heading_selector":"h3","title_fontsize":"","title_lineheight":"","title_fontstyle":null,"title_letterspace":"0","title_fontweight":"","title_text_color":"","title_margin_top":"","title_margin_bottom":"","html":"<div>\n\t\t\t\t\t\t\t\t\t<span class=\"thumb-info thumb-info-no-zoom thumb-info-custom mb-xl center\">\n\t\t\t\t\t\t\t\t\t\t<span class=\"thumb-info-side-image-wrapper p-none\">\n\t\t\t\t\t\t\t\t\t\t\t<img src=\"images/joomlabuff/restaurant/blog/blog-restaurant-3.png\" class=\"img-responsive\" alt=\"\">\n\t\t\t\t\t\t\t\t\t\t\t<img class=\"thumb-info-custom-icon\" src=\"images/joomlabuff/restaurant/icons/restaurant-icon-3.png\" alt=\"\">\n\t\t\t\t\t\t\t\t\t\t</span>\n\t\t\t\t\t\t\t\t\t\t<span class=\"thumb-info-caption\">\n\t\t\t\t\t\t\t\t\t\t\t<span class=\"thumb-info-caption-text\">\n\t\t\t\t\t\t\t\t\t\t\t\t<h2 class=\"mb-md mt-xs\">Cake & Cookies</h2>\n\t\t\t\t\t\t\t\t\t\t\t\t<p class=\"font-size-md\">Lorem ipsum dolor sit amet, consectetur adipiscing elit. Donec eu pulvinar magna. Lorem ipsum dolor sit amet, consectetur adipiscing elit...</p>\n\t\t\t\t\t\t\t\t\t\t\t\t<a class=\"btn btn-primary mt-md\" href=\"demo-restaurant-menu.html\">View More <i class=\"fa fa-long-arrow-right\"></i></a>\n\t\t\t\t\t\t\t\t\t\t\t</span>\n\t\t\t\t\t\t\t\t\t\t</span>\n\t\t\t\t\t\t\t\t\t</span>\n\t\t\t\t\t\t\t\t</div>","class":"","global_text_color":"","global_link_color":"","global_link_hover_color":"","global_use_background":"0","global_background_color":"","global_background_image":"","global_background_repeat":"no-repeat","global_background_size":"cover","global_background_attachment":"inherit","global_user_border":"0","global_border_width":"","global_border_color":"","global_boder_style":"none","global_border_radius":"","global_margin":"","global_padding":"","global_use_animation":"1","global_animation":"fadeInUp","global_animationduration":"300","global_animationdelay":"0","hidden_md":"0","hidden_sm":"0","hidden_xs":"0","acl":null}}]}]},{"id":1481870894997,"visibility":true,"collapse":false,"settings":{"admin_label":"testimonials","title":"","heading_selector":"h3","title_fontsize":"","title_fontweight":"","title_text_color":"","title_margin_top":"","title_margin_bottom":"","subtitle":"","subtitle_fontsize":"","title_position":"sppb-text-center","columns_equal_height":"0","fullscreen":"0","no_gutter":"0","id":"","class":"jb-parallax","padding":"50px 0px 50px 0px","margin":"0px 0px 50px 0px","color":"","background_color":"","background_image":"images/joomlabuff/restaurant/parallax-restaurant.jpg","overlay":"","background_repeat":"no-repeat","background_size":"inherit","background_attachment":"scroll","background_position":"50% 100%","background_video":"0","background_video_mp4":"","background_video_ogv":"","hidden_xs":"","hidden_sm":"","hidden_md":"","animation":"","animationduration":"300","animationdelay":"0"},"layout":"12,12","columns":[{"id":1481870894998,"class_name":"col-md-12","visibility":true,"settings":{},"addons":[{"id":1481870895001,"name":"raw_html","visibility":true,"settings":{"admin_label":"","title":"","heading_selector":"h3","title_fontsize":"","title_lineheight":"","title_fontstyle":null,"title_letterspace":"0","title_fontweight":"","title_text_color":"","title_margin_top":"","title_margin_bottom":"","html":"<hr class=\"custom-divider\">","class":"","global_text_color":"","global_link_color":"","global_link_hover_color":"","global_use_background":"0","global_background_color":"","global_background_image":"","global_background_repeat":"no-repeat","global_background_size":"cover","global_background_attachment":"inherit","global_user_border":"0","global_border_width":"","global_border_color":"","global_boder_style":"none","global_border_radius":"","global_margin":"","global_padding":"","global_use_animation":"0","global_animation":"","global_animationduration":"300","global_animationdelay":"0","hidden_md":"0","hidden_sm":"0","hidden_xs":"0","acl":null}}]},{"id":1479909335628,"class_name":"col-md-12","visibility":true,"settings":{"color":"","background":"","background_image":"","overlay":"","background_repeat":"no-repeat","background_size":"cover","background_attachment":"scroll","background_position":"0 0","padding":"","class":"col-md-8 col-md-offset-2","sm_col":"","xs_col":"","hidden_xs":"","hidden_sm":"","hidden_md":"","animation":"","animationduration":"300","animationdelay":"0"},"addons":[{"id":1481177323339,"name":"testimonialporto","visibility":true,"settings":{"admin_label":"Testimonials","title":"","heading_selector":"h3","items":"1","loop":"1","mouseDrag":"1","autoplay":"0","autoplay_interval":"5000","nav":"0","dots":"1","class":"","style":"style2","sp_testimonialporto_item":[{"title":"John Doe","desc":"CEO & Founder- Okler","avatar":"","avatar_style":"sppb-img-circle","avatar_position":"top","message":"<p>Lorem ipsum dolor sit amet, consectetur adipiscing elit. Sed eget risus porta, tincidunt turpis at, interdum tortor. Suspendisse potenti. Lorem ipsum dolor sit amet, consectetur adipiscing elit. Sociis natoque penatibus et magnis dis parturient montes, nascetur ridiculus mus. Fusce ante tellus, convallis non consectetur sed, pharetra nec ex.</p>","url":"#","link_target":""},{"title":"John smith","desc":"CEO & Founder - Okler","avatar":"","avatar_style":"sppb-img-circle","avatar_position":"top","message":"<p>Lorem ipsum dolor sit amet, consectetur adipiscing elit. Sed eget risus porta, tincidunt turpis at, interdum tortor. Suspendisse potenti. Lorem ipsum dolor sit amet, consectetur adipiscing elit. Sociis natoque penatibus et magnis dis parturient montes, nascetur ridiculus mus. Fusce ante tellus, convallis non consectetur sed, pharetra nec ex.</p>","url":"#","link_target":""}],"global_text_color":"","global_link_color":"","global_link_hover_color":"","global_use_background":"0","global_background_color":"","global_background_image":"","global_background_repeat":"no-repeat","global_background_size":"cover","global_background_attachment":"inherit","global_user_border":"0","global_border_width":"","global_border_color":"","global_boder_style":"none","global_border_radius":"","global_margin":"","global_padding":"","global_use_animation":"0","global_animation":"","global_animationduration":"300","global_animationdelay":"0","hidden_md":"0","hidden_sm":"0","hidden_xs":"0","acl":null}}]}]},{"id":1481870895016,"visibility":true,"collapse":false,"settings":{"admin_label":"","title":"","heading_selector":"h3","title_fontsize":"","title_fontweight":"","title_text_color":"","title_margin_top":"","title_margin_bottom":"","subtitle":"","subtitle_fontsize":"","title_position":"sppb-text-center","columns_equal_height":"0","fullscreen":"0","no_gutter":"0","id":"","class":"","padding":"50px 0px 50px 0px","margin":"0px 0px 0px 0px","color":"","background_color":"","background_image":"","overlay":"","background_repeat":"no-repeat","background_size":"cover","background_attachment":"fixed","background_position":"0 0","background_video":"0","background_video_mp4":"","background_video_ogv":"","hidden_xs":"1","hidden_sm":"","hidden_md":"","animation":"","animationduration":"300","animationdelay":"0"},"layout":"12","columns":[{"id":1481870895017,"class_name":"col-md-12","visibility":true,"settings":{},"addons":[{"id":1481870895020,"name":"raw_html","visibility":true,"settings":{"admin_label":"","title":"","heading_selector":"h3","title_fontsize":"","title_lineheight":"","title_fontstyle":null,"title_letterspace":"0","title_fontweight":"","title_text_color":"","title_margin_top":"","title_margin_bottom":"","html":"<div class=\"col-md-12 center\">\n\t\t\t\t\t\t\t\t<h4 class=\"mt-lg mb-sm\">Our <strong>Gallery</strong></h4>\n\t\t\t\t\t\t\t\t<p>Lorem ipsum dolor sit amet, consectetur adipiscing elit. Donec eu pulvinar magna.<br>Lorem ipsum dolor sit amet, consectetur adipiscing elit...</p>\n\n\t\t\t\t\t\t\t\t<hr class=\"custom-divider\">\n\n\t\t\t\t\t\t\t\t\n\t\t\t\t\t\t\t</div>","class":"","global_text_color":"","global_link_color":"","global_link_hover_color":"","global_use_background":"0","global_background_color":"","global_background_image":"","global_background_repeat":"no-repeat","global_background_size":"cover","global_background_attachment":"inherit","global_user_border":"0","global_border_width":"","global_border_color":"","global_boder_style":"none","global_border_radius":"","global_margin":"","global_padding":"","global_use_animation":"0","global_animation":"","global_animationduration":"300","global_animationdelay":"0","hidden_md":"0","hidden_sm":"0","hidden_xs":"0","acl":null}}]}]},{"id":1481870895021,"visibility":true,"collapse":false,"settings":{"admin_label":"","title":"","heading_selector":"h3","title_fontsize":"","title_fontweight":"","title_text_color":"","title_margin_top":"","title_margin_bottom":"","subtitle":"","subtitle_fontsize":"","title_position":"sppb-text-center","columns_equal_height":"0","fullscreen":"0","no_gutter":"0","id":"","class":"","padding":"0px 0px 50px 0px","margin":"0px 0px 0px 0px","color":"","background_color":"","background_image":"","overlay":"","background_repeat":"no-repeat","background_size":"cover","background_attachment":"fixed","background_position":"0 0","background_video":"0","background_video_mp4":"","background_video_ogv":"","hidden_xs":"1","hidden_sm":"","hidden_md":"","animation":"","animationduration":"300","animationdelay":"0"},"layout":"12","columns":[{"id":1481870895022,"class_name":"col-md-12","visibility":true,"settings":{},"addons":[{"id":1481905971228,"name":"portogallery","visibility":true,"settings":{"admin_label":"","block_1":"Strategy","block_1_image":"images/joomlabuff/restaurant/gallery/restaurant-gallery-1.jpg","block_2":"Planning","block_2_image":"images/joomlabuff/restaurant/gallery/restaurant-gallery-3.jpg","block_3":"Build","block_3_image":"images/joomlabuff/restaurant/gallery/restaurant-gallery-2.jpg","block_4":"Build","block_4_image":"images/joomlabuff/restaurant/gallery/restaurant-gallery-4.jpg","block_5":"Build","block_5_image":"images/joomlabuff/restaurant/gallery/restaurant-gallery-5.jpg","class":"","global_text_color":"","global_link_color":"","global_link_hover_color":"","global_use_background":"0","global_background_color":"","global_background_image":"","global_background_repeat":"no-repeat","global_background_size":"cover","global_background_attachment":"inherit","global_user_border":"0","global_border_width":"","global_border_color":"","global_boder_style":"none","global_border_radius":"","global_margin":"","global_padding":"","global_use_animation":"0","global_animation":"","global_animationduration":"300","global_animationdelay":"0","hidden_md":"0","hidden_sm":"0","hidden_xs":"0","acl":null}}]}]},{"id":1481870895039,"visibility":false,"collapse":false,"settings":{"padding":"50px 0px 50px 0px","margin":"0px 0px 0px 0px"},"layout":"6,6","columns":[{"id":1481870895040,"class_name":"col-md-6","visibility":true,"settings":{},"addons":[]},{"id":1481870895041,"class_name":"col-md-6","visibility":true,"settings":{},"addons":[{"id":1481870895044,"name":"portoclients","visibility":true,"settings":{"admin_label":"","title":"","loop":"1","mouseDrag":"1","autoplay":"1","autoplay_interval":"5000","nav":"1","dots":"0","count":"2","class":"","sp_portoclients_item":[{"title":"Jessica Doe","image":"images/joomlabuff/team/team-27.jpg","url":""},{"title":"Jessica Doe","image":"","url":""},{"title":"","image":"","url":""}],"global_text_color":"","global_link_color":"","global_link_hover_color":"","global_use_background":"0","global_background_color":"","global_background_image":"","global_background_repeat":"no-repeat","global_background_size":"cover","global_background_attachment":"inherit","global_user_border":"0","global_border_width":"","global_border_color":"","global_boder_style":"none","global_border_radius":"","global_margin":"","global_padding":"","global_use_animation":"0","global_animation":"","global_animationduration":"300","global_animationdelay":"0","hidden_md":"0","hidden_sm":"0","hidden_xs":"0","acl":null}}]}]},{"id":1481870895051,"visibility":true,"collapse":false,"settings":{"padding":"50px 0px 50px 0px","margin":"0px 0px 0px 0px"},"layout":"12","columns":[{"id":1481870895017,"class_name":"col-md-12","visibility":true,"settings":{},"addons":[{"id":1481870895020,"name":"raw_html","visibility":true,"settings":{"admin_label":"","title":"","heading_selector":"h3","title_fontsize":"","title_lineheight":"","title_fontstyle":null,"title_letterspace":"0","title_fontweight":"","title_text_color":"","title_margin_top":"","title_margin_bottom":"","html":"<div class=\"col-md-12 center\">\n\t\t\t\t\t\t\t\t<h4 class=\"mt-lg mb-sm\">\nSpecial\n<strong>Menu</strong>\n</h4>\n\t\t\t\t\t\t\t\t<p>Lorem ipsum dolor sit amet, consectetur adipiscing elit. Donec eu pulvinar magna.<br>Lorem ipsum dolor sit amet, consectetur adipiscing elit...</p>\n\n\t\t\t\t\t\t\t\t<hr class=\"custom-divider\">\n\n\t\t\t\t\t\t\t\t\n\t\t\t\t\t\t\t</div>","class":"","global_text_color":"","global_link_color":"","global_link_hover_color":"","global_use_background":"0","global_background_color":"","global_background_image":"","global_background_repeat":"no-repeat","global_background_size":"cover","global_background_attachment":"inherit","global_user_border":"0","global_border_width":"","global_border_color":"","global_boder_style":"none","global_border_radius":"","global_margin":"","global_padding":"","global_use_animation":"0","global_animation":"","global_animationduration":"300","global_animationdelay":"0","hidden_md":"0","hidden_sm":"0","hidden_xs":"0","acl":null}}]}]},{"id":1481870895054,"visibility":true,"collapse":false,"settings":{"admin_label":"","title":"","heading_selector":"h3","title_fontsize":"","title_fontweight":"","title_text_color":"","title_margin_top":"","title_margin_bottom":"","subtitle":"","subtitle_fontsize":"","title_position":"sppb-text-center","columns_equal_height":"0","fullscreen":"0","no_gutter":"0","id":"","class":"","padding":"0px 0px 50px 0px","margin":"0px 0px 0px 0px","color":"","background_color":"","background_image":"images/joomlabuff/restaurant/background-restaurant.png","overlay":"","background_repeat":"no-repeat","background_size":"inherit","background_attachment":"inherit","background_position":"50% 100%","background_video":"0","background_video_mp4":"","background_video_ogv":"","hidden_xs":"","hidden_sm":"","hidden_md":"","animation":"","animationduration":"300","animationdelay":"0"},"layout":"12","columns":[{"id":1481870895055,"class_name":"col-md-12","visibility":true,"settings":{},"addons":[{"id":1481870895058,"name":"raw_html","visibility":true,"settings":{"admin_label":"","title":"","heading_selector":"h3","title_fontsize":"","title_lineheight":"","title_fontstyle":null,"title_letterspace":"0","title_fontweight":"","title_text_color":"","title_margin_top":"","title_margin_bottom":"","html":"<ul class=\"special-menu pb-xlg\">\n\t\t\t\t\t\t\t\t\t<li>\n\t\t\t\t\t\t\t\t\t\t<img src=\"images/joomlabuff/products/product-14.jpg\" class=\"img-responsive\" alt=\"\">\n\t\t\t\t\t\t\t\t\t\t<h3>Monday <em>Special</em></h3>\n\t\t\t\t\t\t\t\t\t\t<p><span>Lorem ipsum dolor sit amet, consectetur adipiscing elit. Donec eu pulvinar magna.</span></p>\n\t\t\t\t\t\t\t\t\t\t<strong class=\"special-menu-price text-color-dark\">$29</strong>\n\t\t\t\t\t\t\t\t\t</li>\n\t\t\t\t\t\t\t\t\t<li>\n\t\t\t\t\t\t\t\t\t\t<img src=\"images/joomlabuff/products/product-15.jpg\" class=\"img-responsive\" alt=\"\">\n\t\t\t\t\t\t\t\t\t\t<h3>Tuesday <em>Special</em></h3>\n\t\t\t\t\t\t\t\t\t\t<p><span>Lorem ipsum dolor sit amet. Donec eu pulvinar magna.</span></p>\n\t\t\t\t\t\t\t\t\t\t<strong class=\"special-menu-price text-color-dark\">$39</strong>\n\t\t\t\t\t\t\t\t\t</li>\n\t\t\t\t\t\t\t\t\t<li>\n\t\t\t\t\t\t\t\t\t\t<img src=\"images/joomlabuff/products/product-16.jpg\" class=\"img-responsive\" alt=\"\">\n\t\t\t\t\t\t\t\t\t\t<h3>Wednesday <em>Special</em></h3>\n\t\t\t\t\t\t\t\t\t\t<p><span>Lorem ipsum dolor sit amet.</span></p>\n\t\t\t\t\t\t\t\t\t\t<strong class=\"special-menu-price text-color-dark\">$24</strong>\n\t\t\t\t\t\t\t\t\t</li>\n\t\t\t\t\t\t\t\t\t<li>\n\t\t\t\t\t\t\t\t\t\t<img src=\"images/joomlabuff/products/product-17.jpg\" class=\"img-responsive\" alt=\"\">\n\t\t\t\t\t\t\t\t\t\t<h3>Thursday <em>Special</em></h3>\n\t\t\t\t\t\t\t\t\t\t<p><span>Lorem ipsum dolor sit amet magna.</span></p>\n\t\t\t\t\t\t\t\t\t\t<strong class=\"special-menu-price text-color-dark\">$39</strong>\n\t\t\t\t\t\t\t\t\t</li>\n\t\t\t\t\t\t\t\t\t<li>\n\t\t\t\t\t\t\t\t\t\t<img src=\"images/joomlabuff/products/product-18.jpg\" class=\"img-responsive\" alt=\"\">\n\t\t\t\t\t\t\t\t\t\t<h3>Friday <em>Special</em></h3>\n\t\t\t\t\t\t\t\t\t\t<p><span>Lorem ipsum dolor sit amet adipiscing elit. Donec eu pulvinar magna.</span></p>\n\t\t\t\t\t\t\t\t\t\t<strong class=\"special-menu-price text-color-dark\">$59</strong>\n\t\t\t\t\t\t\t\t\t</li>\n\t\t\t\t\t\t\t\t</ul>\n<div class=\"row mb-xlg mt-xl\">\n\t\t\t\t\t\t\t<div class=\"col-md-12 center\">\n\t\t\t\t\t\t\t\t<a href=\"demo-restaurant-menu.html\" class=\"btn btn-primary btn-lg mt-xlg mb-xlg\">Full Menu</a>\n\t\t\t\t\t\t\t</div>\n\t\t\t\t\t\t</div>","class":"","global_text_color":"","global_link_color":"","global_link_hover_color":"","global_use_background":"0","global_background_color":"","global_background_image":"","global_background_repeat":"no-repeat","global_background_size":"cover","global_background_attachment":"inherit","global_user_border":"0","global_border_width":"","global_border_color":"","global_boder_style":"none","global_border_radius":"","global_margin":"","global_padding":"","global_use_animation":"0","global_animation":"","global_animationduration":"300","global_animationdelay":"0","hidden_md":"0","hidden_sm":"0","hidden_xs":"0","acl":null}}]}]},{"id":1481870895063,"visibility":true,"collapse":false,"settings":{"admin_label":"","title":"","heading_selector":"h3","title_fontsize":"","title_fontweight":"","title_text_color":"","title_margin_top":"","title_margin_bottom":"","subtitle":"","subtitle_fontsize":"","title_position":"sppb-text-center","columns_equal_height":"0","fullscreen":"1","no_gutter":"1","id":"","class":"","padding":"0px 0px 0px 0px","margin":"0px 0px 0px 0px","color":"","background_color":"","background_image":"","overlay":"","background_repeat":"no-repeat","background_size":"cover","background_attachment":"fixed","background_position":"0 0","background_video":"0","background_video_mp4":"","background_video_ogv":"","hidden_xs":"","hidden_sm":"","hidden_md":"","animation":"","animationduration":"300","animationdelay":"0"},"layout":"12","columns":[{"id":1481870895064,"class_name":"col-md-12","visibility":true,"settings":{},"addons":[{"id":1481870895067,"name":"raw_html","visibility":true,"settings":{"admin_label":"social icons","title":"","heading_selector":"h3","title_fontsize":"","title_lineheight":"","title_fontstyle":null,"title_letterspace":"0","title_fontweight":"","title_text_color":"","title_margin_top":"","title_margin_bottom":"","html":"<div class=\"col-md-12 center\">\n\t\t\t\t\t\t\t<ul class=\"social-icons\">\n\t\t\t\t\t\t\t\t<li class=\"social-icons-instagram\"><a href=\"http://www.instagram.com/\" target=\"_blank\" title=\"Instagram\"><i class=\"fa fa-instagram\"></i></a></li>\n\t\t\t\t\t\t\t\t<li class=\"social-icons-facebook\"><a href=\"http://www.facebook.com/\" target=\"_blank\" title=\"Facebook\"><i class=\"fa fa-facebook\"></i></a></li>\n\t\t\t\t\t\t\t\t<li class=\"social-icons-twitter\"><a href=\"http://www.twitter.com/\" target=\"_blank\" title=\"Twitter\"><i class=\"fa fa-twitter\"></i></a></li>\n\t\t\t\t\t\t\t\t<li class=\"social-icons-googleplus\"><a href=\"http://www.google.com/\" target=\"_blank\" title=\"Google Plus\"><i class=\"fa fa-google-plus\"></i></a></li>\n\t\t\t\t\t\t\t\t<li class=\"social-icons-linkedin\"><a href=\"http://www.linkedin.com/\" target=\"_blank\" title=\"Linkedin\"><i class=\"fa fa-linkedin\"></i></a></li>\n\t\t\t\t\t\t\t</ul>\n\t\t\t\t\t\t</div>","class":"","global_text_color":"","global_link_color":"","global_link_hover_color":"","global_use_background":"1","global_background_color":"rgba(52, 66, 87, 1)","global_background_image":"","global_background_repeat":"no-repeat","global_background_size":"cover","global_background_attachment":"inherit","global_user_border":"0","global_border_width":"","global_border_color":"","global_boder_style":"none","global_border_radius":"","global_margin":"","global_padding":"50px 0 50px 0","global_use_animation":"0","global_animation":"","global_animationduration":"300","global_animationdelay":"0","hidden_md":"0","hidden_sm":"0","hidden_xs":"0","acl":null}}]}]}]