[{"id":1481382069553,"visibility":true,"collapse":false,"settings":{"admin_label":"","title":"","heading_selector":"h3","title_fontsize":"","title_fontweight":"","title_text_color":"","title_margin_top":"","title_margin_bottom":"","subtitle":"","subtitle_fontsize":"","title_position":"sppb-text-center","columns_equal_height":"0","fullscreen":"0","no_gutter":"0","id":"","class":"section section-text-light","padding":"50px 0px 50px 0px","margin":"0px 0px 0px 0px","color":"","background_color":"","background_image":"","overlay":"rgba(0, 0, 0, 0.75)","background_repeat":"no-repeat","background_size":"cover","background_attachment":"fixed","background_position":"0 0","background_video":"1","background_video_mp4":"media/videos/2016/12/10/landing.mp4","background_video_ogv":"","hidden_xs":"","hidden_sm":"","hidden_md":"","animation":"","animationduration":"300","animationdelay":"0"},"layout":"12","columns":[{"id":1481382069554,"class_name":"col-md-12","visibility":true,"settings":{},"addons":[{"id":1481382069557,"name":"raw_html","visibility":true,"settings":{"admin_label":"","title":"","heading_selector":"h3","title_fontsize":"","title_lineheight":"","title_fontstyle":null,"title_letterspace":"0","title_fontweight":"","title_text_color":"","title_margin_top":"","title_margin_bottom":"","html":"<div class=\"col-md-8 col-md-offset-2 mt-xlg title-with-video-custom center\">\n\t\t\t\t\t\t\t<h1 class=\"mt-xlg font-weight-semibold text-uppercase\">Services.</h1>\n\t\t\t\t\t\t\t<p class=\"mb-none lead\">Lorem ipsum dolor sit amet, consectetuer adipiscing elit. Aenean commodo ligula eget dolor. Aenean massa. Nulla consequat massa quis enim.</p>\n\t\t\t\t\t\t</div>","class":"","global_text_color":"","global_link_color":"","global_link_hover_color":"","global_use_background":"0","global_background_color":"","global_background_image":"","global_background_repeat":"no-repeat","global_background_size":"cover","global_background_attachment":"inherit","global_user_border":"0","global_border_width":"","global_border_color":"","global_boder_style":"none","global_border_radius":"","global_margin":"","global_padding":"","global_use_animation":"0","global_animation":"","global_animationduration":"300","global_animationdelay":"0","hidden_md":"0","hidden_sm":"0","hidden_xs":"0","acl":null}}]}]},{"id":1481382069560,"visibility":true,"collapse":false,"settings":{"admin_label":"","title":"","heading_selector":"h3","title_fontsize":"","title_fontweight":"","title_text_color":"","title_margin_top":"","title_margin_bottom":"","subtitle":"","subtitle_fontsize":"","title_position":"sppb-text-center","columns_equal_height":"0","fullscreen":"0","no_gutter":"0","id":"","class":"","padding":"50px 0px 50px 0px","margin":"0px 0px 0px 0px","color":"","background_color":"rgba(244, 244, 244, 1)","background_image":"","overlay":"","background_repeat":"no-repeat","background_size":"cover","background_attachment":"fixed","background_position":"0 0","background_video":"0","background_video_mp4":"","background_video_ogv":"","hidden_xs":"","hidden_sm":"","hidden_md":"","animation":"","animationduration":"300","animationdelay":"0"},"layout":"12","columns":[{"id":1481382069561,"class_name":"col-md-12","visibility":true,"settings":{},"addons":[{"id":1481382069564,"name":"raw_html","visibility":true,"settings":{"admin_label":"","title":"","heading_selector":"h3","title_fontsize":"","title_lineheight":"","title_fontstyle":null,"title_letterspace":"0","title_fontweight":"","title_text_color":"","title_margin_top":"","title_margin_bottom":"","html":"<div class=\"container\">\n\t\t\t\t\t\t\n\t\t\t\t\t\t\t<div class=\"counters\">\n\t\t\t\t\t\t\t\t<div class=\"col-md-10\">\n\t\t\t\t\t\t\t\t\t<h2 class=\"mt-xl mb-xl pb-none\">We create amazing solution lorem ipsum dolor sit amet, consectetuer adipiscing elit. Aenean commodo ligula eget dolor. Aenean massa. Nulla consequat massa quis enim.</h2>\n\t\t\t\t\t\t\t\t</div>\n\t\t\t\t\t\t\t\t<div class=\"col-md-2 center\">\n\t\t\t\t\t\t\t\t\t<img src=\"images/joomlabuff/apple-touch-icon.png\" class=\"img-responsive mt-xs\">\n\t\t\t\t\t\t\t\t</div>\n\t\t\t\t\t\t\t</div>\n\t\t\t\t\t\t\n\t\t\t\t\t</div>","class":"","global_text_color":"","global_link_color":"","global_link_hover_color":"","global_use_background":"0","global_background_color":"","global_background_image":"","global_background_repeat":"no-repeat","global_background_size":"cover","global_background_attachment":"inherit","global_user_border":"0","global_border_width":"","global_border_color":"","global_boder_style":"none","global_border_radius":"","global_margin":"","global_padding":"","global_use_animation":"0","global_animation":"","global_animationduration":"300","global_animationdelay":"0","hidden_md":"0","hidden_sm":"0","hidden_xs":"0","acl":null}}]}]},{"id":1481382069569,"visibility":true,"collapse":false,"settings":{"padding":"50px 0px 50px 0px","margin":"0px 0px 0px 0px"},"layout":"12","columns":[{"id":1481382069570,"class_name":"col-md-12","visibility":true,"settings":{},"addons":[{"id":1481382069573,"name":"raw_html","visibility":true,"settings":{"admin_label":"","title":"","heading_selector":"h3","title_fontsize":"","title_lineheight":"","title_fontstyle":null,"title_letterspace":"0","title_fontweight":"","title_text_color":"","title_margin_top":"","title_margin_bottom":"","html":"<div class=\"container\">\n\t\t\t\t\t\t\n\t\t\t\t\t\t\t<div class=\"col-md-12 center\">\n\t\t\t\t\t\t\t\t<h2 class=\"mb-none mt-xl font-weight-semibold\">We Can Help You With:</h2>\n\t\t\t\t\t\t\t\t<p class=\"lead mb-xlg\">Pellentesque pellentesque eget tempor tellus. </p>\n\t\t\t\t\t\t\t\t<div class=\"divider divider-primary divider-small divider-small-center mb-xl\">\n\t\t\t\t\t\t\t\t\t<hr>\n\t\t\t\t\t\t\t\t</div>\n\t\t\t\t\t\t\t</div>\n\t\t\t\t\t\t</div>\n\t\t\t\t\t\t<div class=\"row mt-xl\">\n\t\t\t\t\t\t\t<div class=\"col-md-4 center\">\n\t\t\t\t\t\t\t\t<div class=\"feature-box feature-box-style-4 appear-animation animated fadeInUp appear-animation-visible\" data-appear-animation=\"fadeInUp\" data-appear-animation-delay=\"0\">\n\t\t\t\t\t\t\t\t\t<span class=\"featured-boxes featured-boxes-style-6 p-none m-none\">\n\t\t\t\t\t\t\t\t\t\t<span class=\"featured-box featured-box-primary featured-box-effect-6 p-none m-none\" style=\"height: 100px;\">\n\t\t\t\t\t\t\t\t\t\t\t<span class=\"box-content p-none m-none\">\n\t\t\t\t\t\t\t\t\t\t\t\t<i class=\"icon-featured icon-bulb icons\"></i>\n\t\t\t\t\t\t\t\t\t\t\t</span>\n\t\t\t\t\t\t\t\t\t\t</span>\n\t\t\t\t\t\t\t\t\t</span>\t\n\t\t\t\t\t\t\t\t\t<div class=\"feature-box-info\">\n\t\t\t\t\t\t\t\t\t\t<h4 class=\"mb-sm\">Strategy</h4>\n\t\t\t\t\t\t\t\t\t\t<p class=\"mb-lg\">Lorem ipsum dolor sit amet, consectetur adipiscing metus elit. Quisque rutrum pellentesque imperdiet.</p>\n\t\t\t\t\t\t\t\t\t</div>\n\t\t\t\t\t\t\t\t</div>\n\t\t\t\t\t\t\t</div>\n\t\t\t\t\t\t\t<div class=\"col-md-4 center\">\n\t\t\t\t\t\t\t\t<div class=\"feature-box feature-box-style-4 appear-animation animated fadeInUp appear-animation-visible\" data-appear-animation=\"fadeInUp\" data-appear-animation-delay=\"300\">\n\t\t\t\t\t\t\t\t\t<span class=\"featured-boxes featured-boxes-style-6 p-none m-none\">\n\t\t\t\t\t\t\t\t\t\t<span class=\"featured-box featured-box-primary featured-box-effect-6 p-none m-none\" style=\"height: 100px;\">\n\t\t\t\t\t\t\t\t\t\t\t<span class=\"box-content p-none m-none\">\n\t\t\t\t\t\t\t\t\t\t\t\t<i class=\"icon-featured icon-puzzle icons\"></i>\n\t\t\t\t\t\t\t\t\t\t\t</span>\n\t\t\t\t\t\t\t\t\t\t</span>\n\t\t\t\t\t\t\t\t\t</span>\t\n\t\t\t\t\t\t\t\t\t<div class=\"feature-box-info\">\n\t\t\t\t\t\t\t\t\t\t<h4 class=\"mb-sm\">Development</h4>\n\t\t\t\t\t\t\t\t\t\t<p class=\"mb-lg\">Lorem ipsum dolor sit amet, consectetur adipiscing elit. Quisque rutrum pellentesque imperdiet. Nulla lacinia iaculis nulla.</p>\n\t\t\t\t\t\t\t\t\t</div>\n\t\t\t\t\t\t\t\t</div>\n\t\t\t\t\t\t\t</div>\n\t\t\t\t\t\t\t<div class=\"col-md-4 center\">\n\t\t\t\t\t\t\t\t<div class=\"feature-box feature-box-style-4 appear-animation animated fadeInUp appear-animation-visible\" data-appear-animation=\"fadeInUp\" data-appear-animation-delay=\"600\">\n\t\t\t\t\t\t\t\t\t\t<span class=\"featured-boxes featured-boxes-style-6 p-none m-none\">\n\t\t\t\t\t\t\t\t\t\t\t<span class=\"featured-box featured-box-primary featured-box-effect-6 p-none m-none\" style=\"height: 100px;\">\n\t\t\t\t\t\t\t\t\t\t\t\t<span class=\"box-content p-none m-none\">\n\t\t\t\t\t\t\t\t\t\t\t\t\t<i class=\"icon-featured icon-rocket icons\"></i>\n\t\t\t\t\t\t\t\t\t\t\t\t</span>\n\t\t\t\t\t\t\t\t\t\t\t</span>\n\t\t\t\t\t\t\t\t\t\t</span>\t\n\t\t\t\t\t\t\t\t\t<div class=\"feature-box-info\">\n\t\t\t\t\t\t\t\t\t\t<h4 class=\"mb-sm\">Marketing</h4>\n\t\t\t\t\t\t\t\t\t\t<p class=\"mb-lg\">Lorem ipsum dolor sit amet, consectetur adipiscing elit. Quisque rutrum pellentesque imperdiet. Nulla lacinia iaculis nulla.</p>\n\t\t\t\t\t\t\t\t\t</div>\n\t\t\t\t\t\t\t\t</div>\n\t\t\t\t\t\t\t</div>\n\t\t\t\t\t\t\n\t\t\t\t\t</div>","class":"","global_text_color":"","global_link_color":"","global_link_hover_color":"","global_use_background":"0","global_background_color":"","global_background_image":"","global_background_repeat":"no-repeat","global_background_size":"cover","global_background_attachment":"inherit","global_user_border":"0","global_border_width":"","global_border_color":"","global_boder_style":"none","global_border_radius":"","global_margin":"","global_padding":"","global_use_animation":"0","global_animation":"","global_animationduration":"300","global_animationdelay":"0","hidden_md":"0","hidden_sm":"0","hidden_xs":"0","acl":null}}]}]},{"id":1481382069574,"visibility":true,"collapse":false,"settings":{"padding":"50px 0px 50px 0px","margin":"0px 0px 0px 0px"},"layout":"12","columns":[{"id":1481382069575,"class_name":"col-md-12","visibility":true,"settings":{},"addons":[{"id":1481382069578,"name":"raw_html","visibility":true,"settings":{"admin_label":"","title":"","heading_selector":"h3","title_fontsize":"","title_lineheight":"","title_fontstyle":null,"title_letterspace":"0","title_fontweight":"","title_text_color":"","title_margin_top":"","title_margin_bottom":"","html":"<div class=\"container\">\n\t\t\t\t\t\t\n\t\t\t\t\t\t\t<div class=\"col-md-12 center\">\n\t\t\t\t\t\t\t\t<h2 class=\"mb-none mt-xl font-weight-semibold\">How We Do:</h2>\n\t\t\t\t\t\t\t\t<p class=\"lead mb-xlg\">Pellentesque pellentesque eget tempor tellus. </p>\n\t\t\t\t\t\t\t\t<div class=\"divider divider-primary divider-small divider-small-center mb-xl\">\n\t\t\t\t\t\t\t\t\t<hr>\n\t\t\t\t\t\t\t\t</div>\n\t\t\t\t\t\t\t</div>\n\t\t\t\t\t\t\n\t\t\t\t\t</div>","class":"","global_text_color":"","global_link_color":"","global_link_hover_color":"","global_use_background":"0","global_background_color":"","global_background_image":"","global_background_repeat":"no-repeat","global_background_size":"cover","global_background_attachment":"inherit","global_user_border":"0","global_border_width":"","global_border_color":"","global_boder_style":"none","global_border_radius":"","global_margin":"","global_padding":"","global_use_animation":"0","global_animation":"","global_animationduration":"300","global_animationdelay":"0","hidden_md":"0","hidden_sm":"0","hidden_xs":"0","acl":null}}]}]},{"id":1481382069579,"visibility":true,"collapse":false,"settings":{"admin_label":"","title":"","heading_selector":"h3","title_fontsize":"","title_fontweight":"","title_text_color":"","title_margin_top":"","title_margin_bottom":"","subtitle":"","subtitle_fontsize":"","title_position":"sppb-text-center","columns_equal_height":"0","fullscreen":"1","no_gutter":"1","id":"","class":"","padding":"50px 0px 0px 0px","margin":"0px 0px 0px 0px","color":"","background_color":"","background_image":"","overlay":"","background_repeat":"no-repeat","background_size":"cover","background_attachment":"fixed","background_position":"0 0","background_video":"0","background_video_mp4":"","background_video_ogv":"","hidden_xs":"","hidden_sm":"","hidden_md":"","animation":"","animationduration":"300","animationdelay":"0"},"layout":"12","columns":[{"id":1481382069580,"class_name":"col-md-12","visibility":true,"settings":{},"addons":[{"id":1481382069583,"name":"raw_html","visibility":true,"settings":{"admin_label":"","title":"","heading_selector":"h3","title_fontsize":"","title_lineheight":"","title_fontstyle":null,"title_letterspace":"0","title_fontweight":"","title_text_color":"","title_margin_top":"","title_margin_bottom":"","html":"<div class=\"featured-boxes-full featured-boxes-full-scale clearfix\">\n\t\t\t\t\t<div class=\"col-md-4\">\n\t\t\t\t\t\t<div class=\"featured-box-full featured-box-full-primary\" style=\"height: 327.5px;\">\n\t\t\t\t\t\t\t<i class=\"icon-directions icons\"></i>\n\t\t\t\t\t\t\t<h4 class=\"mt-xl\">1 - BRIEF</h4>\n\t\t\t\t\t\t\t<p>Lorem ipsum dolor sit amet, consectetur adipiscing metus elit. Quisque rutrum pellentesque imperdiet. Quisque rutrum pellentesque imperdiet.</p>\n\t\t\t\t\t\t</div>\n\t\t\t\t\t</div>\n\t\t\t\t\t<div class=\"col-md-4\">\n\t\t\t\t\t\t<div class=\"featured-box-full featured-box-full-primary\" style=\"height: 327.5px;\">\n\t\t\t\t\t\t\t<i class=\"icon-puzzle icons\"></i>\n\t\t\t\t\t\t\t<h4 class=\"mt-xl\">2 - CREATION</h4>\n\t\t\t\t\t\t\t<p>Lorem ipsum dolor sit amet, consectetur adipiscing metus elit. Quisque rutrum pellentesque imperdiet. Quisque rutrum pellentesque imperdiet.</p>\n\t\t\t\t\t\t</div>\n\t\t\t\t\t</div>\n\t\t\t\t\t<div class=\"col-md-4\">\n\t\t\t\t\t\t<div class=\"featured-box-full featured-box-full-primary\" style=\"height: 327.5px;\">\n\t\t\t\t\t\t\t<i class=\"icon-rocket icons\"></i>\n\t\t\t\t\t\t\t<h4 class=\"mt-xl\">3 - LAUNCH</h4>\n\t\t\t\t\t\t\t<p>Lorem ipsum dolor sit amet, consectetur adipiscing metus elit.</p>\n\t\t\t\t\t\t</div>\n\t\t\t\t\t</div>\n\t\t\t\t</div>","class":"","global_text_color":"","global_link_color":"","global_link_hover_color":"","global_use_background":"0","global_background_color":"","global_background_image":"","global_background_repeat":"no-repeat","global_background_size":"cover","global_background_attachment":"inherit","global_user_border":"0","global_border_width":"","global_border_color":"","global_boder_style":"none","global_border_radius":"","global_margin":"","global_padding":"","global_use_animation":"0","global_animation":"","global_animationduration":"300","global_animationdelay":"0","hidden_md":"0","hidden_sm":"0","hidden_xs":"0","acl":null}}]}]},{"id":1481382069584,"visibility":true,"collapse":false,"settings":{"admin_label":"","title":"","heading_selector":"h3","title_fontsize":"","title_fontweight":"","title_text_color":"","title_margin_top":"","title_margin_bottom":"","subtitle":"","subtitle_fontsize":"","title_position":"sppb-text-center","columns_equal_height":"0","fullscreen":"0","no_gutter":"0","id":"","class":"","padding":"50px 0px 50px 0px","margin":"0px 0px 0px 0px","color":"","background_color":"rgba(232, 232, 232, 1)","background_image":"","overlay":"","background_repeat":"no-repeat","background_size":"cover","background_attachment":"fixed","background_position":"0 0","background_video":"0","background_video_mp4":"","background_video_ogv":"","hidden_xs":"","hidden_sm":"","hidden_md":"","animation":"","animationduration":"300","animationdelay":"0"},"layout":"12","columns":[{"id":1481382069585,"class_name":"col-md-12","visibility":true,"settings":{},"addons":[{"id":1481382069588,"name":"raw_html","visibility":true,"settings":{"admin_label":"","title":"","heading_selector":"h3","title_fontsize":"","title_lineheight":"","title_fontstyle":null,"title_letterspace":"0","title_fontweight":"","title_text_color":"","title_margin_top":"","title_margin_bottom":"","html":"<div class=\"container\">\n\t\t\t\t\t\t<div class=\"row mt-xl\">\n\t\t\t\t\t\t\t<div class=\"col-md-4\">\n\t\t\t\t\t\t\t\t<img class=\"img-responsive appear-animation animated fadeInLeft appear-animation-visible\" src=\"images/joomlabuff/projects/project-masonry-25.jpg\" alt=\"layout styles\" data-appear-animation=\"fadeInLeft\">\n\t\t\t\t\t\t\t</div>\n\t\t\t\t\t\t\t<div class=\"col-md-7 col-md-offset-1\">\n\t\t\t\t\t\t\t\t<h2 class=\"mb-xs mt-xl font-weight-semibold\">Innovation.</h2>\n\t\t\t\t\t\t\t\t<div class=\"divider divider-primary divider-small mb-xl\">\n\t\t\t\t\t\t\t\t\t<hr>\n\t\t\t\t\t\t\t\t</div>\n\t\t\t\t\t\t\t\t<p class=\"lead\">\n\t\t\t\t\t\t\t\t\tLorem ipsum dolor sit amet, consectetur adipiscing elit. Curabitur imperdiet hendrerit volutpat. Sed in nunc nec ligula consectetur mollis in vel justo. Vestibulum ante ipsum primis in faucibus orci.\n\t\t\t\t\t\t\t\t</p>\n\t\t\t\t\t\t\t\t<p>\n\t\t\t\t\t\t\t\t\tLorem ipsum dolor sit amet, consectetur adipiscing elit. Curabitur imperdiet hendrerit volutpat. Sed in nunc nec ligula consectetur mollis in vel justo. Vestibulum ante ipsum primis in faucibus orci.\n\t\t\t\t\t\t\t\t</p>\n\n\t\t\t\t\t\t\t\t<a class=\"btn btn-borders btn-lg btn-primary mt-xl\" target=\"_blank\" href=\"demo-digital-agency-contact.html\">Get a Quote!</a>\n\t\t\t\t\t\t\t</div>\n\t\t\t\t\t\t</div>\n\t\t\t\t\t</div>","class":"","global_text_color":"","global_link_color":"","global_link_hover_color":"","global_use_background":"0","global_background_color":"","global_background_image":"","global_background_repeat":"no-repeat","global_background_size":"cover","global_background_attachment":"inherit","global_user_border":"0","global_border_width":"","global_border_color":"","global_boder_style":"none","global_border_radius":"","global_margin":"","global_padding":"","global_use_animation":"0","global_animation":"","global_animationduration":"300","global_animationdelay":"0","hidden_md":"0","hidden_sm":"0","hidden_xs":"0","acl":null}}]}]}]