[{"id":1481377196011,"visibility":true,"collapse":false,"settings":{"admin_label":"","title":"","heading_selector":"h3","title_fontsize":"","title_fontweight":"","title_text_color":"","title_margin_top":"","title_margin_bottom":"","subtitle":"","subtitle_fontsize":"","title_position":"sppb-text-center","columns_equal_height":"0","fullscreen":"1","no_gutter":"1","id":"","class":"parallax section section-text-light section-parallax section-center mt-none","padding":"40px 0px 40px 0px","margin":"0px 0px 0px 0px","color":"","background_color":"","background_image":"images/joomlabuff/slideshow/digital-agency/slide-digital-agency-1.jpg","overlay":"","background_repeat":"no-repeat","background_size":"cover","background_attachment":"fixed","background_position":"50% 0","background_video":"0","background_video_mp4":"","background_video_ogv":"","hidden_xs":"","hidden_sm":"","hidden_md":"","animation":"","animationduration":"300","animationdelay":"0"},"layout":"12","columns":[{"id":1481377196012,"class_name":"col-md-12","visibility":true,"settings":{},"addons":[{"id":1481377196015,"name":"raw_html","visibility":true,"settings":{"admin_label":"","title":"","heading_selector":"h3","title_fontsize":"","title_lineheight":"","title_fontstyle":null,"title_letterspace":"0","title_fontweight":"","title_text_color":"","title_margin_top":"","title_margin_bottom":"","html":"<div class=\"container\">\n\t\t\t\t\t\t<div class=\"row mt-xl\">\n\t\t\t\t\t\t\t<div class=\"col-md-8 col-md-offset-2 mt-xlg\">\n\t\t\t\t\t\t\t\t<h1 class=\"mt-xlg font-weight-semibold text-uppercase\">About.</h1>\n\t\t\t\t\t\t\t\t<p class=\"mb-none lead\">Lorem ipsum dolor sit amet, consectetuer adipiscing elit. Aenean commodo ligula eget dolor. Aenean massa. Nulla consequat massa quis enim.</p>\n\t\t\t\t\t\t\t</div>\n\t\t\t\t\t\t</div>\n\t\t\t\t\t</div>","class":"","global_text_color":"","global_link_color":"","global_link_hover_color":"","global_use_background":"0","global_background_color":"","global_background_image":"","global_background_repeat":"no-repeat","global_background_size":"inherit","global_background_attachment":"fixed","global_user_border":"0","global_border_width":"","global_border_color":"","global_boder_style":"none","global_border_radius":"","global_margin":"","global_padding":"","global_use_animation":"0","global_animation":"","global_animationduration":"300","global_animationdelay":"0","hidden_md":"0","hidden_sm":"0","hidden_xs":"0","acl":null}}]}]},{"id":1481378745330,"visibility":true,"collapse":false,"settings":{"padding":"50px 0px 50px 0px","margin":"0px 0px 0px 0px"},"layout":"12","columns":[{"id":1481378745331,"class_name":"col-md-12","visibility":true,"settings":{},"addons":[{"id":1481378745334,"name":"raw_html","visibility":true,"settings":{"admin_label":"","title":"","heading_selector":"h3","title_fontsize":"","title_lineheight":"","title_fontstyle":null,"title_letterspace":"0","title_fontweight":"","title_text_color":"","title_margin_top":"","title_margin_bottom":"","html":"\t\t\t\t\t<div class=\"mb-xl mt-xlg\">\n\t\t\t\t\t\t<div class=\"col-md-9\">\n\t\t\t\t\t\t\t<div class=\"row\">\n\t\t\t\t\t\t\t\t<div class=\"col-md-6\">\n\t\t\t\t\t\t\t\t\t<h4 class=\"font-weight-semibold\">Company.</h4>\n\t\t\t\t\t\t\t\t\t<p class=\"\">Lorem ipsum dolor sit amet, consectetuer adipiscing elit. Aenean commodo ligula eget dolor. Aenean massa. Nulla consequat massa quis enim.</p>\n\t\t\t\t\t\t\t\t</div>\n\t\t\t\t\t\t\t\t<div class=\"col-md-6\">\n\t\t\t\t\t\t\t\t\t<h4 class=\"font-weight-semibold\">Mission.</h4>\n\t\t\t\t\t\t\t\t\t<p class=\"\">Lorem ipsum dolor sit amet, consectetuer adipiscing elit. Aenean commodo ligula eget dolor. Aenean massa. Nulla consequat massa quis enim.</p>\n\t\t\t\t\t\t\t\t</div>\n\t\t\t\t\t\t\t</div>\n\n\t\t\t\t\t\t\t<blockquote class=\"mt-xl ml-lg blockquote-primary\">\n\t\t\t\t\t\t\t\t<p>Pellentesque pellentesque eget tempor tellus. Fusce lacllentesque eget tempor tellus ellentesque pelleinia tempor malesuada.</p>\n\t\t\t\t\t\t\t\t<footer>David Doe, CEO</footer>\n\t\t\t\t\t\t\t</blockquote>\n\t\t\t\t\t\t</div>\n\t\t\t\t\t\t<div class=\"col-md-3 hidden-xs\">\n\t\t\t\t\t\t\t<div class=\"row\">\n\t\t\t\t\t\t\t\t<div class=\"col-md-6\">\n\t\t\t\t\t\t\t\t\t<img class=\"img-responsive mt-xl mb-xl\" src=\"images/joomlabuff/office/our-office-4.jpg\" alt=\"Office\">\n\t\t\t\t\t\t\t\t\t<img class=\"img-responsive mb-xl\" src=\"images/joomlabuff/office/our-office-6.jpg\" alt=\"Office\">\n\t\t\t\t\t\t\t\t</div>\n\t\t\t\t\t\t\t\t<div class=\"col-md-6\">\n\t\t\t\t\t\t\t\t\t<img class=\"img-responsive mb-xl\" src=\"images/joomlabuff/office/our-office-5.jpg\" alt=\"Office\">\n\t\t\t\t\t\t\t\t\t<img class=\"img-responsive mb-xl\" src=\"images/joomlabuff/office/our-office-7.jpg\" alt=\"Office\">\n\t\t\t\t\t\t\t\t</div>\n\t\t\t\t\t\t\t</div>\n\t\t\t\t\t\t</div>\n\t\t\t\t\t</div>","class":"","global_text_color":"","global_link_color":"","global_link_hover_color":"","global_use_background":"0","global_background_color":"","global_background_image":"","global_background_repeat":"no-repeat","global_background_size":"cover","global_background_attachment":"inherit","global_user_border":"0","global_border_width":"","global_border_color":"","global_boder_style":"none","global_border_radius":"","global_margin":"","global_padding":"","global_use_animation":"0","global_animation":"","global_animationduration":"300","global_animationdelay":"0","hidden_md":"0","hidden_sm":"0","hidden_xs":"0","acl":null}}]}]},{"id":1481379444687,"visibility":true,"collapse":false,"settings":{"admin_label":"","title":"","heading_selector":"h3","title_fontsize":"","title_fontweight":"","title_text_color":"","title_margin_top":"","title_margin_bottom":"","subtitle":"","subtitle_fontsize":"","title_position":"sppb-text-center","columns_equal_height":"0","fullscreen":"0","no_gutter":"0","id":"","class":"","padding":"50px 0px 50px 0px","margin":"0px 0px 0px 0px","color":"","background_color":"rgba(244, 244, 244, 1)","background_image":"","overlay":"","background_repeat":"no-repeat","background_size":"cover","background_attachment":"fixed","background_position":"0 0","background_video":"0","background_video_mp4":"","background_video_ogv":"","hidden_xs":"","hidden_sm":"","hidden_md":"","animation":"","animationduration":"300","animationdelay":"0"},"layout":"3,3,3,3","columns":[{"id":1479878536860,"class_name":"col-md-3","visibility":true,"settings":{"color":"","background":"","background_image":"","overlay":"","background_repeat":"no-repeat","background_size":"cover","background_attachment":"scroll","background_position":"0 0","padding":"","class":"counters","sm_col":"","xs_col":"","hidden_xs":"","hidden_sm":"","hidden_md":"","animation":"","animationduration":"300","animationdelay":"0"},"addons":[{"id":1479878536875,"name":"raw_html","visibility":true,"settings":{"admin_label":"","title":"","heading_selector":"h3","title_fontsize":"","title_lineheight":"","title_fontstyle":null,"title_letterspace":"0","title_fontweight":"","title_text_color":"","title_margin_top":"","title_margin_bottom":"","html":"<i class=\"fa fa-user\"></i>","class":"center","global_text_color":"","global_link_color":"","global_link_hover_color":"","global_use_background":"0","global_background_color":"","global_background_image":"","global_background_repeat":"no-repeat","global_background_size":"cover","global_background_attachment":"inherit","global_user_border":"0","global_border_width":"","global_border_color":"","global_boder_style":"none","global_border_radius":"","global_margin":"","global_padding":"","global_use_animation":"0","global_animation":"","global_animationduration":"300","global_animationdelay":"0","hidden_md":"0","hidden_sm":"0","hidden_xs":"0","acl":null}},{"id":1479878536863,"name":"animated_number","visibility":true,"settings":{"admin_label":"Happy clients","number":"20000","duration":"1000","font_size":"36","color":"","counter_title":"Happy clients","title_font_size":"18","alignment":"sppb-text-center","class":"","global_text_color":"rgba(46, 53, 62, 1)","global_link_color":"","global_link_hover_color":"","global_use_background":"0","global_background_color":"","global_background_image":"","global_background_repeat":"no-repeat","global_background_size":"cover","global_background_attachment":"inherit","global_user_border":"0","global_border_width":"","global_border_color":"","global_boder_style":"none","global_border_radius":"","global_margin":"","global_padding":"","global_use_animation":"1","global_animation":"fadeInUp","global_animationduration":"300","global_animationdelay":"0","hidden_md":"0","hidden_sm":"0","hidden_xs":"0","acl":null}}]},{"id":1479878536864,"class_name":"col-md-3","visibility":true,"settings":{"color":"","background":"","background_image":"","overlay":"","background_repeat":"no-repeat","background_size":"cover","background_attachment":"scroll","background_position":"0 0","padding":"","class":"counters","sm_col":"","xs_col":"","hidden_xs":"","hidden_sm":"","hidden_md":"","animation":"","animationduration":"300","animationdelay":"0"},"addons":[{"id":1479878536882,"name":"raw_html","visibility":true,"settings":{"admin_label":"","title":"","heading_selector":"h3","title_fontsize":"","title_lineheight":"","title_fontstyle":null,"title_letterspace":"0","title_fontweight":"","title_text_color":"","title_margin_top":"","title_margin_bottom":"","html":"<i class=\"fa fa-desktop\"></i>","class":"center","global_text_color":"","global_link_color":"","global_link_hover_color":"","global_use_background":"0","global_background_color":"","global_background_image":"","global_background_repeat":"no-repeat","global_background_size":"cover","global_background_attachment":"inherit","global_user_border":"0","global_border_width":"","global_border_color":"","global_boder_style":"none","global_border_radius":"","global_margin":"","global_padding":"","global_use_animation":"0","global_animation":"","global_animationduration":"300","global_animationdelay":"0","hidden_md":"0","hidden_sm":"0","hidden_xs":"0","acl":null}},{"id":1479878536885,"name":"animated_number","visibility":true,"settings":{"admin_label":"Years in Business","number":"19","duration":"996","font_size":"36","color":"","counter_title":"Premade HomePages","title_font_size":"18","alignment":"sppb-text-center","class":"","global_text_color":"rgba(46, 53, 62, 1)","global_link_color":"","global_link_hover_color":"","global_use_background":"0","global_background_color":"","global_background_image":"","global_background_repeat":"no-repeat","global_background_size":"cover","global_background_attachment":"inherit","global_user_border":"0","global_border_width":"","global_border_color":"","global_boder_style":"none","global_border_radius":"","global_margin":"","global_padding":"","global_use_animation":"0","global_animation":"","global_animationduration":"300","global_animationdelay":"0","hidden_md":"0","hidden_sm":"0","hidden_xs":"0","acl":null}}]},{"id":1479878536865,"class_name":"col-md-3","visibility":true,"settings":{"color":"","background":"","background_image":"","overlay":"","background_repeat":"no-repeat","background_size":"cover","background_attachment":"scroll","background_position":"0 0","padding":"","class":"counters","sm_col":"","xs_col":"","hidden_xs":"","hidden_sm":"","hidden_md":"","animation":"","animationduration":"300","animationdelay":"0"},"addons":[{"id":1479878536892,"name":"raw_html","visibility":true,"settings":{"admin_label":"","title":"","heading_selector":"h3","title_fontsize":"","title_lineheight":"","title_fontstyle":null,"title_letterspace":"0","title_fontweight":"","title_text_color":"","title_margin_top":"","title_margin_bottom":"","html":"<i class=\"fa fa-ticket\"></i>","class":"center","global_text_color":"","global_link_color":"","global_link_hover_color":"","global_use_background":"0","global_background_color":"","global_background_image":"","global_background_repeat":"no-repeat","global_background_size":"cover","global_background_attachment":"inherit","global_user_border":"0","global_border_width":"","global_border_color":"","global_boder_style":"none","global_border_radius":"","global_margin":"","global_padding":"","global_use_animation":"0","global_animation":"","global_animationduration":"300","global_animationdelay":"0","hidden_md":"0","hidden_sm":"0","hidden_xs":"0","acl":null}},{"id":1479878536895,"name":"animated_number","visibility":true,"settings":{"admin_label":"Cups of Coffee","number":"2500","duration":"1000","font_size":"36","color":"","counter_title":"Answered Tickets","title_font_size":"18","alignment":"sppb-text-center","class":"","global_text_color":"rgba(46, 53, 62, 1)","global_link_color":"","global_link_hover_color":"","global_use_background":"0","global_background_color":"","global_background_image":"","global_background_repeat":"no-repeat","global_background_size":"cover","global_background_attachment":"inherit","global_user_border":"0","global_border_width":"","global_border_color":"","global_boder_style":"none","global_border_radius":"","global_margin":"","global_padding":"","global_use_animation":"0","global_animation":"","global_animationduration":"300","global_animationdelay":"0","hidden_md":"0","hidden_sm":"0","hidden_xs":"0","acl":null}}]},{"id":1479878536866,"class_name":"col-md-3","visibility":true,"settings":{"color":"","background":"","background_image":"","overlay":"","background_repeat":"no-repeat","background_size":"cover","background_attachment":"scroll","background_position":"0 0","padding":"","class":"counters","sm_col":"","xs_col":"","hidden_xs":"","hidden_sm":"","hidden_md":"","animation":"","animationduration":"300","animationdelay":"0"},"addons":[{"id":1479878536900,"name":"raw_html","visibility":true,"settings":{"admin_label":"","title":"","heading_selector":"h3","title_fontsize":"","title_lineheight":"","title_fontstyle":null,"title_letterspace":"0","title_fontweight":"","title_text_color":"","title_margin_top":"","title_margin_bottom":"","html":"<i class=\"fa fa-clock-o\"></i>\n","class":"center","global_text_color":"","global_link_color":"","global_link_hover_color":"","global_use_background":"0","global_background_color":"","global_background_image":"","global_background_repeat":"no-repeat","global_background_size":"cover","global_background_attachment":"inherit","global_user_border":"0","global_border_width":"","global_border_color":"","global_boder_style":"none","global_border_radius":"","global_margin":"","global_padding":"","global_use_animation":"0","global_animation":"","global_animationduration":"300","global_animationdelay":"0","hidden_md":"0","hidden_sm":"0","hidden_xs":"0","acl":null}},{"id":1479878536903,"name":"animated_number","visibility":true,"settings":{"admin_label":"High Score","number":"3000","duration":"1000","font_size":"36","color":"","counter_title":"Development Hours","title_font_size":"18","alignment":"sppb-text-center","class":"","global_text_color":"rgba(46, 53, 62, 1)","global_link_color":"","global_link_hover_color":"","global_use_background":"0","global_background_color":"","global_background_image":"","global_background_repeat":"no-repeat","global_background_size":"cover","global_background_attachment":"inherit","global_user_border":"0","global_border_width":"","global_border_color":"","global_boder_style":"none","global_border_radius":"","global_margin":"","global_padding":"","global_use_animation":"0","global_animation":"","global_animationduration":"300","global_animationdelay":"0","hidden_md":"0","hidden_sm":"0","hidden_xs":"0","acl":null}}]}]},{"id":1481379444688,"visibility":true,"collapse":false,"settings":{"padding":"50px 0px 50px 0px","margin":"0px 0px 0px 0px"},"layout":"12","columns":[{"id":1481379444689,"class_name":"col-md-12","visibility":true,"settings":{},"addons":[{"id":1481379444692,"name":"raw_html","visibility":true,"settings":{"admin_label":"","title":"","heading_selector":"h3","title_fontsize":"","title_lineheight":"","title_fontstyle":null,"title_letterspace":"0","title_fontweight":"","title_text_color":"","title_margin_top":"","title_margin_bottom":"","html":"\n\t\t\t\t\t\t\t<div class=\"center\">\n\t\t\t\t\t\t\t\t<h2 class=\"mb-none mt-xl font-weight-semibold\">Leadership.</h2>\n\t\t\t\t\t\t\t\t<p class=\"lead mb-none\">Pellentesque pellentesque eget tempor tellus. </p>\n\t\t\t\t\t\t\t\t<div class=\"divider divider-primary divider-small divider-small-center mb-xl\">\n\t\t\t\t\t\t\t\t\t<hr>\n\t\t\t\t\t\t\t\t</div>\n\t\t\t\t\t\t\t</div>\n\t\t\t\t\t\t</div>\n\t\t\t\t\t\t<div class=\"row mt-lg\">\n\t\t\t\t\t\t\t<div class=\"col-md-8 col-md-offset-2\">\n\t\t\t\t\t\t\t\t<div class=\"row mt-lg\">\n\t\t\t\t\t\t\t\t\t<div class=\"col-md-3 col-xs-12 center mb-lg\">\n\t\t\t\t\t\t\t\t\t\t<h4 class=\"mt-md mb-none\">David Doe</h4>\n\t\t\t\t\t\t\t\t\t\t<p class=\"mb-none\">CEO</p>\n\t\t\t\t\t\t\t\t\t\t<span class=\"thumb-info-social-icons mt-sm pb-none\">\n\t\t\t\t\t\t\t\t\t\t\t<a href=\"http://www.facebook.com\" target=\"_blank\"><i class=\"fa fa-facebook\"></i><span>Facebook</span></a>\n\t\t\t\t\t\t\t\t\t\t\t<a href=\"http://www.twitter.com\"><i class=\"fa fa-twitter\"></i><span>Twitter</span></a>\n\t\t\t\t\t\t\t\t\t\t\t<a href=\"http://www.linkedin.com\"><i class=\"fa fa-linkedin\"></i><span>Linkedin</span></a>\n\t\t\t\t\t\t\t\t\t\t</span>\n\t\t\t\t\t\t\t\t\t</div>\n\t\t\t\t\t\t\t\t\t<div class=\"col-md-3 col-xs-12 center mb-lg\">\n\t\t\t\t\t\t\t\t\t\t<h4 class=\"mt-md mb-none\">Jeff Doe</h4>\n\t\t\t\t\t\t\t\t\t\t<p class=\"mb-none\">CMO</p>\n\t\t\t\t\t\t\t\t\t\t<span class=\"thumb-info-social-icons mt-sm pb-none\">\n\t\t\t\t\t\t\t\t\t\t\t<a href=\"mailto:mail@example.com\"><i class=\"fa fa-envelope\"></i><span>Email</span></a>\n\t\t\t\t\t\t\t\t\t\t\t<a href=\"http://www.linkedin.com\"><i class=\"fa fa-linkedin\"></i><span>Linkedin</span></a>\n\t\t\t\t\t\t\t\t\t\t</span>\n\t\t\t\t\t\t\t\t\t</div>\n\t\t\t\t\t\t\t\t\t<div class=\"col-md-3 col-xs-12 center mb-lg\">\n\t\t\t\t\t\t\t\t\t\t<h4 class=\"mt-md mb-none\">Craig Doe</h4>\n\t\t\t\t\t\t\t\t\t\t<p class=\"mb-none\">COO</p>\n\t\t\t\t\t\t\t\t\t\t<span class=\"thumb-info-social-icons mt-sm pb-none\">\n\t\t\t\t\t\t\t\t\t\t\t<a href=\"http://www.facebook.com\" target=\"_blank\"><i class=\"fa fa-facebook\"></i><span>Facebook</span></a>\n\t\t\t\t\t\t\t\t\t\t\t<a href=\"http://www.twitter.com\"><i class=\"fa fa-twitter\"></i><span>Twitter</span></a>\n\t\t\t\t\t\t\t\t\t\t\t<a href=\"http://www.linkedin.com\"><i class=\"fa fa-linkedin\"></i><span>Linkedin</span></a>\n\t\t\t\t\t\t\t\t\t\t</span>\n\t\t\t\t\t\t\t\t\t</div>\n\t\t\t\t\t\t\t\t\t<div class=\"col-md-3 col-xs-12 center mb-lg\">\n\t\t\t\t\t\t\t\t\t\t<h4 class=\"mt-md mb-none\">Richard Doe</h4>\n\t\t\t\t\t\t\t\t\t\t<p class=\"mb-none\">President</p>\n\t\t\t\t\t\t\t\t\t\t<span class=\"thumb-info-social-icons mt-sm pb-none\">\n\t\t\t\t\t\t\t\t\t\t\t<a href=\"http://www.linkedin.com\"><i class=\"fa fa-linkedin\"></i><span>Linkedin</span></a>\n\t\t\t\t\t\t\t\t\t\t</span>\n\t\t\t\t\t\t\t\t\t</div>\n\t\t\t\t\t\t\t\t</div>\n\t\t\t\t\t\t\t</div>","class":"","global_text_color":"","global_link_color":"","global_link_hover_color":"","global_use_background":"0","global_background_color":"","global_background_image":"","global_background_repeat":"no-repeat","global_background_size":"cover","global_background_attachment":"inherit","global_user_border":"0","global_border_width":"","global_border_color":"","global_boder_style":"none","global_border_radius":"","global_margin":"","global_padding":"","global_use_animation":"0","global_animation":"","global_animationduration":"300","global_animationdelay":"0","hidden_md":"0","hidden_sm":"0","hidden_xs":"0","acl":null}}]}]},{"id":1481379444693,"visibility":true,"collapse":false,"settings":{"admin_label":"","title":"","heading_selector":"h3","title_fontsize":"","title_fontweight":"","title_text_color":"","title_margin_top":"","title_margin_bottom":"","subtitle":"","subtitle_fontsize":"","title_position":"sppb-text-center","columns_equal_height":"0","fullscreen":"1","no_gutter":"1","id":"","class":"","padding":"50px 0px 50px 0px","margin":"0px 0px 0px 0px","color":"","background_color":"rgba(244, 244, 244, 1)","background_image":"","overlay":"","background_repeat":"no-repeat","background_size":"cover","background_attachment":"fixed","background_position":"0 0","background_video":"0","background_video_mp4":"","background_video_ogv":"","hidden_xs":"","hidden_sm":"","hidden_md":"","animation":"","animationduration":"300","animationdelay":"0"},"layout":"12","columns":[{"id":1481379444694,"class_name":"col-md-12","visibility":true,"settings":{},"addons":[{"id":1481379444697,"name":"raw_html","visibility":true,"settings":{"admin_label":"","title":"","heading_selector":"h3","title_fontsize":"","title_lineheight":"","title_fontstyle":null,"title_letterspace":"0","title_fontweight":"","title_text_color":"","title_margin_top":"","title_margin_bottom":"","html":"<div class=\"container\">\n\t\t\t\t\t\t<div class=\"row\">\n\t\t\t\t\t\t\t<div class=\"col-md-12 center\">\n\t\t\t\t\t\t\t\t<h2 class=\"mb-none mt-xl font-weight-semibold\">Clients.</h2>\n\t\t\t\t\t\t\t\t<p class=\"lead mb-none\">Pellentesque pellentesque eget tempor tellus. </p>\n\t\t\t\t\t\t\t\t<div class=\"divider divider-primary divider-small divider-small-center mb-xl\">\n\t\t\t\t\t\t\t\t\t<hr>\n\t\t\t\t\t\t\t\t</div>\n\t\t\t\t\t\t\t</div>\n\t\t\t\t\t\t</div>\n\t\t\t\t\t\t<div class=\"row mt-lg\">\n\t\t\t\t\t\t\t<div class=\"content-grid content-grid-dashed mt-xlg mb-lg\">\n\t\t\t\t\t\t\t\t<div class=\"row content-grid-row\">\n\t\t\t\t\t\t\t\t\t<div class=\"content-grid-item col-md-4 center\">\n\t\t\t\t\t\t\t\t\t\t<img class=\"img-responsive\" src=\"images/joomlabuff/clients-logos/logo-1.png\" alt=\"\">\n\t\t\t\t\t\t\t\t\t</div>\n\t\t\t\t\t\t\t\t\t<div class=\"content-grid-item col-md-4 center\">\n\t\t\t\t\t\t\t\t\t\t<img class=\"img-responsive\" src=\"images/joomlabuff/clients-logos/logo-2.png\" alt=\"\">\n\t\t\t\t\t\t\t\t\t</div>\n\t\t\t\t\t\t\t\t\t<div class=\"content-grid-item col-md-4 center\">\n\t\t\t\t\t\t\t\t\t\t<img class=\"img-responsive\" src=\"images/joomlabuff/clients-logos/logo-3.png\" alt=\"\">\n\t\t\t\t\t\t\t\t\t</div>\n\t\t\t\t\t\t\t\t</div>\n\t\t\t\t\t\t\t\t<div class=\"row content-grid-row\">\n\t\t\t\t\t\t\t\t\t<div class=\"content-grid-item col-md-4 center\">\n\t\t\t\t\t\t\t\t\t\t<img class=\"img-responsive\" src=\"images/joomlabuff/clients-logos/logo-4.png\" alt=\"\">\n\t\t\t\t\t\t\t\t\t</div>\n\t\t\t\t\t\t\t\t\t<div class=\"content-grid-item col-md-4 center\">\n\t\t\t\t\t\t\t\t\t\t<img class=\"img-responsive\" src=\"images/joomlabuff/clients-logos/logo-5.png\" alt=\"\">\n\t\t\t\t\t\t\t\t\t</div>\n\t\t\t\t\t\t\t\t\t<div class=\"content-grid-item col-md-4 center\">\n\t\t\t\t\t\t\t\t\t\t<img class=\"img-responsive\" src=\"images/joomlabuff/clients-logos/logo-6.png\" alt=\"\">\n\t\t\t\t\t\t\t\t\t</div>\n\t\t\t\t\t\t\t\t</div>\n\t\t\t\t\t\t\t</div>\n\t\t\t\t\t\t</div>\n\t\t\t\t\t</div>","class":"","global_text_color":"","global_link_color":"","global_link_hover_color":"","global_use_background":"0","global_background_color":"rgba(244, 244, 244, 1)","global_background_image":"","global_background_repeat":"no-repeat","global_background_size":"cover","global_background_attachment":"inherit","global_user_border":"0","global_border_width":"","global_border_color":"","global_boder_style":"none","global_border_radius":"","global_margin":"0 0 0 0","global_padding":"0 0 0 0","global_use_animation":"0","global_animation":"","global_animationduration":"300","global_animationdelay":"0","hidden_md":"0","hidden_sm":"0","hidden_xs":"0","acl":null}}]}]}]