[{"id":1481384670560,"visibility":true,"collapse":false,"settings":{"admin_label":"","title":"","heading_selector":"h3","title_fontsize":"","title_fontweight":"","title_text_color":"","title_margin_top":"","title_margin_bottom":"","subtitle":"","subtitle_fontsize":"","title_position":"sppb-text-center","columns_equal_height":"0","fullscreen":"0","no_gutter":"0","id":"","class":"section section-text-light","padding":"50px 0px 50px 0px","margin":"0px 0px 0px 0px","color":"","background_color":"","background_image":"images/joomlabuff/slideshow/digital-agency/slide-corporate-6.jpg","overlay":"rgba(0, 0, 0, 0.75)","background_repeat":"no-repeat","background_size":"cover","background_attachment":"fixed","background_position":"0 0","background_video":"0","background_video_mp4":"media/videos/2016/12/10/landing.mp4","background_video_ogv":"","hidden_xs":"","hidden_sm":"","hidden_md":"","animation":"","animationduration":"300","animationdelay":"0"},"layout":"12","columns":[{"id":1481382069554,"class_name":"col-md-12","visibility":true,"settings":{},"addons":[{"id":1481382069557,"name":"raw_html","visibility":true,"settings":{"admin_label":"","title":"","heading_selector":"h3","title_fontsize":"","title_lineheight":"","title_fontstyle":null,"title_letterspace":"0","title_fontweight":"","title_text_color":"","title_margin_top":"","title_margin_bottom":"","html":"<div class=\"col-md-8 col-md-offset-2 mt-xlg title-with-video-custom center\">\n\t\t\t\t\t\t\t<h1 class=\"mt-xlg font-weight-semibold text-uppercase\">Works.</h1>\n\t\t\t\t\t\t\t<p class=\"mb-none lead\">Lorem ipsum dolor sit amet, consectetuer adipiscing elit. Aenean commodo ligula eget dolor. Aenean massa. Nulla consequat massa quis enim.</p>\n\t\t\t\t\t\t</div>","class":"","global_text_color":"","global_link_color":"","global_link_hover_color":"","global_use_background":"0","global_background_color":"","global_background_image":"","global_background_repeat":"no-repeat","global_background_size":"cover","global_background_attachment":"inherit","global_user_border":"0","global_border_width":"","global_border_color":"","global_boder_style":"none","global_border_radius":"","global_margin":"","global_padding":"","global_use_animation":"0","global_animation":"","global_animationduration":"300","global_animationdelay":"0","hidden_md":"0","hidden_sm":"0","hidden_xs":"0","acl":null}}]}]},{"id":1481384670563,"visibility":true,"collapse":false,"settings":{"padding":"50px 0px 50px 0px","margin":"0px 0px 0px 0px"},"layout":"12","columns":[{"id":1481384670564,"class_name":"col-md-12","visibility":true,"settings":{},"addons":[{"id":1481384670567,"name":"module","visibility":true,"settings":{"admin_label":"","title":"","heading_selector":"h3","title_fontsize":"","title_lineheight":"","title_fontstyle":null,"title_letterspace":"0","title_fontweight":"","title_text_color":"","title_margin_top":"","title_margin_bottom":"","module_type":"module","id":"135","position":"","class":"","global_text_color":"","global_link_color":"","global_link_hover_color":"","global_use_background":"0","global_background_color":"","global_background_image":"","global_background_repeat":"no-repeat","global_background_size":"cover","global_background_attachment":"inherit","global_user_border":"0","global_border_width":"","global_border_color":"","global_boder_style":"none","global_border_radius":"","global_margin":"","global_padding":"","global_use_animation":"0","global_animation":"","global_animationduration":"300","global_animationdelay":"0","hidden_md":"0","hidden_sm":"0","hidden_xs":"0","acl":null}}]}]}]