[{"id":1481305219595,"visibility":true,"collapse":false,"settings":{"padding":"50px 0px 50px 0px","margin":"0px 0px 0px 0px"},"layout":"12","columns":[{"id":1481305219596,"class_name":"col-md-12","visibility":true,"settings":{},"addons":[{"id":1481305782057,"name":"raw_html","visibility":true,"settings":{"admin_label":"","title":"","heading_selector":"h3","title_fontsize":"","title_lineheight":"","title_fontstyle":null,"title_letterspace":"0","title_fontweight":"","title_text_color":"","title_margin_top":"","title_margin_bottom":"","html":"<div class=\"col-md-10 col-md-offset-1\">\n\n\t\t\t\t\t\t\t<div class=\"tabs tabs-bottom tabs-center tabs-simple mt-sm mb-xl\">\n\t\t\t\t\t\t\t\t<ul class=\"nav nav-tabs\">\n\t\t\t\t\t\t\t\t\t<li class=\"\">\n\t\t\t\t\t\t\t\t\t\t<a href=\"#tabsNavigationSimpleIcons1\" data-toggle=\"tab\" aria-expanded=\"false\">\n\t\t\t\t\t\t\t\t\t\t\t<span class=\"featured-boxes featured-boxes-style-6 p-none m-none\">\n\t\t\t\t\t\t\t\t\t\t\t\t<span class=\"featured-box featured-box-primary featured-box-effect-6 p-none m-none\" style=\"height: 100px;\">\n\t\t\t\t\t\t\t\t\t\t\t\t\t<span class=\"box-content p-none m-none\">\n\t\t\t\t\t\t\t\t\t\t\t\t\t\t<i class=\"icon-featured icon-bulb icons\"></i>\n\t\t\t\t\t\t\t\t\t\t\t\t\t</span>\n\t\t\t\t\t\t\t\t\t\t\t\t</span>\n\t\t\t\t\t\t\t\t\t\t\t</span>\t\t\t\t\t\t\t\t\t\n\t\t\t\t\t\t\t\t\t\t\t<p class=\"mb-none pb-none\">Strategy</p>\n\t\t\t\t\t\t\t\t\t\t</a>\n\t\t\t\t\t\t\t\t\t</li>\n\t\t\t\t\t\t\t\t\t<li class=\"active\">\n\t\t\t\t\t\t\t\t\t\t<a href=\"#tabsNavigationSimpleIcons2\" data-toggle=\"tab\" aria-expanded=\"true\">\n\t\t\t\t\t\t\t\t\t\t\t<span class=\"featured-boxes featured-boxes-style-6 p-none m-none\">\n\t\t\t\t\t\t\t\t\t\t\t\t<span class=\"featured-box featured-box-primary featured-box-effect-6 p-none m-none\" style=\"height: 100px;\">\n\t\t\t\t\t\t\t\t\t\t\t\t\t<span class=\"box-content p-none m-none\">\n\t\t\t\t\t\t\t\t\t\t\t\t\t\t<i class=\"icon-featured icon-mustache icons\"></i>\n\t\t\t\t\t\t\t\t\t\t\t\t\t</span>\n\t\t\t\t\t\t\t\t\t\t\t\t</span>\n\t\t\t\t\t\t\t\t\t\t\t</span>\t\t\t\t\t\t\t\t\t\n\t\t\t\t\t\t\t\t\t\t\t<p class=\"mb-none pb-none\">Creative</p>\n\t\t\t\t\t\t\t\t\t\t</a>\n\t\t\t\t\t\t\t\t\t</li>\n\t\t\t\t\t\t\t\t\t<li class=\"\">\n\t\t\t\t\t\t\t\t\t\t<a href=\"#tabsNavigationSimpleIcons3\" data-toggle=\"tab\" aria-expanded=\"false\">\n\t\t\t\t\t\t\t\t\t\t\t<span class=\"featured-boxes featured-boxes-style-6 p-none m-none\">\n\t\t\t\t\t\t\t\t\t\t\t\t<span class=\"featured-box featured-box-primary featured-box-effect-6 p-none m-none\" style=\"height: 100px;\">\n\t\t\t\t\t\t\t\t\t\t\t\t\t<span class=\"box-content p-none m-none\">\n\t\t\t\t\t\t\t\t\t\t\t\t\t\t<i class=\"icon-featured icon-puzzle icons\"></i>\n\t\t\t\t\t\t\t\t\t\t\t\t\t</span>\n\t\t\t\t\t\t\t\t\t\t\t\t</span>\n\t\t\t\t\t\t\t\t\t\t\t</span>\t\t\t\t\t\t\t\t\t\n\t\t\t\t\t\t\t\t\t\t\t<p class=\"mb-none pb-none\">Development</p>\n\t\t\t\t\t\t\t\t\t\t</a>\n\t\t\t\t\t\t\t\t\t</li>\n\t\t\t\t\t\t\t\t\t<li class=\"\">\n\t\t\t\t\t\t\t\t\t\t<a href=\"#tabsNavigationSimpleIcons4\" data-toggle=\"tab\" aria-expanded=\"false\">\n\t\t\t\t\t\t\t\t\t\t\t<span class=\"featured-boxes featured-boxes-style-6 p-none m-none\">\n\t\t\t\t\t\t\t\t\t\t\t\t<span class=\"featured-box featured-box-primary featured-box-effect-6 p-none m-none\" style=\"height: 100px;\">\n\t\t\t\t\t\t\t\t\t\t\t\t\t<span class=\"box-content p-none m-none\">\n\t\t\t\t\t\t\t\t\t\t\t\t\t\t<i class=\"icon-featured icon-rocket icons\"></i>\n\t\t\t\t\t\t\t\t\t\t\t\t\t</span>\n\t\t\t\t\t\t\t\t\t\t\t\t</span>\n\t\t\t\t\t\t\t\t\t\t\t</span>\t\t\t\t\t\t\t\t\t\n\t\t\t\t\t\t\t\t\t\t\t<p class=\"mb-none pb-none\">Marketing</p>\n\t\t\t\t\t\t\t\t\t\t</a>\n\t\t\t\t\t\t\t\t\t</li>\n\t\t\t\t\t\t\t\t</ul>\n\t\t\t\t\t\t\t\t<div class=\"tab-content\">\n\t\t\t\t\t\t\t\t\t<div class=\"tab-pane\" id=\"tabsNavigationSimpleIcons1\">\n\t\t\t\t\t\t\t\t\t\t<div class=\"center\">\n\t\t\t\t\t\t\t\t\t\t\t<p>Lorem ipsum dolor sit amet, consectetur adipiscing elit. Curabitur pellentesque neque eget diam posuere porta. Quisque ut nulla at nunc <a href=\"#\">vehicula</a> lacinia. Proin adipiscing porta tellus, ut feugiat nibh adipiscing sit amet. In eu justo a felis faucibus ornare vel id metus. Vestibulum ante ipsum primis in faucibus orci luctus et ultrices posuere cubilia Curae;</p>\n\t\t\t\t\t\t\t\t\t\t</div>\n\t\t\t\t\t\t\t\t\t</div>\n\t\t\t\t\t\t\t\t\t<div class=\"tab-pane active\" id=\"tabsNavigationSimpleIcons2\">\n\t\t\t\t\t\t\t\t\t\t<div class=\"center\">\n\t\t\t\t\t\t\t\t\t\t\t<p>Lorem ipsum dolor sit amet, consectetur adipiscing elit. Curabitur pellentesque neque eget diam posuere porta. Quisque ut nulla at nunc <a href=\"#\">vehicula</a> lacinia. Proin adipiscing porta tellus, ut feugiat nibh adipiscing sit amet. In eu justo a felis faucibus ornare vel id metus. Proin adipiscing porta tellus, ut feugiat nibh adipiscing sit amet. In eu justo a felis faucibus ornare vel id metus. Vestibulum ante ipsum primis in faucibus orci luctus et ultrices posuere cubilia Curae;</p>\n\t\t\t\t\t\t\t\t\t\t</div>\n\t\t\t\t\t\t\t\t\t</div>\n\t\t\t\t\t\t\t\t\t<div class=\"tab-pane\" id=\"tabsNavigationSimpleIcons3\">\n\t\t\t\t\t\t\t\t\t\t<div class=\"center\">\n\t\t\t\t\t\t\t\t\t\t\t<p>Lorem ipsum dolor sit amet, consectetur adipiscing elit. Curabitur pellentesque neque eget diam posuere porta. Quisque ut nulla at nunc <a href=\"#\">vehicula</a> lacinia. Proin adipiscing porta tellus, ut feugiat nibh adipiscing sit amet. In eu justo a felis faucibus ornare vel id metus.Proin adipiscing porta tellus, ut feugiat nibh adipiscing sit amet. In eu justo a felis faucibus ornare vel id metus. Proin adipiscing porta tellus, ut feugiat nibh adipiscing sit amet. In eu justo a felis faucibus ornare vel id metus. Vestibulum ante ipsum primis in faucibus orci luctus et ultrices posuere cubilia Curae;</p>\n\t\t\t\t\t\t\t\t\t\t</div>\n\t\t\t\t\t\t\t\t\t</div>\n\t\t\t\t\t\t\t\t\t<div class=\"tab-pane\" id=\"tabsNavigationSimpleIcons4\">\n\t\t\t\t\t\t\t\t\t\t<div class=\"center\">\n\t\t\t\t\t\t\t\t\t\t\t<p>Lorem ipsum dolor sit amet, consectetur adipiscing elit. Curabitur pellentesque neque eget diam posuere porta. Quisque ut nulla at nunc <a href=\"#\">vehicula</a> lacinia. In eu justo a felis faucibus ornare vel id metus. Vestibulum ante ipsum primis in faucibus orci luctus et ultrices posuere cubilia Curae;</p>\n\t\t\t\t\t\t\t\t\t\t</div>\n\t\t\t\t\t\t\t\t\t</div>\n\t\t\t\t\t\t\t\t</div>\n\t\t\t\t\t\t\t</div>\n\n\t\t\t\t\t\t\t<p class=\"center\">\n\t\t\t\t\t\t\t\t<a class=\"btn btn-default mt-md\" href=\"demo-digital-agency-services.html\">Learn More <i class=\"fa fa-angle-right pl-xs\"></i></a>\n\t\t\t\t\t\t\t</p>\n\t\t\t\t\t\t</div>","class":"","global_text_color":"","global_link_color":"","global_link_hover_color":"","global_use_background":"0","global_background_color":"","global_background_image":"","global_background_repeat":"no-repeat","global_background_size":"cover","global_background_attachment":"inherit","global_user_border":"0","global_border_width":"","global_border_color":"","global_boder_style":"none","global_border_radius":"","global_margin":"","global_padding":"","global_use_animation":"0","global_animation":"","global_animationduration":"300","global_animationdelay":"0","hidden_md":"0","hidden_sm":"0","hidden_xs":"0","acl":null}}]}]},{"id":1481305782058,"visibility":true,"collapse":false,"settings":{"admin_label":"","title":"","heading_selector":"h3","title_fontsize":"","title_fontweight":"","title_text_color":"","title_margin_top":"","title_margin_bottom":"","subtitle":"","subtitle_fontsize":"","title_position":"sppb-text-center","columns_equal_height":"0","fullscreen":"0","no_gutter":"0","id":"","class":"","padding":"50px 0px 50px 0px","margin":"0px 0px 0px 0px","color":"","background_color":"rgba(40, 40, 40, 1)","background_image":"","overlay":"","background_repeat":"no-repeat","background_size":"cover","background_attachment":"fixed","background_position":"0 0","background_video":"0","background_video_mp4":"","background_video_ogv":"","hidden_xs":"","hidden_sm":"","hidden_md":"","animation":"","animationduration":"300","animationdelay":"0"},"layout":"12","columns":[{"id":1481305782059,"class_name":"col-md-12","visibility":true,"settings":{},"addons":[{"id":1481305782062,"name":"raw_html","visibility":true,"settings":{"admin_label":"","title":"","heading_selector":"h3","title_fontsize":"","title_lineheight":"","title_fontstyle":null,"title_letterspace":"0","title_fontweight":"","title_text_color":"","title_margin_top":"","title_margin_bottom":"","html":"\t\t\t\t\t\t\t<div class=\"center\">\n\t\t\t\t\t\t\t\t<h2 class=\"mb-none mt-none font-weight-semibold text-light\">Who We Are:</h2>\n\t\t\t\t\t\t\t\t<p class=\"lead mb-xlg\">Pellentesque pellentesque eget tempor tellus. </p>\n\t\t\t\t\t\t\t\t<div class=\"divider divider-primary divider-small divider-small-center mb-xl\">\n\t\t\t\t\t\t\t\t\t<hr>\n\t\t\t\t\t\t\t\t</div>\n\t\t\t\t\t\t\t\t<p class=\"mb-none text-light\">Lorem ipsum dolor sit amet, consectetur adipiscing elit. Curabitur pellentesque neque eget diam posuere porta. Quisque ut nulla at nunc <a href=\"#\">vehicula</a> lacinia. Proin adipiscing porta tellus, ut feugiat nibh adipiscing sit amet. In eu justo a felis faucibus ornare vel id metus. Vestibulum ante ipsum primis in faucibus orci luctus et ultrices posuere cubilia Curae; In eu libero ligula. Fusce eget metus lorem, ac viverra leo. Nullam convallis, arcu vel pellentesque sodales, nisi est varius diam, ac ultrices sem ante quis sem. Proin ultricies volutpat sapien, nec scelerisque ligula mollis lobortis.</p>\n\n\t\t\t\t\t\t\t\t<a class=\"btn btn-primary mt-xl mb-sm\" href=\"demo-digital-agency-about.html\">Learn More <i class=\"fa fa-angle-right pl-xs\"></i></a>\n\t\t\t\t\t\t\t</div>\n\t\t\t\t\t\t","class":"","global_text_color":"","global_link_color":"","global_link_hover_color":"","global_use_background":"0","global_background_color":"","global_background_image":"","global_background_repeat":"no-repeat","global_background_size":"cover","global_background_attachment":"inherit","global_user_border":"0","global_border_width":"","global_border_color":"","global_boder_style":"none","global_border_radius":"","global_margin":"","global_padding":"","global_use_animation":"0","global_animation":"","global_animationduration":"300","global_animationdelay":"0","hidden_md":"0","hidden_sm":"0","hidden_xs":"0","acl":null}}]}]},{"id":1481307541531,"visibility":true,"collapse":false,"settings":{"admin_label":"","title":"","heading_selector":"h3","title_fontsize":"","title_fontweight":"","title_text_color":"","title_margin_top":"","title_margin_bottom":"","subtitle":"","subtitle_fontsize":"","title_position":"sppb-text-center","columns_equal_height":"0","fullscreen":"0","no_gutter":"0","id":"","class":"","padding":"50px 0px 0px 0px","margin":"0px 0px 0px 0px","color":"","background_color":"","background_image":"","overlay":"","background_repeat":"no-repeat","background_size":"cover","background_attachment":"fixed","background_position":"0 0","background_video":"0","background_video_mp4":"","background_video_ogv":"","hidden_xs":"","hidden_sm":"","hidden_md":"","animation":"","animationduration":"300","animationdelay":"0"},"layout":"12","columns":[{"id":1481307541532,"class_name":"col-md-12","visibility":true,"settings":{},"addons":[{"id":1481307541535,"name":"portorecentwork","visibility":true,"settings":{"admin_label":"Recent works","title":"Recent Work","description":"Pellentesque pellentesque eget tempor tellus.","items":"1","loop":"1","mouseDrag":"1","autoplay":"0","autoplay_interval":"5000","nav":"1","dots":"0","sp_portorecentwork_item":[{"work_link":"#","work_image":"images/previews/areas/content-7.png"},{"work_link":"#","work_image":"images/previews/areas/content-5.png"}],"class":"","global_text_color":"","global_link_color":"","global_link_hover_color":"","global_use_background":"0","global_background_color":"","global_background_image":"","global_background_repeat":"no-repeat","global_background_size":"cover","global_background_attachment":"inherit","global_user_border":"0","global_border_width":"","global_border_color":"","global_boder_style":"none","global_border_radius":"","global_margin":"","global_padding":"","global_use_animation":"0","global_animation":"","global_animationduration":"300","global_animationdelay":"0","hidden_md":"0","hidden_sm":"0","hidden_xs":"0","acl":null}}]}]},{"id":1481352707547,"visibility":true,"collapse":false,"settings":{"admin_label":"who loves us","title":"","heading_selector":"h2","title_fontsize":"30","title_fontweight":"600","title_text_color":"","title_margin_top":"","title_margin_bottom":"","subtitle":"","subtitle_fontsize":"","title_position":"sppb-text-center","columns_equal_height":"0","fullscreen":"0","no_gutter":"0","id":"","class":"section section-tertiary section-front mt-none","padding":"50px 0px 50px 0px","margin":"0px 0px 0px 0px","color":"","background_color":"rgba(223, 229, 234, 1)","background_image":"","overlay":"","background_repeat":"no-repeat","background_size":"cover","background_attachment":"fixed","background_position":"0 0","background_video":"0","background_video_mp4":"","background_video_ogv":"","hidden_xs":"","hidden_sm":"","hidden_md":"","animation":"","animationduration":"300","animationdelay":"0"},"layout":"12","columns":[{"id":1481352707548,"class_name":"col-md-12","visibility":true,"settings":{},"addons":[{"id":1481352707551,"name":"raw_html","visibility":true,"settings":{"admin_label":"","title":"","heading_selector":"h3","title_fontsize":"","title_lineheight":"","title_fontstyle":null,"title_letterspace":"0","title_fontweight":"","title_text_color":"","title_margin_top":"","title_margin_bottom":"","html":"<div class=\"center\">\n\t\t\t\t\t\t\t\t\n\t\t\t\t\t\t\t\t\t\n\t\t\t\t\t\t\t\t\t\t<h2 class=\"mb-none mt-xl font-weight-semibold text-dark\">Who Loves Us</h2>\n\t\t\t\t\t\t\t\t\t\t<p class=\"lead mb-xlg\">Pellentesque pellentesque eget tempor tellus. </p>\n\t\t\t\t\t\t\t\t\t\t<div class=\"divider divider-primary divider-small divider-small-center mb-xl\">\n\t\t\t\t\t\t\t\t\t\t\t<hr>\n\t\t\t\t\t\t\t\t\t\t</div>\n\t\t\t\t\t\t\t\t\t</div>\n\t\t\t\t\t\t\t\t</div>\n\t\t\t\t\t\t\t\t<div class=\"row\">\n\t\t\t\t\t\t\t\t\t<div class=\"col-md-4\">\n\t\t\t\t\t\t\t\t\t\t<div class=\"testimonial testimonial-style-2 appear-animation animated fadeInLeft appear-animation-visible\" data-appear-animation=\"fadeInLeft\" data-appear-animation-delay=\"300\">\n\t\t\t\t\t\t\t\t\t\t\t<blockquote>\n\t\t\t\t\t\t\t\t\t\t\t\t<p>Lorem ipsum dolor sit amet, consectetur adipiscing elit. Donec hendrerit vehicula est, in consequat.</p>\n\t\t\t\t\t\t\t\t\t\t\t</blockquote>\n\t\t\t\t\t\t\t\t\t\t\t<div class=\"testimonial-arrow-down\"></div>\n\t\t\t\t\t\t\t\t\t\t\t<div class=\"testimonial-author\">\n\t\t\t\t\t\t\t\t\t\t\t\t<img src=\"images/joomlabuff/clients/client-1.jpg\" class=\"img-responsive img-circle\" alt=\"\">\n\t\t\t\t\t\t\t\t\t\t\t\t<p><strong>John Smith</strong><span>CEO & Founder - Okler</span></p>\n\t\t\t\t\t\t\t\t\t\t\t</div>\n\t\t\t\t\t\t\t\t\t\t</div>\n\t\t\t\t\t\t\t\t\t</div>\t\t\t\t\t\t\t\t\n\t\t\t\t\t\t\t\t\t<div class=\"col-md-4\">\n\t\t\t\t\t\t\t\t\t\t<div class=\"testimonial testimonial-style-2 appear-animation animated fadeInUp appear-animation-visible\" data-appear-animation=\"fadeInUp\" data-appear-animation-delay=\"600\">\n\t\t\t\t\t\t\t\t\t\t\t<blockquote>\n\t\t\t\t\t\t\t\t\t\t\t\t<p>Lorem ipsum dolor sit amet, consectetur adipiscing elit. Donec hendrerit vehicula est, in consequat.</p>\n\t\t\t\t\t\t\t\t\t\t\t</blockquote>\n\t\t\t\t\t\t\t\t\t\t\t<div class=\"testimonial-arrow-down\"></div>\n\t\t\t\t\t\t\t\t\t\t\t<div class=\"testimonial-author\">\n\t\t\t\t\t\t\t\t\t\t\t\t<img src=\"images/joomlabuff/clients/client-2.jpg\" class=\"img-responsive img-circle\" alt=\"\">\n\t\t\t\t\t\t\t\t\t\t\t\t<p><strong>Jessica Doe</strong><span>Marketing - Okler</span></p>\n\t\t\t\t\t\t\t\t\t\t\t</div>\n\t\t\t\t\t\t\t\t\t\t</div>\n\t\t\t\t\t\t\t\t\t</div>\n\t\t\t\t\t\t\t\t\t<div class=\"col-md-4\">\n\t\t\t\t\t\t\t\t\t\t<div class=\"testimonial testimonial-style-2 appear-animation animated fadeInRight appear-animation-visible\" data-appear-animation=\"fadeInRight\" data-appear-animation-delay=\"700\">\n\t\t\t\t\t\t\t\t\t\t\t<blockquote>\n\t\t\t\t\t\t\t\t\t\t\t\t<p>Lorem ipsum dolor sit amet, consectetur adipiscing elit. Donec hendrerit vehicula est, in consequat.</p>\n\t\t\t\t\t\t\t\t\t\t\t</blockquote>\n\t\t\t\t\t\t\t\t\t\t\t<div class=\"testimonial-arrow-down\"></div>\n\t\t\t\t\t\t\t\t\t\t\t<div class=\"testimonial-author\">\n\t\t\t\t\t\t\t\t\t\t\t\t<img src=\"images/joomlabuff/clients/client-3.jpg\" class=\"img-responsive img-circle\" alt=\"\">\n\t\t\t\t\t\t\t\t\t\t\t\t<p><strong>Bob Smith</strong><span>CEO & Founder - Okler</span></p>\n\t\t\t\t\t\t\t\t\t\t\t</div>\n\t\t\t\t\t\t\t\t\t\t</div>\n\t\t\t\t\t\t\t\t\t</div>\n\t\t\t\t\t\t\t\t","class":"","global_text_color":"","global_link_color":"","global_link_hover_color":"","global_use_background":"0","global_background_color":"","global_background_image":"","global_background_repeat":"no-repeat","global_background_size":"cover","global_background_attachment":"inherit","global_user_border":"0","global_border_width":"","global_border_color":"","global_boder_style":"none","global_border_radius":"","global_margin":"","global_padding":"","global_use_animation":"0","global_animation":"","global_animationduration":"300","global_animationdelay":"0","hidden_md":"0","hidden_sm":"0","hidden_xs":"0","acl":null}}]}]},{"id":1481353258895,"visibility":true,"collapse":false,"settings":{"admin_label":"","title":"","heading_selector":"h3","title_fontsize":"","title_fontweight":"","title_text_color":"","title_margin_top":"","title_margin_bottom":"","subtitle":"","subtitle_fontsize":"","title_position":"sppb-text-center","columns_equal_height":"0","fullscreen":"0","no_gutter":"0","id":"","class":"","padding":"50px 0px 50px 0px","margin":"0px 0px 0px 0px","color":"","background_color":"","background_image":"","overlay":"","background_repeat":"no-repeat","background_size":"cover","background_attachment":"fixed","background_position":"0 0","background_video":"0","background_video_mp4":"","background_video_ogv":"","hidden_xs":"","hidden_sm":"","hidden_md":"","animation":"","animationduration":"300","animationdelay":"0"},"layout":"3,3,3,3","columns":[{"id":1479878536860,"class_name":"col-md-3","visibility":true,"settings":{"color":"","background":"","background_image":"","overlay":"","background_repeat":"no-repeat","background_size":"cover","background_attachment":"scroll","background_position":"0 0","padding":"","class":"counters","sm_col":"","xs_col":"","hidden_xs":"","hidden_sm":"","hidden_md":"","animation":"","animationduration":"300","animationdelay":"0"},"addons":[{"id":1479878536875,"name":"raw_html","visibility":true,"settings":{"admin_label":"","title":"","heading_selector":"h3","title_fontsize":"","title_lineheight":"","title_fontstyle":null,"title_letterspace":"0","title_fontweight":"","title_text_color":"","title_margin_top":"","title_margin_bottom":"","html":"<i class=\"fa fa-user\"></i>","class":"center","global_text_color":"","global_link_color":"","global_link_hover_color":"","global_use_background":"0","global_background_color":"","global_background_image":"","global_background_repeat":"no-repeat","global_background_size":"cover","global_background_attachment":"inherit","global_user_border":"0","global_border_width":"","global_border_color":"","global_boder_style":"none","global_border_radius":"","global_margin":"","global_padding":"","global_use_animation":"0","global_animation":"","global_animationduration":"300","global_animationdelay":"0","hidden_md":"0","hidden_sm":"0","hidden_xs":"0","acl":null}},{"id":1479878536863,"name":"animated_number","visibility":true,"settings":{"admin_label":"Happy clients","number":"20000","duration":"1000","font_size":"36","color":"","counter_title":"Happy clients","title_font_size":"18","alignment":"sppb-text-center","class":"","global_text_color":"rgba(46, 53, 62, 1)","global_link_color":"","global_link_hover_color":"","global_use_background":"0","global_background_color":"","global_background_image":"","global_background_repeat":"no-repeat","global_background_size":"cover","global_background_attachment":"inherit","global_user_border":"0","global_border_width":"","global_border_color":"","global_boder_style":"none","global_border_radius":"","global_margin":"","global_padding":"","global_use_animation":"1","global_animation":"fadeInUp","global_animationduration":"300","global_animationdelay":"0","hidden_md":"0","hidden_sm":"0","hidden_xs":"0","acl":null}}]},{"id":1479878536864,"class_name":"col-md-3","visibility":true,"settings":{"color":"","background":"","background_image":"","overlay":"","background_repeat":"no-repeat","background_size":"cover","background_attachment":"scroll","background_position":"0 0","padding":"","class":"counters","sm_col":"","xs_col":"","hidden_xs":"","hidden_sm":"","hidden_md":"","animation":"","animationduration":"300","animationdelay":"0"},"addons":[{"id":1479878536882,"name":"raw_html","visibility":true,"settings":{"admin_label":"","title":"","heading_selector":"h3","title_fontsize":"","title_lineheight":"","title_fontstyle":null,"title_letterspace":"0","title_fontweight":"","title_text_color":"","title_margin_top":"","title_margin_bottom":"","html":"<i class=\"fa fa-desktop\"></i>","class":"center","global_text_color":"","global_link_color":"","global_link_hover_color":"","global_use_background":"0","global_background_color":"","global_background_image":"","global_background_repeat":"no-repeat","global_background_size":"cover","global_background_attachment":"inherit","global_user_border":"0","global_border_width":"","global_border_color":"","global_boder_style":"none","global_border_radius":"","global_margin":"","global_padding":"","global_use_animation":"0","global_animation":"","global_animationduration":"300","global_animationdelay":"0","hidden_md":"0","hidden_sm":"0","hidden_xs":"0","acl":null}},{"id":1479878536885,"name":"animated_number","visibility":true,"settings":{"admin_label":"Years in Business","number":"19","duration":"996","font_size":"36","color":"","counter_title":"Premade HomePages","title_font_size":"18","alignment":"sppb-text-center","class":"","global_text_color":"rgba(46, 53, 62, 1)","global_link_color":"","global_link_hover_color":"","global_use_background":"0","global_background_color":"","global_background_image":"","global_background_repeat":"no-repeat","global_background_size":"cover","global_background_attachment":"inherit","global_user_border":"0","global_border_width":"","global_border_color":"","global_boder_style":"none","global_border_radius":"","global_margin":"","global_padding":"","global_use_animation":"0","global_animation":"","global_animationduration":"300","global_animationdelay":"0","hidden_md":"0","hidden_sm":"0","hidden_xs":"0","acl":null}}]},{"id":1479878536865,"class_name":"col-md-3","visibility":true,"settings":{"color":"","background":"","background_image":"","overlay":"","background_repeat":"no-repeat","background_size":"cover","background_attachment":"scroll","background_position":"0 0","padding":"","class":"counters","sm_col":"","xs_col":"","hidden_xs":"","hidden_sm":"","hidden_md":"","animation":"","animationduration":"300","animationdelay":"0"},"addons":[{"id":1479878536892,"name":"raw_html","visibility":true,"settings":{"admin_label":"","title":"","heading_selector":"h3","title_fontsize":"","title_lineheight":"","title_fontstyle":null,"title_letterspace":"0","title_fontweight":"","title_text_color":"","title_margin_top":"","title_margin_bottom":"","html":"<i class=\"fa fa-ticket\"></i>","class":"center","global_text_color":"","global_link_color":"","global_link_hover_color":"","global_use_background":"0","global_background_color":"","global_background_image":"","global_background_repeat":"no-repeat","global_background_size":"cover","global_background_attachment":"inherit","global_user_border":"0","global_border_width":"","global_border_color":"","global_boder_style":"none","global_border_radius":"","global_margin":"","global_padding":"","global_use_animation":"0","global_animation":"","global_animationduration":"300","global_animationdelay":"0","hidden_md":"0","hidden_sm":"0","hidden_xs":"0","acl":null}},{"id":1479878536895,"name":"animated_number","visibility":true,"settings":{"admin_label":"Cups of Coffee","number":"2500","duration":"1000","font_size":"36","color":"","counter_title":"Answered Tickets","title_font_size":"18","alignment":"sppb-text-center","class":"","global_text_color":"rgba(46, 53, 62, 1)","global_link_color":"","global_link_hover_color":"","global_use_background":"0","global_background_color":"","global_background_image":"","global_background_repeat":"no-repeat","global_background_size":"cover","global_background_attachment":"inherit","global_user_border":"0","global_border_width":"","global_border_color":"","global_boder_style":"none","global_border_radius":"","global_margin":"","global_padding":"","global_use_animation":"0","global_animation":"","global_animationduration":"300","global_animationdelay":"0","hidden_md":"0","hidden_sm":"0","hidden_xs":"0","acl":null}}]},{"id":1479878536866,"class_name":"col-md-3","visibility":true,"settings":{"color":"","background":"","background_image":"","overlay":"","background_repeat":"no-repeat","background_size":"cover","background_attachment":"scroll","background_position":"0 0","padding":"","class":"counters","sm_col":"","xs_col":"","hidden_xs":"","hidden_sm":"","hidden_md":"","animation":"","animationduration":"300","animationdelay":"0"},"addons":[{"id":1479878536900,"name":"raw_html","visibility":true,"settings":{"admin_label":"","title":"","heading_selector":"h3","title_fontsize":"","title_lineheight":"","title_fontstyle":null,"title_letterspace":"0","title_fontweight":"","title_text_color":"","title_margin_top":"","title_margin_bottom":"","html":"<i class=\"fa fa-clock-o\"></i>\n","class":"center","global_text_color":"","global_link_color":"","global_link_hover_color":"","global_use_background":"0","global_background_color":"","global_background_image":"","global_background_repeat":"no-repeat","global_background_size":"cover","global_background_attachment":"inherit","global_user_border":"0","global_border_width":"","global_border_color":"","global_boder_style":"none","global_border_radius":"","global_margin":"","global_padding":"","global_use_animation":"0","global_animation":"","global_animationduration":"300","global_animationdelay":"0","hidden_md":"0","hidden_sm":"0","hidden_xs":"0","acl":null}},{"id":1479878536903,"name":"animated_number","visibility":true,"settings":{"admin_label":"High Score","number":"3000","duration":"1000","font_size":"36","color":"","counter_title":"Development Hours","title_font_size":"18","alignment":"sppb-text-center","class":"","global_text_color":"rgba(46, 53, 62, 1)","global_link_color":"","global_link_hover_color":"","global_use_background":"0","global_background_color":"","global_background_image":"","global_background_repeat":"no-repeat","global_background_size":"cover","global_background_attachment":"inherit","global_user_border":"0","global_border_width":"","global_border_color":"","global_boder_style":"none","global_border_radius":"","global_margin":"","global_padding":"","global_use_animation":"0","global_animation":"","global_animationduration":"300","global_animationdelay":"0","hidden_md":"0","hidden_sm":"0","hidden_xs":"0","acl":null}}]}]}]