[{"id":1481386224828,"visibility":true,"collapse":false,"settings":{"admin_label":"","title":"","heading_selector":"h3","title_fontsize":"","title_fontweight":"","title_text_color":"","title_margin_top":"","title_margin_bottom":"","subtitle":"","subtitle_fontsize":"","title_position":"sppb-text-center","columns_equal_height":"0","fullscreen":"1","no_gutter":"1","id":"","class":"section section-text-light section-default section-default-scale-8 section-center mt-none","padding":"50px 0px 0px 0px","margin":"0px 0px 0px 0px","color":"","background_color":"rgba(40, 40, 40, 1)","background_image":"","overlay":"","background_repeat":"no-repeat","background_size":"cover","background_attachment":"fixed","background_position":"0 0","background_video":"0","background_video_mp4":"","background_video_ogv":"","hidden_xs":"","hidden_sm":"","hidden_md":"","animation":"","animationduration":"300","animationdelay":"0"},"layout":"12","columns":[{"id":1481386224829,"class_name":"col-md-12","visibility":true,"settings":{},"addons":[{"id":1481386224832,"name":"raw_html","visibility":true,"settings":{"admin_label":"","title":"","heading_selector":"h3","title_fontsize":"","title_lineheight":"","title_fontstyle":null,"title_letterspace":"0","title_fontweight":"","title_text_color":"","title_margin_top":"","title_margin_bottom":"","html":"\t\t\t\t\t<div class=\"container\">\n\t\t\t\t\t\t<div class=\"row mt-xl\">\n\t\t\t\t\t\t\t<div class=\"col-md-8 col-md-offset-2 mt-xlg\">\n\t\t\t\t\t\t\t\t<h1 class=\"mt-xlg font-weight-semibold text-uppercase\">Say Hello.</h1>\n\t\t\t\t\t\t\t\t<p class=\"mb-none lead\">Lorem ipsum dolor sit amet, consectetuer adipiscing elit. Aenean commodo ligula eget dolor. Aenean massa. Nulla consequat massa quis enim.</p>\n\t\t\t\t\t\t\t</div>\n\t\t\t\t\t\t</div>\n\t\t\t\t\t\t<div class=\"row mt-lg\">\n\t\t\t\t\t\t\t<div class=\"col-md-10 col-md-offset-1\">\n\t\t\t\t\t\t\t\t<div class=\"row mt-lg text-left \">\n\t\t\t\t\t\t\t\t\t<div class=\"col-md-5 mb-lg\">\n\t\t\t\t\t\t\t\t\t\t<h4 class=\"mt-md mb-none\">New York</h4>\n\t\t\t\t\t\t\t\t\t\t<ul class=\"list list-icons mt-xlg\">\n\t\t\t\t\t\t\t\t\t\t\t<li><i class=\"fa fa-map-marker\"></i> <strong>Address:</strong> 1234 Street, City Name, United States</li>\n\t\t\t\t\t\t\t\t\t\t\t<li><i class=\"fa fa-phone\"></i> <strong>Phone:</strong> (123) 456-789</li>\n\t\t\t\t\t\t\t\t\t\t\t<li><i class=\"fa fa-envelope\"></i> <strong>Email:</strong> <a href=\"mailto:mail@example.com\">mail@example.com</a></li>\n\t\t\t\t\t\t\t\t\t\t</ul>\n\t\t\t\t\t\t\t\t\t</div>\n\t\t\t\t\t\t\t\t\t<div class=\"col-md-5 col-md-offset-2 mb-lg\">\n\t\t\t\t\t\t\t\t\t\t<h4 class=\"mt-md mb-none\">Los Angeles</h4>\n\t\t\t\t\t\t\t\t\t\t<ul class=\"list list-icons mt-xlg\">\n\t\t\t\t\t\t\t\t\t\t\t<li><i class=\"fa fa-map-marker\"></i> <strong>Address:</strong> 1234 Street, City Name, United States</li>\n\t\t\t\t\t\t\t\t\t\t\t<li><i class=\"fa fa-phone\"></i> <strong>Phone:</strong> (123) 456-789</li>\n\t\t\t\t\t\t\t\t\t\t\t<li><i class=\"fa fa-envelope\"></i> <strong>Email:</strong> <a href=\"mailto:mail@example.com\">mail@example.com</a></li>\n\t\t\t\t\t\t\t\t\t\t</ul>\n\t\t\t\t\t\t\t\t\t</div>\n\t\t\t\t\t\t\t\t</div>\n\t\t\t\t\t\t\t</div>\n\t\t\t\t\t\t\t<div class=\"row mt-lg\">\n\t\t\t\t\t\t\t\t<div class=\"col-md-10 col-md-offset-1 center\">\n\n\t\t\t\t\t\t\t\t\t<div class=\"divider divider-primary divider-small divider-small-center mb-xl\">\n\t\t\t\t\t\t\t\t\t\t<hr>\n\t\t\t\t\t\t\t\t\t</div>\n\n\t\t\t\t\t\t\t\t\t<h2 class=\"mb-none mt-xl font-weight-semibold\">Send us a Message.</h2>\n\t\t\t\t\t\t\t\t\t<p class=\"lead mb-none\">Pellentesque pellentesque eget tempor tellus. </p>\n\n\t\t\t\t\t\t\t\t\t<div class=\"divider divider-style-4 divider-primary divider-top-section-custom taller\">\n\t\t\t\t\t\t\t\t\t\t<i class=\"fa fa-chevron-down\"></i>\n\t\t\t\t\t\t\t\t\t</div>\n\n\t\t\t\t\t\t\t\t</div>\n\t\t\t\t\t\t\t</div>\n\t\t\t\t\t\t</div>\n\t\t\t\t\t</div>","class":"","global_text_color":"","global_link_color":"","global_link_hover_color":"","global_use_background":"0","global_background_color":"","global_background_image":"","global_background_repeat":"no-repeat","global_background_size":"cover","global_background_attachment":"inherit","global_user_border":"0","global_border_width":"","global_border_color":"","global_boder_style":"none","global_border_radius":"","global_margin":"","global_padding":"","global_use_animation":"0","global_animation":"","global_animationduration":"300","global_animationdelay":"0","hidden_md":"0","hidden_sm":"0","hidden_xs":"0","acl":null}}]}]},{"id":1481386224835,"visibility":true,"collapse":false,"settings":{"admin_label":"","title":"","heading_selector":"h3","title_fontsize":"","title_fontweight":"","title_text_color":"","title_margin_top":"","title_margin_bottom":"","subtitle":"","subtitle_fontsize":"","title_position":"sppb-text-center","columns_equal_height":"0","fullscreen":"0","no_gutter":"0","id":"","class":"container","padding":"50px 0px 50px 0px","margin":"0px 0px 0px 0px","color":"","background_color":"","background_image":"","overlay":"","background_repeat":"no-repeat","background_size":"cover","background_attachment":"fixed","background_position":"0 0","background_video":"0","background_video_mp4":"","background_video_ogv":"","hidden_xs":"","hidden_sm":"","hidden_md":"","animation":"","animationduration":"300","animationdelay":"0"},"layout":"12","columns":[{"id":1481386224836,"class_name":"col-md-12","visibility":true,"settings":{},"addons":[{"id":1481386224839,"name":"ajax_contact","visibility":true,"settings":{"admin_label":"Contact form","title":"","heading_selector":"h3","title_fontsize":"","title_lineheight":"","title_fontstyle":null,"title_letterspace":"0","title_fontweight":"","title_text_color":"","title_margin_top":"","title_margin_bottom":"","recipient_email":"joomlabuff@gmail.com","formcaptcha":"1","captcha_question":"3 + 4 = ?","captcha_answer":"7","use_custom_button":"1","button_text":"Send Message","button_fontstyle":null,"button_letterspace":"0","button_type":"success","button_appearance":"3d","button_background_color":"#444444","button_color":"#ffffff","button_background_color_hover":"#222222","button_color_hover":"#ffffff","button_size":"lg","button_shape":"rounded","button_block":"","button_icon":"fa-check","button_icon_position":"right","class":"jb-digital-form col-md-10 col-md-offset-2","global_text_color":"","global_link_color":"","global_link_hover_color":"","global_use_background":"0","global_background_color":"","global_background_image":"","global_background_repeat":"no-repeat","global_background_size":"cover","global_background_attachment":"inherit","global_user_border":"0","global_border_width":"","global_border_color":"","global_boder_style":"none","global_border_radius":"","global_margin":"","global_padding":"","global_use_animation":"0","global_animation":"","global_animationduration":"300","global_animationdelay":"0","hidden_md":"0","hidden_sm":"0","hidden_xs":"0","acl":null}}]}]},{"id":1481387830794,"visibility":true,"collapse":false,"settings":{"admin_label":"","title":"","heading_selector":"h3","title_fontsize":"","title_fontweight":"","title_text_color":"","title_margin_top":"","title_margin_bottom":"","subtitle":"","subtitle_fontsize":"","title_position":"sppb-text-center","columns_equal_height":"0","fullscreen":"1","no_gutter":"1","id":"","class":"","padding":"50px 0px 0px 0px","margin":"0px 0px 0px 0px","color":"","background_color":"","background_image":"","overlay":"","background_repeat":"no-repeat","background_size":"cover","background_attachment":"fixed","background_position":"0 0","background_video":"0","background_video_mp4":"","background_video_ogv":"","hidden_xs":"","hidden_sm":"","hidden_md":"","animation":"","animationduration":"300","animationdelay":"0"},"layout":"12","columns":[{"id":1481387830795,"class_name":"col-md-12","visibility":true,"settings":{},"addons":[{"id":1481387830798,"name":"gmap","visibility":true,"settings":{"admin_label":"Google map","title":"","heading_selector":"h3","title_fontsize":"","title_lineheight":"","title_fontstyle":null,"title_letterspace":"0","title_fontweight":"","title_text_color":"","title_margin_top":"","title_margin_bottom":"","map":"40.712784, -74.005941","height":"300","type":"ROADMAP","zoom":"18","mousescroll":"false","class":"","global_text_color":"","global_link_color":"","global_link_hover_color":"","global_use_background":"0","global_background_color":"","global_background_image":"","global_background_repeat":"no-repeat","global_background_size":"cover","global_background_attachment":"inherit","global_user_border":"0","global_border_width":"","global_border_color":"","global_boder_style":"none","global_border_radius":"","global_margin":"","global_padding":"","global_use_animation":"0","global_animation":"","global_animationduration":"300","global_animationdelay":"0","hidden_md":"0","hidden_sm":"0","hidden_xs":"0","acl":null}}]}]}]