[{"id":1482052498972,"visibility":true,"collapse":false,"settings":{"padding":"50px 0px 50px 0px","margin":"0px 0px 0px 0px"},"layout":"8,4","columns":[{"id":1482052498973,"class_name":"col-md-8","visibility":true,"settings":{},"addons":[{"id":1482052498977,"name":"raw_html","visibility":true,"settings":{"admin_label":"","title":"","heading_selector":"h3","title_fontsize":"","title_lineheight":"","title_fontstyle":null,"title_letterspace":"0","title_fontweight":"","title_text_color":"","title_margin_top":"","title_margin_bottom":"","html":"<h1 class=\"mt-xl mb-none\">Contact Us</h1>\n<div class=\"divider divider-primary divider-small mb-xl\">\n<hr>\n</div>\n<p class=\"lead mb-xl mt-lg\">Aenean sollicitudin, lorem quis bibendum auctor, nisi elit consequat ipsum, nec sagittis sem nibh id elit.</p>","class":"","global_text_color":"","global_link_color":"","global_link_hover_color":"","global_use_background":"0","global_background_color":"","global_background_image":"","global_background_repeat":"no-repeat","global_background_size":"cover","global_background_attachment":"inherit","global_user_border":"0","global_border_width":"","global_border_color":"","global_boder_style":"none","global_border_radius":"","global_margin":"","global_padding":"","global_use_animation":"0","global_animation":"","global_animationduration":"300","global_animationdelay":"0","hidden_md":"0","hidden_sm":"0","hidden_xs":"0","acl":null}},{"id":1482052498980,"name":"ajax_contact","visibility":true,"settings":{"admin_label":"","title":"","heading_selector":"h3","title_fontsize":"","title_lineheight":"","title_fontstyle":null,"title_letterspace":"0","title_fontweight":"","title_text_color":"","title_margin_top":"","title_margin_bottom":"","recipient_email":"joomlabuff@gmail.com","formcaptcha":"1","captcha_question":"3 + 4 = ?","captcha_answer":"7","use_custom_button":"0","button_text":"Send Message","button_fontstyle":null,"button_letterspace":"0","button_type":"success","button_appearance":"","button_background_color":"#444444","button_color":"#ffffff","button_background_color_hover":"#222222","button_color_hover":"#ffffff","button_size":"","button_shape":"rounded","button_block":"","button_icon":"","button_icon_position":"left","class":"jb-digital-form","global_text_color":"","global_link_color":"","global_link_hover_color":"","global_use_background":"0","global_background_color":"","global_background_image":"","global_background_repeat":"no-repeat","global_background_size":"cover","global_background_attachment":"inherit","global_user_border":"0","global_border_width":"","global_border_color":"","global_boder_style":"none","global_border_radius":"","global_margin":"","global_padding":"","global_use_animation":"0","global_animation":"","global_animationduration":"300","global_animationdelay":"0","hidden_md":"0","hidden_sm":"0","hidden_xs":"0","acl":null}}]},{"id":1482052498974,"class_name":"col-md-4","visibility":true,"settings":{},"addons":[{"id":1482052498983,"name":"raw_html","visibility":true,"settings":{"admin_label":"","title":"","heading_selector":"h3","title_fontsize":"","title_lineheight":"","title_fontstyle":null,"title_letterspace":"0","title_fontweight":"","title_text_color":"","title_margin_top":"","title_margin_bottom":"","html":"<h4 class=\"mt-xl mb-none\">Our Office</h4>\n\t\t\t\t\t\t\t<div class=\"divider divider-primary divider-small mb-xl\">\n\t\t\t\t\t\t\t\t<hr>\n\t\t\t\t\t\t\t</div>\n\n\t\t\t\t\t\t\t<ul class=\"list list-icons list-icons-style-3 mt-xlg mb-xlg\">\n\t\t\t\t\t\t\t\t<li><i class=\"fa fa-map-marker\"></i> <strong>Address:</strong> 1234 Street Name, City Name</li>\n\t\t\t\t\t\t\t\t<li><i class=\"fa fa-phone\"></i> <strong>Phone:</strong> (123) 456-789</li>\n\t\t\t\t\t\t\t\t<li><i class=\"fa fa-envelope\"></i> <strong>Email:</strong> <a href=\"mailto:mail@example.com\">mail@example.com</a></li>\n\t\t\t\t\t\t\t</ul>\n\n\t\t\t\t\t\t\t<h4 class=\"pt-xl mb-none\">Business Hours</h4>\n\t\t\t\t\t\t\t<div class=\"divider divider-primary divider-small mb-xl\">\n\t\t\t\t\t\t\t\t<hr>\n\t\t\t\t\t\t\t</div>\n\n\t\t\t\t\t\t\t<ul class=\"list list-icons list-dark mt-xlg\">\n\t\t\t\t\t\t\t\t<li><i class=\"fa fa-clock-o\"></i> Monday - Friday - 9am to 5pm</li>\n\t\t\t\t\t\t\t\t<li><i class=\"fa fa-clock-o\"></i> Saturday - 9am to 2pm</li>\n\t\t\t\t\t\t\t\t<li><i class=\"fa fa-clock-o\"></i> Sunday - Closed</li>\n\t\t\t\t\t\t\t</ul>\n","class":"","global_text_color":"","global_link_color":"","global_link_hover_color":"","global_use_background":"0","global_background_color":"","global_background_image":"","global_background_repeat":"no-repeat","global_background_size":"cover","global_background_attachment":"inherit","global_user_border":"0","global_border_width":"","global_border_color":"","global_boder_style":"none","global_border_radius":"","global_margin":"","global_padding":"","global_use_animation":"0","global_animation":"","global_animationduration":"300","global_animationdelay":"0","hidden_md":"0","hidden_sm":"0","hidden_xs":"0","acl":null}}]}]},{"id":1482052498984,"visibility":true,"collapse":false,"settings":{"admin_label":"","title":"","heading_selector":"h3","title_fontsize":"","title_fontweight":"","title_text_color":"","title_margin_top":"","title_margin_bottom":"","subtitle":"","subtitle_fontsize":"","title_position":"sppb-text-center","columns_equal_height":"0","fullscreen":"1","no_gutter":"1","id":"","class":"","padding":"0px 0px 0px 0px","margin":"0px 0px 0px 0px","color":"","background_color":"","background_image":"","overlay":"","background_repeat":"no-repeat","background_size":"cover","background_attachment":"fixed","background_position":"0 0","background_video":"0","background_video_mp4":"","background_video_ogv":"","hidden_xs":"","hidden_sm":"","hidden_md":"","animation":"","animationduration":"300","animationdelay":"0"},"layout":"12","columns":[{"id":1482052498985,"class_name":"col-md-12","visibility":true,"settings":{},"addons":[{"id":1482052498988,"name":"gmap","visibility":true,"settings":{"admin_label":"google map","title":"","heading_selector":"h3","title_fontsize":"","title_lineheight":"","title_fontstyle":null,"title_letterspace":"0","title_fontweight":"","title_text_color":"","title_margin_top":"","title_margin_bottom":"","map":"40.712784, -74.005941","height":"300","type":"ROADMAP","zoom":"18","mousescroll":"true","class":"","global_text_color":"","global_link_color":"","global_link_hover_color":"","global_use_background":"0","global_background_color":"","global_background_image":"","global_background_repeat":"no-repeat","global_background_size":"cover","global_background_attachment":"inherit","global_user_border":"0","global_border_width":"","global_border_color":"","global_boder_style":"none","global_border_radius":"","global_margin":"","global_padding":"","global_use_animation":"0","global_animation":"","global_animationduration":"300","global_animationdelay":"0","hidden_md":"0","hidden_sm":"0","hidden_xs":"0","acl":null}}]}]}]