[{"id":1482050407017,"visibility":true,"collapse":false,"settings":{"padding":"50px 0px 50px 0px","margin":"0px 0px 0px 0px"},"layout":"12","columns":[{"id":1482050407018,"class_name":"col-md-12","visibility":true,"settings":{},"addons":[{"id":1482050407021,"name":"raw_html","visibility":true,"settings":{"admin_label":"","title":"","heading_selector":"h3","title_fontsize":"","title_lineheight":"","title_fontstyle":null,"title_letterspace":"0","title_fontweight":"","title_text_color":"","title_margin_top":"","title_margin_bottom":"","html":"<h1 class=\"mt-xl mb-none\">Law Firm Attorneys</h1>\n<div class=\"divider divider-primary divider-small mb-xl\">\n<hr>\n</div>","class":"","global_text_color":"","global_link_color":"","global_link_hover_color":"","global_use_background":"0","global_background_color":"","global_background_image":"","global_background_repeat":"no-repeat","global_background_size":"cover","global_background_attachment":"inherit","global_user_border":"0","global_border_width":"","global_border_color":"","global_boder_style":"none","global_border_radius":"","global_margin":"","global_padding":"","global_use_animation":"0","global_animation":"","global_animationduration":"300","global_animationdelay":"0","hidden_md":"0","hidden_sm":"0","hidden_xs":"0","acl":null}}]}]},{"id":1482050523018,"visibility":true,"collapse":false,"settings":{"padding":"50px 0px 50px 0px","margin":"0px 0px 0px 0px"},"layout":"12","columns":[{"id":1481957550000,"class_name":"col-md-12","visibility":true,"settings":{},"addons":[{"id":1481957550003,"name":"portoteam","visibility":true,"settings":{"admin_label":"","title":"","description":"","items":"4","loop":"1","mouseDrag":"1","autoplay":"0","autoplay_interval":"5000","nav":"1","dots":"0","style":"style2","enable_social_links":"1","social_position":"after","sp_portoteam_item":[{"name":"Craig Doe","designation":" Business law","desc":"<p>Lorem ipsum dolor sit amet, consectetur adipiscing elit. Sed tempus nibh sed elimttis adipiscing. Fusce in hendrerit purus. Suspendisse potenti. Proin quis eros odio, dapibus dictum mauris. Donec nisi libero, adipiscing id pretium eget, consectetur sit amet leo. Nam at eros quis mi egestas fringilla non nec purus.</p>","avatar":"images/joomlabuff/team/team-23.jpg","avatar1":"","avatar2":"","facebook":"http://www.facebook.com/joomlabuff","twitter":"http://twitter.com/joomlabuff","google_plus":"http://plus.google.com/+Joomshapers","youtube":"","linkedin":"","pinterest":"","flickr":"","dribbble":"","behance":"","instagram":""},{"name":"Richard Doe","designation":"Accident Law","desc":"<p>Lorem ipsum dolor sit amet, consectetur adipiscing elit. Sed tempus nibh sed elimttis adipiscing. Fusce in hendrerit purus. Suspendisse potenti. Proin quis eros odio, dapibus dictum mauris. Donec nisi libero, adipiscing id pretium eget, consectetur sit amet leo. Nam at eros quis mi egestas fringilla non nec purus.</p>","avatar":"images/joomlabuff/team/team-22.jpg","avatar1":"","avatar2":"","facebook":"http://www.facebook.com/joomlabuff","twitter":"http://twitter.com/joomlabuff","google_plus":"http://plus.google.com/+Joomshapers","youtube":"","linkedin":"","pinterest":"","flickr":"","dribbble":"","behance":"","instagram":""},{"name":"Amanda Doe","designation":"Capital Law","desc":"<p>Lorem ipsum dolor sit amet, consectetur adipiscing elit. Sed tempus nibh sed elimttis adipiscing. Fusce in hendrerit purus. Suspendisse potenti. Proin quis eros odio, dapibus dictum mauris. Donec nisi libero, adipiscing id pretium eget, consectetur sit amet leo. Nam at eros quis mi egestas fringilla non nec purus.</p>","avatar":"images/joomlabuff/team/team-29.jpg","avatar1":"","avatar2":"","facebook":"http://www.facebook.com/joomlabuff","twitter":"http://twitter.com/joomlabuff","google_plus":"#","youtube":"","linkedin":"","pinterest":"","flickr":"","dribbble":"","behance":"","instagram":""},{"name":"Kiruthiga","designation":"Health law","desc":"<p>Lorem ipsum dolor sit amet, consectetur adipiscing elit. Sed tempus nibh sed elimttis adipiscing. Fusce in hendrerit purus. Suspendisse potenti. Proin quis eros odio, dapibus dictum mauris. Donec nisi libero, adipiscing id pretium eget, consectetur sit amet leo. Nam at eros quis mi egestas fringilla non nec purus.</p>","avatar":"images/joomlabuff/team/team-30.jpg","avatar1":"","avatar2":"","facebook":"http://www.facebook.com/joomlabuff","twitter":"http://twitter.com/joomlabuff","google_plus":"http://plus.google.com/+Joomshapers","youtube":"","linkedin":"","pinterest":"","flickr":"","dribbble":"","behance":"","instagram":""},{"name":"David Doe","designation":"Criminal Law","desc":"<p>Lorem ipsum dolor sit amet, consectetur adipiscing elit. Sed tempus nibh sed elimttis adipiscing. Fusce in hendrerit purus. Suspendisse potenti. Proin quis eros odio, dapibus dictum mauris. Donec nisi libero, adipiscing id pretium eget, consectetur sit amet leo. Nam at eros quis mi egestas fringilla non nec purus.</p>","avatar":"images/joomlabuff/team/team-25.jpg","avatar1":"","avatar2":"","facebook":"http://www.facebook.com/joomlabuff","twitter":"http://twitter.com/joomlabuff","google_plus":"http://plus.google.com/+Joomshapers","youtube":"","linkedin":"","pinterest":"","flickr":"","dribbble":"","behance":"","instagram":""}],"class":"","global_text_color":"","global_link_color":"","global_link_hover_color":"","global_use_background":"0","global_background_color":"","global_background_image":"","global_background_repeat":"no-repeat","global_background_size":"cover","global_background_attachment":"inherit","global_user_border":"0","global_border_width":"","global_border_color":"","global_boder_style":"none","global_border_radius":"","global_margin":"","global_padding":"","global_use_animation":"0","global_animation":"","global_animationduration":"300","global_animationdelay":"0","hidden_md":"0","hidden_sm":"0","hidden_xs":"0","acl":null}}]}]}]