[{"id":1482049904318,"visibility":true,"collapse":false,"settings":{"padding":"50px 0px 50px 0px","margin":"0px 0px 0px 0px"},"layout":"8,4","columns":[{"id":1482049904319,"class_name":"col-md-8","visibility":true,"settings":{},"addons":[{"id":1482049904323,"name":"raw_html","visibility":true,"settings":{"admin_label":"","title":"","heading_selector":"h3","title_fontsize":"","title_lineheight":"","title_fontstyle":null,"title_letterspace":"0","title_fontweight":"","title_text_color":"","title_margin_top":"","title_margin_bottom":"","html":"<h1 class=\"mt-xl mb-none\">About Porto Law Firm</h1>\n\t\t\t\t\t\t\t<div class=\"divider divider-primary divider-small mb-xl\">\n\t\t\t\t\t\t\t\t<hr>\n\t\t\t\t\t\t\t</div>\n\t\t\t\t\t\t\t<p class=\"lead mb-xl mt-lg\">Founded in 2001 by John Doe, gravida nibh vel velit auctor aliquet. Aenean sollicitudin, lorem quis bibendum auctor, nisi elit consequat ipsum, nec sagittis sem nibh id elit. Duis sed odio sit amet nibh vulputate cursus a sit amet mauris. Morbi accumsan ipsum velit. Nam nec tellus a odio tincidunt auctor a ornare odio. Sed non  mauris vitae erat consequat.</p>\n\n\t\t\t\t\t\t\t<img class=\"img-responsive pull-left mr-xl mb-xl mt-xs\" alt=\"\" src=\"images/joomlabuff/office/our-office-8.jpg\" width=\"205\">\n\n\t\t\t\t\t\t\t<p>Lorem quis bibendum auctor, nisi elit consequat ipsum, nec sagittis sem nibh id elit. Duis sed odio sit amet nibh vulputate cursus a sit amet mauris. Morbi accumsan ipsum velit. Nam nec tellus a odio tincidunt auctor a ornare odio. Sed non  mauris vitae erat consequat.</p>\n\n\t\t\t\t\t\t\t<p>Gravida nibh vel velit auctor aliquet. Aenean sollicitudin, lorem quis bibendum auctor, nisi elit consequat ipsum, nec sagittis sem nibh id elit. Duis sed odio sit amet nibh vulputate cursus a sit amet mauris. Gravida nibh vel velit auctor aliquet. Aenean sollicitudin, lorem quis bibendum auctor, nisi elit consequat ipsum, nec sagittis sem nibh id elit. Duis sed odio sit amet nibh vulputate cursus a sit amet mauris.</p>\n\n\t\t\t\t\t\t\t<h2 class=\"mt-xlg mb-md\">Expertise</h2>\n\n\t\t\t\t\t\t\t<p>Gravida nibh vel velit auctor aliquet. Aenean sollicitudin, lorem quis bibendum auctor, nisi elit consequat ipsum, nec sagittis sem nibh id elit. Duis sed odio sit amet nibh vulputate cursus a sit amet mauris. Morbi accumsan ipsum velit. Nam nec tellus a odio tincidunt auctor a ornare odio. Sed non  mauris vitae erat consequat.</p>","class":"","global_text_color":"","global_link_color":"","global_link_hover_color":"","global_use_background":"0","global_background_color":"","global_background_image":"","global_background_repeat":"no-repeat","global_background_size":"cover","global_background_attachment":"inherit","global_user_border":"0","global_border_width":"","global_border_color":"","global_boder_style":"none","global_border_radius":"","global_margin":"","global_padding":"","global_use_animation":"0","global_animation":"","global_animationduration":"300","global_animationdelay":"0","hidden_md":"0","hidden_sm":"0","hidden_xs":"0","acl":null}}]},{"id":1482049904320,"class_name":"col-md-4","visibility":true,"settings":{"color":"","background":"","background_image":"","overlay":"","background_repeat":"no-repeat","background_size":"cover","background_attachment":"scroll","background_position":"0 0","padding":"","class":"","sm_col":"","xs_col":"","hidden_xs":"","hidden_sm":"","hidden_md":"","animation":"","animationduration":"300","animationdelay":"0"},"addons":[{"id":1482049904326,"name":"raw_html","visibility":true,"settings":{"admin_label":"Our Commitment","title":"","heading_selector":"h3","title_fontsize":"","title_lineheight":"","title_fontstyle":null,"title_letterspace":"0","title_fontweight":"","title_text_color":"","title_margin_top":"","title_margin_bottom":"","html":"<h4 class=\"mt-xl mb-none\">Our Commitment</h4>\n<div class=\"divider divider-primary divider-small mb-xl\">\n<hr>\n</div>","class":"","global_text_color":"","global_link_color":"","global_link_hover_color":"","global_use_background":"0","global_background_color":"","global_background_image":"","global_background_repeat":"no-repeat","global_background_size":"cover","global_background_attachment":"inherit","global_user_border":"0","global_border_width":"","global_border_color":"","global_boder_style":"none","global_border_radius":"","global_margin":"","global_padding":"","global_use_animation":"0","global_animation":"","global_animationduration":"300","global_animationdelay":"0","hidden_md":"0","hidden_sm":"0","hidden_xs":"0","acl":null}},{"id":1482049904329,"name":"video","visibility":true,"settings":{"admin_label":"video","title":"","heading_selector":"h3","title_fontsize":"","title_lineheight":"","title_fontstyle":null,"title_letterspace":"0","title_fontweight":"","title_text_color":"","title_margin_top":"","title_margin_bottom":"","url":"https://vimeo.com/162724070","class":"","global_text_color":"","global_link_color":"","global_link_hover_color":"","global_use_background":"0","global_background_color":"","global_background_image":"","global_background_repeat":"no-repeat","global_background_size":"cover","global_background_attachment":"inherit","global_user_border":"0","global_border_width":"","global_border_color":"","global_boder_style":"none","global_border_radius":"","global_margin":"","global_padding":"","global_use_animation":"0","global_animation":"","global_animationduration":"300","global_animationdelay":"0","hidden_md":"0","hidden_sm":"0","hidden_xs":"0","acl":null}},{"id":1482049904334,"name":"raw_html","visibility":true,"settings":{"admin_label":"","title":"","heading_selector":"h3","title_fontsize":"","title_lineheight":"","title_fontstyle":null,"title_letterspace":"0","title_fontweight":"","title_text_color":"","title_margin_top":"","title_margin_bottom":"","html":"<blockquote class=\"blockquote-secondary\">\n\t\t\t\t\t\t\t\t<p class=\"font-size-lg\">\"Fusce lacllentesque eget tempor tellus ellentesque pelleinia tempor malesuada.\"</p>\n\t\t\t\t\t\t\t\t<footer>John Doe <cite> - PARTNER</cite></footer>\n\t\t\t\t\t\t\t</blockquote>","class":"","global_text_color":"","global_link_color":"","global_link_hover_color":"","global_use_background":"0","global_background_color":"","global_background_image":"","global_background_repeat":"no-repeat","global_background_size":"cover","global_background_attachment":"inherit","global_user_border":"0","global_border_width":"","global_border_color":"","global_boder_style":"none","global_border_radius":"","global_margin":"20px 0 0 0","global_padding":"","global_use_animation":"0","global_animation":"","global_animationduration":"300","global_animationdelay":"0","hidden_md":"0","hidden_sm":"0","hidden_xs":"0","acl":null}},{"id":1482049904339,"name":"raw_html","visibility":true,"settings":{"admin_label":"","title":"","heading_selector":"h3","title_fontsize":"","title_lineheight":"","title_fontstyle":null,"title_letterspace":"0","title_fontweight":"","title_text_color":"","title_margin_top":"","title_margin_bottom":"","html":"<h4 class=\"mt-xlg\">Our History</h4>\n<div class=\"divider divider-primary divider-small mb-xl\">\n<hr>\n</div>\n<ul class=\"list list-unstyled list-primary list-borders\">\n<li class=\"pt-sm pb-sm\">\n<strong class=\"text-color-primary font-size-xl\">2016 - </strong>\nMoves its headquarters to a new building\n</li>\n<li class=\"pt-sm pb-sm\">\n<strong class=\"text-color-primary font-size-xl\">2014 - </strong>\nPorto creates its new brand\n</li>\n<li class=\"pt-sm pb-sm\">\n<strong class=\"text-color-primary font-size-xl\">2006 - </strong>\nPorto Office opens it doors in London\n</li>\n<li class=\"pt-sm pb-sm\">\n<strong class=\"text-color-primary font-size-xl\">2003 - </strong>\nInauguration of the new office\n</li>\n<li class=\"pt-sm pb-sm\">\n<strong class=\"text-color-primary font-size-xl\">2001 - </strong>\nPorto goes into business\n</li>\n</ul>","class":"","global_text_color":"","global_link_color":"","global_link_hover_color":"","global_use_background":"0","global_background_color":"","global_background_image":"","global_background_repeat":"no-repeat","global_background_size":"cover","global_background_attachment":"inherit","global_user_border":"0","global_border_width":"","global_border_color":"","global_boder_style":"none","global_border_radius":"","global_margin":"","global_padding":"","global_use_animation":"0","global_animation":"","global_animationduration":"300","global_animationdelay":"0","hidden_md":"0","hidden_sm":"0","hidden_xs":"0","acl":null}}]}]}]