[{"id":1481920633512,"visibility":true,"collapse":false,"settings":{"admin_label":"","title":"","heading_selector":"h3","title_fontsize":"","title_fontweight":"","title_text_color":"","title_margin_top":"","title_margin_bottom":"","subtitle":"","subtitle_fontsize":"","title_position":"sppb-text-center","columns_equal_height":"0","fullscreen":"0","no_gutter":"0","id":"","class":"","padding":"50px 0px 50px 0px","margin":"0px 0px 0px 0px","color":"","background_color":"rgba(244, 244, 244, 1)","background_image":"","overlay":"","background_repeat":"no-repeat","background_size":"cover","background_attachment":"fixed","background_position":"0 0","background_video":"0","background_video_mp4":"","background_video_ogv":"","hidden_xs":"","hidden_sm":"","hidden_md":"","animation":"","animationduration":"300","animationdelay":"0"},"layout":"12","columns":[{"id":1481920633513,"class_name":"col-md-12","visibility":true,"settings":{},"addons":[{"id":1481920633516,"name":"raw_html","visibility":true,"settings":{"admin_label":"","title":"","heading_selector":"h3","title_fontsize":"","title_lineheight":"","title_fontstyle":null,"title_letterspace":"0","title_fontweight":"","title_text_color":"","title_margin_top":"","title_margin_bottom":"","html":"<div class=\"row mb-xl\">\n\t\t\t\t\t\t\t<div class=\"col-md-7\">\n\t\t\t\t\t\t\t\t<h2 class=\"mt-xl mb-none\">Who We Are</h2>\n\t\t\t\t\t\t\t\t<div class=\"divider divider-primary divider-small mb-xl\">\n\t\t\t\t\t\t\t\t\t<hr>\n\t\t\t\t\t\t\t\t</div>\n\t\t\t\t\t\t\t\t<p class=\"mt-lg\">Proin gravida nibh vel velit auctor aliquet. Aenean sollicitudin, lorem quis bibendum auctor, nisi elit consequat ipsum, nec sagittis sem nibh id elit. Duis sed odio sit amet nibh vulputate cursus a sit amet mauris. Morbi accumsan ipsum velit. Nam nec tellus a odio tincidunt auctor a ornare odio. Sed non  mauris vitae erat consequat.</p>\n\n\t\t\t\t\t\t\t\t<a class=\"mt-md\" href=\"demo-law-firm-about-us.html\">Learn More <i class=\"fa fa-long-arrow-right\"></i></a>\n\t\t\t\t\t\t\t</div>\n\t\t\t\t\t\t\t<div class=\"col-md-4 col-md-offset-1\">\n\t\t\t\t\t\t\t\t<h4 class=\"mt-xl mb-none\">Our Commitment</h4>\n\t\t\t\t\t\t\t\t<div class=\"divider divider-primary divider-small mb-xl\">\n\t\t\t\t\t\t\t\t\t<hr>\n\t\t\t\t\t\t\t\t</div>\n\t\t\t\t\t\t\t\t<p class=\"mt-lg\">Proin gravida nibh vel velit auctor aliquet. Aenean sollicitudin, lorem quis bibendum auctor, nisi elit consequat ipsum, nec sagittis sem nibh id elit. Duis sed odio sit amet nibh vulputate cursus a sit amet mauris. Morbi accumsan ipsum velit. Nam nec tellus a odio tincidunt auctor a ornare odio. Sed non  mauris vitae erat consequat.</p>\n\t\t\t\t\t\t\t</div>\n\t\t\t\t\t\t</div>","class":"","global_text_color":"","global_link_color":"","global_link_hover_color":"","global_use_background":"0","global_background_color":"","global_background_image":"","global_background_repeat":"no-repeat","global_background_size":"cover","global_background_attachment":"inherit","global_user_border":"0","global_border_width":"","global_border_color":"","global_boder_style":"none","global_border_radius":"","global_margin":"","global_padding":"","global_use_animation":"0","global_animation":"","global_animationduration":"300","global_animationdelay":"0","hidden_md":"0","hidden_sm":"0","hidden_xs":"0","acl":null}}]}]},{"id":1481957549915,"visibility":true,"collapse":false,"settings":{"admin_label":"","title":"","heading_selector":"h3","title_fontsize":"","title_fontweight":"","title_text_color":"","title_margin_top":"","title_margin_bottom":"","subtitle":"","subtitle_fontsize":"","title_position":"sppb-text-center","columns_equal_height":"0","fullscreen":"0","no_gutter":"0","id":"","class":"","padding":"20px 0px 0px 0px","margin":"0px 0px 0px 0px","color":"","background_color":"","background_image":"","overlay":"","background_repeat":"no-repeat","background_size":"cover","background_attachment":"fixed","background_position":"0 0","background_video":"0","background_video_mp4":"","background_video_ogv":"","hidden_xs":"","hidden_sm":"","hidden_md":"","animation":"","animationduration":"300","animationdelay":"0"},"layout":"12","columns":[{"id":1481957549916,"class_name":"col-md-12","visibility":true,"settings":{},"addons":[{"id":1481957549919,"name":"raw_html","visibility":true,"settings":{"admin_label":"","title":"","heading_selector":"h3","title_fontsize":"","title_lineheight":"","title_fontstyle":null,"title_letterspace":"0","title_fontweight":"","title_text_color":"","title_margin_top":"","title_margin_bottom":"","html":"<div class=\"col-md-12 center\">\n<h2 class=\"mt-xl mb-none\">Practice Areas</h2>\n<div class=\"divider divider-primary divider-small divider-small-center mb-xl\">\n<hr>\n</div>\n</div>","class":"","global_text_color":"","global_link_color":"","global_link_hover_color":"","global_use_background":"0","global_background_color":"","global_background_image":"","global_background_repeat":"no-repeat","global_background_size":"cover","global_background_attachment":"inherit","global_user_border":"0","global_border_width":"","global_border_color":"","global_boder_style":"none","global_border_radius":"","global_margin":"","global_padding":"","global_use_animation":"0","global_animation":"","global_animationduration":"300","global_animationdelay":"0","hidden_md":"0","hidden_sm":"0","hidden_xs":"0","acl":null}}]}]},{"id":1481957549920,"visibility":true,"collapse":false,"settings":{"padding":"50px 0px 50px 0px","margin":"0px 0px 0px 0px"},"layout":"4,4,4","columns":[{"id":1481957549921,"class_name":"col-md-4","visibility":true,"settings":{},"addons":[{"id":1481957549926,"name":"raw_html","visibility":true,"settings":{"admin_label":"","title":"","heading_selector":"h3","title_fontsize":"","title_lineheight":"","title_fontstyle":null,"title_letterspace":"0","title_fontweight":"","title_text_color":"","title_margin_top":"","title_margin_bottom":"","html":"<div class=\"feature-box feature-box-style-2 mb-xl\">\n\t\t\t\t\t\t\t\t<div class=\"feature-box-icon\">\n\t\t\t\t\t\t\t\t\t<img src=\"images/joomlabuff/law-firm/icons/criminal-law.png\" alt=\"\">\n\t\t\t\t\t\t\t\t</div>\n\t\t\t\t\t\t\t\t<div class=\"feature-box-info ml-md\">\n\t\t\t\t\t\t\t\t\t<h4 class=\"mb-sm\">Criminal Law</h4>\n\t\t\t\t\t\t\t\t\t<p>Lorem ipsum dolor sit amet, consectetur adipiscing metus elit. Quisque rutrum pellentesque imperdiet.</p>\n\t\t\t\t\t\t\t\t\t<a class=\"mt-md\" href=\"#\">Learn More <i class=\"fa fa-long-arrow-right\"></i></a>\n\t\t\t\t\t\t\t\t</div>\n\t\t\t\t\t\t\t</div>","class":"","global_text_color":"","global_link_color":"","global_link_hover_color":"","global_use_background":"0","global_background_color":"","global_background_image":"","global_background_repeat":"no-repeat","global_background_size":"cover","global_background_attachment":"inherit","global_user_border":"0","global_border_width":"","global_border_color":"","global_boder_style":"none","global_border_radius":"","global_margin":"","global_padding":"","global_use_animation":"1","global_animation":"fadeInUp","global_animationduration":"500","global_animationdelay":"0","hidden_md":"0","hidden_sm":"0","hidden_xs":"0","acl":null}},{"id":1481957549941,"name":"raw_html","visibility":true,"settings":{"admin_label":"","title":"","heading_selector":"h3","title_fontsize":"","title_lineheight":"","title_fontstyle":null,"title_letterspace":"0","title_fontweight":"","title_text_color":"","title_margin_top":"","title_margin_bottom":"","html":"<div class=\"feature-box feature-box-style-2 mb-xl\">\n\t\t\t\t\t\t\t\t<div class=\"feature-box-icon\">\n\t\t\t\t\t\t\t\t\t<img src=\"images/joomlabuff/law-firm/icons/divorce-law.png\" alt=\"\">\n\t\t\t\t\t\t\t\t</div>\n\t\t\t\t\t\t\t\t<div class=\"feature-box-info ml-md\">\n\t\t\t\t\t\t\t\t\t<h4 class=\"mb-sm\">Divorce Law</h4>\n\t\t\t\t\t\t\t\t\t<p>Lorem ipsum dolor sit amet, consectetur adipiscing metus elit. Quisque rutrum pellentesque imperdiet.</p>\n\t\t\t\t\t\t\t\t\t<a class=\"mt-md\" href=\"#\">Learn More <i class=\"fa fa-long-arrow-right\"></i></a>\n\t\t\t\t\t\t\t\t</div>\n\t\t\t\t\t\t\t</div>","class":"","global_text_color":"","global_link_color":"","global_link_hover_color":"","global_use_background":"0","global_background_color":"","global_background_image":"","global_background_repeat":"no-repeat","global_background_size":"cover","global_background_attachment":"inherit","global_user_border":"0","global_border_width":"","global_border_color":"","global_boder_style":"none","global_border_radius":"","global_margin":"20px 0 0 0","global_padding":"","global_use_animation":"1","global_animation":"fadeInUp","global_animationduration":"500","global_animationdelay":"0","hidden_md":"0","hidden_sm":"0","hidden_xs":"0","acl":null}}]},{"id":1481957549922,"class_name":"col-md-4","visibility":true,"settings":{},"addons":[{"id":1481957549929,"name":"raw_html","visibility":true,"settings":{"admin_label":"","title":"","heading_selector":"h3","title_fontsize":"","title_lineheight":"","title_fontstyle":null,"title_letterspace":"0","title_fontweight":"","title_text_color":"","title_margin_top":"","title_margin_bottom":"","html":"<div class=\"feature-box feature-box-style-2 mb-xl\">\n\t\t\t\t\t\t\t\t<div class=\"feature-box-icon\">\n\t\t\t\t\t\t\t\t\t<img src=\"images/joomlabuff/law-firm/icons/business-law.png\" alt=\"\">\n\t\t\t\t\t\t\t\t</div>\n\t\t\t\t\t\t\t\t<div class=\"feature-box-info ml-md\">\n\t\t\t\t\t\t\t\t\t<h4 class=\"mb-sm\">Business Law</h4>\n\t\t\t\t\t\t\t\t\t<p>Lorem ipsum dolor sit amet, consectetur adipiscing metus elit. Quisque rutrum pellentesque imperdiet.</p>\n\t\t\t\t\t\t\t\t\t<a class=\"mt-md\" href=\"#\">Learn More <i class=\"fa fa-long-arrow-right\"></i></a>\n\t\t\t\t\t\t\t\t</div>\n\t\t\t\t\t\t\t</div>","class":"","global_text_color":"","global_link_color":"","global_link_hover_color":"","global_use_background":"0","global_background_color":"","global_background_image":"","global_background_repeat":"no-repeat","global_background_size":"cover","global_background_attachment":"inherit","global_user_border":"0","global_border_width":"","global_border_color":"","global_boder_style":"none","global_border_radius":"","global_margin":"","global_padding":"","global_use_animation":"1","global_animation":"fadeInUp","global_animationduration":"500","global_animationdelay":"0","hidden_md":"0","hidden_sm":"0","hidden_xs":"0","acl":null}},{"id":1481957549944,"name":"raw_html","visibility":true,"settings":{"admin_label":"","title":"","heading_selector":"h3","title_fontsize":"","title_lineheight":"","title_fontstyle":null,"title_letterspace":"0","title_fontweight":"","title_text_color":"","title_margin_top":"","title_margin_bottom":"","html":"<div class=\"feature-box feature-box-style-2 mb-xl\">\n\t\t\t\t\t\t\t\t<div class=\"feature-box-icon\">\n\t\t\t\t\t\t\t\t\t<img src=\"images/joomlabuff/law-firm/icons/capital-law.png\" alt=\"\">\n\t\t\t\t\t\t\t\t</div>\n\t\t\t\t\t\t\t\t<div class=\"feature-box-info ml-md\">\n\t\t\t\t\t\t\t\t\t<h4 class=\"mb-sm\">Capital Law</h4>\n\t\t\t\t\t\t\t\t\t<p>Lorem ipsum dolor sit amet, consectetur adipiscing metus elit. Quisque rutrum pellentesque imperdiet.</p>\n\t\t\t\t\t\t\t\t\t<a class=\"mt-md\" href=\"#\">Learn More <i class=\"fa fa-long-arrow-right\"></i></a>\n\t\t\t\t\t\t\t\t</div>\n\t\t\t\t\t\t\t</div>","class":"","global_text_color":"","global_link_color":"","global_link_hover_color":"","global_use_background":"0","global_background_color":"","global_background_image":"","global_background_repeat":"no-repeat","global_background_size":"cover","global_background_attachment":"inherit","global_user_border":"0","global_border_width":"","global_border_color":"","global_boder_style":"none","global_border_radius":"","global_margin":"20px 0 0 0","global_padding":"","global_use_animation":"1","global_animation":"fadeInUp","global_animationduration":"500","global_animationdelay":"0","hidden_md":"0","hidden_sm":"0","hidden_xs":"0","acl":null}}]},{"id":1481957549923,"class_name":"col-md-4","visibility":true,"settings":{},"addons":[{"id":1481957549932,"name":"raw_html","visibility":true,"settings":{"admin_label":"","title":"","heading_selector":"h3","title_fontsize":"","title_lineheight":"","title_fontstyle":null,"title_letterspace":"0","title_fontweight":"","title_text_color":"","title_margin_top":"","title_margin_bottom":"","html":"<div class=\"feature-box feature-box-style-2 mb-xl\">\n\t\t\t\t\t\t\t\t<div class=\"feature-box-icon\">\n\t\t\t\t\t\t\t\t\t<img src=\"images/joomlabuff/law-firm/icons/health-law.png\" alt=\"\">\n\t\t\t\t\t\t\t\t</div>\n\t\t\t\t\t\t\t\t<div class=\"feature-box-info ml-md\">\n\t\t\t\t\t\t\t\t\t<h4 class=\"mb-sm\">Health Law</h4>\n\t\t\t\t\t\t\t\t\t<p>Lorem ipsum dolor sit amet, consectetur adipiscing metus elit. Quisque rutrum pellentesque imperdiet.</p>\n\t\t\t\t\t\t\t\t\t<a class=\"mt-md\" href=\"#\">Learn More <i class=\"fa fa-long-arrow-right\"></i></a>\n\t\t\t\t\t\t\t\t</div>\n\t\t\t\t\t\t\t</div>","class":"","global_text_color":"","global_link_color":"","global_link_hover_color":"","global_use_background":"0","global_background_color":"","global_background_image":"","global_background_repeat":"no-repeat","global_background_size":"cover","global_background_attachment":"inherit","global_user_border":"0","global_border_width":"","global_border_color":"","global_boder_style":"none","global_border_radius":"","global_margin":"","global_padding":"","global_use_animation":"1","global_animation":"fadeInUp","global_animationduration":"500","global_animationdelay":"0","hidden_md":"0","hidden_sm":"0","hidden_xs":"0","acl":null}},{"id":1481957549947,"name":"raw_html","visibility":true,"settings":{"admin_label":"","title":"","heading_selector":"h3","title_fontsize":"","title_lineheight":"","title_fontstyle":null,"title_letterspace":"0","title_fontweight":"","title_text_color":"","title_margin_top":"","title_margin_bottom":"","html":"<div class=\"feature-box feature-box-style-2 mb-xl\">\n\t\t\t\t\t\t\t\t<div class=\"feature-box-icon\">\n\t\t\t\t\t\t\t\t\t<img src=\"images/joomlabuff/law-firm/icons/accident-law.png\" alt=\"\">\n\t\t\t\t\t\t\t\t</div>\n\t\t\t\t\t\t\t\t<div class=\"feature-box-info ml-md\">\n\t\t\t\t\t\t\t\t\t<h4 class=\"mb-sm\">Accident Law</h4>\n\t\t\t\t\t\t\t\t\t<p>Lorem ipsum dolor sit amet, consectetur adipiscing metus elit. Quisque rutrum pellentesque imperdiet.</p>\n\t\t\t\t\t\t\t\t\t<a class=\"mt-md\" href=\"#\">Learn More <i class=\"fa fa-long-arrow-right\"></i></a>\n\t\t\t\t\t\t\t\t</div>\n\t\t\t\t\t\t\t</div>","class":"","global_text_color":"","global_link_color":"","global_link_hover_color":"","global_use_background":"0","global_background_color":"","global_background_image":"","global_background_repeat":"no-repeat","global_background_size":"cover","global_background_attachment":"inherit","global_user_border":"0","global_border_width":"","global_border_color":"","global_boder_style":"none","global_border_radius":"","global_margin":"20px 0 0 0","global_padding":"","global_use_animation":"1","global_animation":"fadeInUp","global_animationduration":"500","global_animationdelay":"0","hidden_md":"0","hidden_sm":"0","hidden_xs":"0","acl":null}}]}]},{"id":1481957549969,"visibility":true,"collapse":false,"settings":{"admin_label":"","title":"","heading_selector":"h3","title_fontsize":"","title_fontweight":"","title_text_color":"","title_margin_top":"","title_margin_bottom":"","subtitle":"","subtitle_fontsize":"","title_position":"sppb-text-center","columns_equal_height":"0","fullscreen":"1","no_gutter":"1","id":"","class":"","padding":"0px 0px 0px 0px","margin":"0px 0px 0px 0px","color":"","background_color":"","background_image":"images/joomlabuff/law-firm/parallax-law-firm.jpg","overlay":"","background_repeat":"no-repeat","background_size":"cover","background_attachment":"fixed","background_position":"0 0","background_video":"0","background_video_mp4":"","background_video_ogv":"","hidden_xs":"","hidden_sm":"","hidden_md":"","animation":"","animationduration":"300","animationdelay":"0"},"layout":"6,6","columns":[{"id":1481397417433,"class_name":"col-md-6","visibility":true,"settings":{"color":"","background":"","background_image":"images/joomlabuff/patterns/fancy.jpg","overlay":"","background_repeat":"repeat","background_size":"inherit","background_attachment":"inherit","background_position":"50% 100%","padding":"","class":"match-height ","sm_col":"","xs_col":"","hidden_xs":"","hidden_sm":"","hidden_md":"","animation":"","animationduration":"300","animationdelay":"0"},"addons":[{"id":1482067736109,"name":"raw_html","visibility":true,"settings":{"admin_label":"","title":"","heading_selector":"h3","title_fontsize":"","title_lineheight":"","title_fontstyle":null,"title_letterspace":"0","title_fontweight":"","title_text_color":"","title_margin_top":"","title_margin_bottom":"","html":"<h2 class=\"mb-none text-white\">Testimonials</h2>\n<div class=\"divider divider-light divider-small mb-xl\">\n<hr>\n</div>","class":"col-sm-12 col-sm-offset-1","global_text_color":"","global_link_color":"","global_link_hover_color":"","global_use_background":"0","global_background_color":"","global_background_image":"","global_background_repeat":"no-repeat","global_background_size":"cover","global_background_attachment":"inherit","global_user_border":"0","global_border_width":"","global_border_color":"","global_boder_style":"none","global_border_radius":"","global_margin":"","global_padding":"50px 0 0 16px","global_use_animation":"0","global_animation":"","global_animationduration":"300","global_animationdelay":"0","hidden_md":"0","hidden_sm":"0","hidden_xs":"0","acl":null}},{"id":1481397417436,"name":"testimonialporto","visibility":true,"settings":{"admin_label":"","title":"","heading_selector":"h3","items":"1","margin":"30","loop":"1","mouseDrag":"1","autoplay":"1","autoplay_interval":"5000","nav":"0","dots":"1","class":"law-testimonials col-sm-12","style":"style6","sp_testimonialporto_item":[{"title":"John Doe","desc":"CEO & Founder - Okler","avatar":"images/2016/11/22/client-4.jpg","avatar_style":"sppb-img-rounded","avatar_position":"top","message":"<p>When, while the lovely valley teems with vapour around me, and the meridian sun strikes the upper surface of the impenetrable foliage of my trees.</p>","url":"#","link_target":""},{"title":"John Doe","desc":"CEO & Founder - Okler","avatar":"images/2016/11/22/client-3.jpg","avatar_style":"sppb-img-circle","avatar_position":"top","message":"<p>When, while the lovely valley teems with vapour around me, and the meridian sun strikes the upper surface of the impenetrable foliage of my trees.</p>","url":"#","link_target":""}],"global_text_color":"","global_link_color":"","global_link_hover_color":"","global_use_background":"0","global_background_color":"","global_background_image":"","global_background_repeat":"no-repeat","global_background_size":"cover","global_background_attachment":"inherit","global_user_border":"0","global_border_width":"","global_border_color":"","global_boder_style":"none","global_border_radius":"","global_margin":"","global_padding":"50px 0 50px 0","global_use_animation":"0","global_animation":"","global_animationduration":"300","global_animationdelay":"0","hidden_md":"0","hidden_sm":"0","hidden_xs":"0","acl":null}}]},{"id":1481957549970,"class_name":"col-md-6","visibility":true,"settings":{},"addons":[]}]},{"id":1482038750526,"visibility":true,"collapse":false,"settings":{"admin_label":"","title":"","heading_selector":"h3","title_fontsize":"","title_fontweight":"","title_text_color":"","title_margin_top":"","title_margin_bottom":"","subtitle":"","subtitle_fontsize":"","title_position":"sppb-text-center","columns_equal_height":"0","fullscreen":"0","no_gutter":"0","id":"","class":"","padding":"50px 0px 0px 0px","margin":"0px 0px 0px 0px","color":"","background_color":"","background_image":"","overlay":"","background_repeat":"no-repeat","background_size":"cover","background_attachment":"fixed","background_position":"0 0","background_video":"0","background_video_mp4":"","background_video_ogv":"","hidden_xs":"","hidden_sm":"","hidden_md":"","animation":"","animationduration":"300","animationdelay":"0"},"layout":"12","columns":[{"id":1482038750527,"class_name":"col-md-12","visibility":true,"settings":{},"addons":[{"id":1482038750530,"name":"raw_html","visibility":true,"settings":{"admin_label":"Attorneys","title":"","heading_selector":"h3","title_fontsize":"","title_lineheight":"","title_fontstyle":null,"title_letterspace":"0","title_fontweight":"","title_text_color":"","title_margin_top":"","title_margin_bottom":"","html":"<div class=\"col-md-12 center\">\n\t\t\t\t\t\t\t\t<h2 class=\"mt-xl mb-none\">Attorneys</h2>\n\t\t\t\t\t\t\t\t<div class=\"divider divider-primary divider-small divider-small-center mb-xl\">\n\t\t\t\t\t\t\t\t\t<hr>\n\t\t\t\t\t\t\t\t</div>\n\t\t\t\t\t\t\t</div>","class":"","global_text_color":"","global_link_color":"","global_link_hover_color":"","global_use_background":"0","global_background_color":"","global_background_image":"","global_background_repeat":"no-repeat","global_background_size":"cover","global_background_attachment":"inherit","global_user_border":"0","global_border_width":"","global_border_color":"","global_boder_style":"none","global_border_radius":"","global_margin":"","global_padding":"","global_use_animation":"0","global_animation":"","global_animationduration":"300","global_animationdelay":"0","hidden_md":"0","hidden_sm":"0","hidden_xs":"0","acl":null}}]}]},{"id":1481957549999,"visibility":true,"collapse":false,"settings":{"padding":"50px 0px 50px 0px","margin":"0px 0px 0px 0px"},"layout":"12","columns":[{"id":1481957550000,"class_name":"col-md-12","visibility":true,"settings":{},"addons":[{"id":1481957550003,"name":"portoteam","visibility":true,"settings":{"admin_label":"","title":"","description":"","items":"4","loop":"1","mouseDrag":"1","autoplay":"0","autoplay_interval":"5000","nav":"1","dots":"0","style":"style2","enable_social_links":"1","social_position":"after","sp_portoteam_item":[{"name":"Craig Doe","designation":" Business law","desc":"<p>Lorem ipsum dolor sit amet, consectetur adipiscing elit. Sed tempus nibh sed elimttis adipiscing. Fusce in hendrerit purus. Suspendisse potenti. Proin quis eros odio, dapibus dictum mauris. Donec nisi libero, adipiscing id pretium eget, consectetur sit amet leo. Nam at eros quis mi egestas fringilla non nec purus.</p>","avatar":"images/joomlabuff/team/team-23.jpg","avatar1":"","avatar2":"","facebook":"http://www.facebook.com/joomlabuff","twitter":"http://twitter.com/joomlabuff","google_plus":"http://plus.google.com/+Joomshapers","youtube":"","linkedin":"","pinterest":"","flickr":"","dribbble":"","behance":"","instagram":""},{"name":"Richard Doe","designation":"Accident Law","desc":"<p>Lorem ipsum dolor sit amet, consectetur adipiscing elit. Sed tempus nibh sed elimttis adipiscing. Fusce in hendrerit purus. Suspendisse potenti. Proin quis eros odio, dapibus dictum mauris. Donec nisi libero, adipiscing id pretium eget, consectetur sit amet leo. Nam at eros quis mi egestas fringilla non nec purus.</p>","avatar":"images/joomlabuff/team/team-22.jpg","avatar1":"","avatar2":"","facebook":"http://www.facebook.com/joomlabuff","twitter":"http://twitter.com/joomlabuff","google_plus":"http://plus.google.com/+Joomshapers","youtube":"","linkedin":"","pinterest":"","flickr":"","dribbble":"","behance":"","instagram":""},{"name":"Amanda Doe","designation":"Capital Law","desc":"<p>Lorem ipsum dolor sit amet, consectetur adipiscing elit. Sed tempus nibh sed elimttis adipiscing. Fusce in hendrerit purus. Suspendisse potenti. Proin quis eros odio, dapibus dictum mauris. Donec nisi libero, adipiscing id pretium eget, consectetur sit amet leo. Nam at eros quis mi egestas fringilla non nec purus.</p>","avatar":"images/joomlabuff/team/team-29.jpg","avatar1":"","avatar2":"","facebook":"http://www.facebook.com/joomlabuff","twitter":"http://twitter.com/joomlabuff","google_plus":"#","youtube":"","linkedin":"","pinterest":"","flickr":"","dribbble":"","behance":"","instagram":""},{"name":"Kiruthiga","designation":"Health law","desc":"<p>Lorem ipsum dolor sit amet, consectetur adipiscing elit. Sed tempus nibh sed elimttis adipiscing. Fusce in hendrerit purus. Suspendisse potenti. Proin quis eros odio, dapibus dictum mauris. Donec nisi libero, adipiscing id pretium eget, consectetur sit amet leo. Nam at eros quis mi egestas fringilla non nec purus.</p>","avatar":"images/joomlabuff/team/team-30.jpg","avatar1":"","avatar2":"","facebook":"http://www.facebook.com/joomlabuff","twitter":"http://twitter.com/joomlabuff","google_plus":"http://plus.google.com/+Joomshapers","youtube":"","linkedin":"","pinterest":"","flickr":"","dribbble":"","behance":"","instagram":""},{"name":"David Doe","designation":"Criminal Law","desc":"<p>Lorem ipsum dolor sit amet, consectetur adipiscing elit. Sed tempus nibh sed elimttis adipiscing. Fusce in hendrerit purus. Suspendisse potenti. Proin quis eros odio, dapibus dictum mauris. Donec nisi libero, adipiscing id pretium eget, consectetur sit amet leo. Nam at eros quis mi egestas fringilla non nec purus.</p>","avatar":"images/joomlabuff/team/team-25.jpg","avatar1":"","avatar2":"","facebook":"http://www.facebook.com/joomlabuff","twitter":"http://twitter.com/joomlabuff","google_plus":"http://plus.google.com/+Joomshapers","youtube":"","linkedin":"","pinterest":"","flickr":"","dribbble":"","behance":"","instagram":""}],"class":"","global_text_color":"","global_link_color":"","global_link_hover_color":"","global_use_background":"0","global_background_color":"","global_background_image":"","global_background_repeat":"no-repeat","global_background_size":"cover","global_background_attachment":"inherit","global_user_border":"0","global_border_width":"","global_border_color":"","global_boder_style":"none","global_border_radius":"","global_margin":"","global_padding":"","global_use_animation":"0","global_animation":"","global_animationduration":"300","global_animationdelay":"0","hidden_md":"0","hidden_sm":"0","hidden_xs":"0","acl":null}}]}]},{"id":1482038750509,"visibility":true,"collapse":false,"settings":{"admin_label":"","title":"","heading_selector":"h3","title_fontsize":"","title_fontweight":"","title_text_color":"","title_margin_top":"","title_margin_bottom":"","subtitle":"","subtitle_fontsize":"","title_position":"sppb-text-center","columns_equal_height":"0","fullscreen":"0","no_gutter":"0","id":"","class":"text-white","padding":"50px 0px 50px 0px","margin":"0px 0px 0px 0px","color":"","background_color":"","background_image":"images/joomlabuff/law-firm/parallax-law-firm-2.jpg","overlay":"","background_repeat":"no-repeat","background_size":"cover","background_attachment":"fixed","background_position":"0 0","background_video":"0","background_video_mp4":"","background_video_ogv":"","hidden_xs":"","hidden_sm":"","hidden_md":"","animation":"","animationduration":"300","animationdelay":"0"},"layout":"3,3,3,3","columns":[{"id":1479878536860,"class_name":"col-md-3","visibility":true,"settings":{"color":"","background":"","background_image":"","overlay":"","background_repeat":"no-repeat","background_size":"cover","background_attachment":"scroll","background_position":"0 0","padding":"","class":"counters","sm_col":"","xs_col":"","hidden_xs":"","hidden_sm":"","hidden_md":"","animation":"","animationduration":"300","animationdelay":"0"},"addons":[{"id":1479878536875,"name":"raw_html","visibility":true,"settings":{"admin_label":"","title":"","heading_selector":"h3","title_fontsize":"","title_lineheight":"","title_fontstyle":null,"title_letterspace":"0","title_fontweight":"","title_text_color":"","title_margin_top":"","title_margin_bottom":"","html":"<i class=\"icon-user-following icons\"></i>","class":"center text-white","global_text_color":"rgba(255, 255, 255, 1)","global_link_color":"","global_link_hover_color":"","global_use_background":"0","global_background_color":"","global_background_image":"","global_background_repeat":"no-repeat","global_background_size":"cover","global_background_attachment":"inherit","global_user_border":"0","global_border_width":"","global_border_color":"","global_boder_style":"none","global_border_radius":"","global_margin":"","global_padding":"","global_use_animation":"0","global_animation":"","global_animationduration":"300","global_animationdelay":"0","hidden_md":"0","hidden_sm":"0","hidden_xs":"0","acl":null}},{"id":1479878536863,"name":"animated_number","visibility":true,"settings":{"admin_label":"Happy clients","number":"20000","duration":"1000","font_size":"36","color":"","counter_title":"Happy clients","title_font_size":"18","alignment":"sppb-text-center","class":"","global_text_color":"rgba(46, 53, 62, 1)","global_link_color":"","global_link_hover_color":"","global_use_background":"0","global_background_color":"","global_background_image":"","global_background_repeat":"no-repeat","global_background_size":"cover","global_background_attachment":"inherit","global_user_border":"0","global_border_width":"","global_border_color":"","global_boder_style":"none","global_border_radius":"","global_margin":"","global_padding":"","global_use_animation":"0","global_animation":"","global_animationduration":"300","global_animationdelay":"0","hidden_md":"0","hidden_sm":"0","hidden_xs":"0","acl":null}}]},{"id":1479878536864,"class_name":"col-md-3","visibility":true,"settings":{"color":"","background":"","background_image":"","overlay":"","background_repeat":"no-repeat","background_size":"cover","background_attachment":"scroll","background_position":"0 0","padding":"","class":"counters","sm_col":"","xs_col":"","hidden_xs":"","hidden_sm":"","hidden_md":"","animation":"","animationduration":"300","animationdelay":"0"},"addons":[{"id":1479878536882,"name":"raw_html","visibility":true,"settings":{"admin_label":"","title":"","heading_selector":"h3","title_fontsize":"","title_lineheight":"","title_fontstyle":null,"title_letterspace":"0","title_fontweight":"","title_text_color":"","title_margin_top":"","title_margin_bottom":"","html":"<i class=\"icon-diamond icons\"></i>","class":"center","global_text_color":"","global_link_color":"","global_link_hover_color":"","global_use_background":"0","global_background_color":"","global_background_image":"","global_background_repeat":"no-repeat","global_background_size":"cover","global_background_attachment":"inherit","global_user_border":"0","global_border_width":"","global_border_color":"","global_boder_style":"none","global_border_radius":"","global_margin":"","global_padding":"","global_use_animation":"0","global_animation":"","global_animationduration":"300","global_animationdelay":"0","hidden_md":"0","hidden_sm":"0","hidden_xs":"0","acl":null}},{"id":1479878536885,"name":"animated_number","visibility":true,"settings":{"admin_label":"Years in Business","number":"15","duration":"996","font_size":"36","color":"","counter_title":"Years in Business","title_font_size":"18","alignment":"sppb-text-center","class":"","global_text_color":"rgba(46, 53, 62, 1)","global_link_color":"","global_link_hover_color":"","global_use_background":"0","global_background_color":"","global_background_image":"","global_background_repeat":"no-repeat","global_background_size":"cover","global_background_attachment":"inherit","global_user_border":"0","global_border_width":"","global_border_color":"","global_boder_style":"none","global_border_radius":"","global_margin":"","global_padding":"","global_use_animation":"0","global_animation":"","global_animationduration":"300","global_animationdelay":"0","hidden_md":"0","hidden_sm":"0","hidden_xs":"0","acl":null}}]},{"id":1479878536865,"class_name":"col-md-3","visibility":true,"settings":{"color":"","background":"","background_image":"","overlay":"","background_repeat":"no-repeat","background_size":"cover","background_attachment":"scroll","background_position":"0 0","padding":"","class":"counters","sm_col":"","xs_col":"","hidden_xs":"","hidden_sm":"","hidden_md":"","animation":"","animationduration":"300","animationdelay":"0"},"addons":[{"id":1479878536892,"name":"raw_html","visibility":true,"settings":{"admin_label":"","title":"","heading_selector":"h3","title_fontsize":"","title_lineheight":"","title_fontstyle":null,"title_letterspace":"0","title_fontweight":"","title_text_color":"","title_margin_top":"","title_margin_bottom":"","html":"<i class=\"icon-badge icons\"></i>","class":"center","global_text_color":"","global_link_color":"","global_link_hover_color":"","global_use_background":"0","global_background_color":"","global_background_image":"","global_background_repeat":"no-repeat","global_background_size":"cover","global_background_attachment":"inherit","global_user_border":"0","global_border_width":"","global_border_color":"","global_boder_style":"none","global_border_radius":"","global_margin":"","global_padding":"","global_use_animation":"0","global_animation":"","global_animationduration":"300","global_animationdelay":"0","hidden_md":"0","hidden_sm":"0","hidden_xs":"0","acl":null}},{"id":1479878536895,"name":"animated_number","visibility":true,"settings":{"admin_label":"Awards","number":"3","duration":"1000","font_size":"36","color":"","counter_title":"Awards","title_font_size":"18","alignment":"sppb-text-center","class":"","global_text_color":"rgba(46, 53, 62, 1)","global_link_color":"","global_link_hover_color":"","global_use_background":"0","global_background_color":"","global_background_image":"","global_background_repeat":"no-repeat","global_background_size":"cover","global_background_attachment":"inherit","global_user_border":"0","global_border_width":"","global_border_color":"","global_boder_style":"none","global_border_radius":"","global_margin":"","global_padding":"","global_use_animation":"0","global_animation":"","global_animationduration":"300","global_animationdelay":"0","hidden_md":"0","hidden_sm":"0","hidden_xs":"0","acl":null}}]},{"id":1479878536866,"class_name":"col-md-3","visibility":true,"settings":{"color":"","background":"","background_image":"","overlay":"","background_repeat":"no-repeat","background_size":"cover","background_attachment":"scroll","background_position":"0 0","padding":"","class":"counters","sm_col":"","xs_col":"","hidden_xs":"","hidden_sm":"","hidden_md":"","animation":"","animationduration":"300","animationdelay":"0"},"addons":[{"id":1479878536900,"name":"raw_html","visibility":true,"settings":{"admin_label":"","title":"","heading_selector":"h3","title_fontsize":"","title_lineheight":"","title_fontstyle":null,"title_letterspace":"0","title_fontweight":"","title_text_color":"","title_margin_top":"","title_margin_bottom":"","html":"<i class=\"icon-paper-plane icons\"></i>\n","class":"center","global_text_color":"","global_link_color":"","global_link_hover_color":"","global_use_background":"0","global_background_color":"","global_background_image":"","global_background_repeat":"no-repeat","global_background_size":"cover","global_background_attachment":"inherit","global_user_border":"0","global_border_width":"","global_border_color":"","global_boder_style":"none","global_border_radius":"","global_margin":"","global_padding":"","global_use_animation":"0","global_animation":"","global_animationduration":"300","global_animationdelay":"0","hidden_md":"0","hidden_sm":"0","hidden_xs":"0","acl":null}},{"id":1479878536903,"name":"animated_number","visibility":true,"settings":{"admin_label":"Successful Stories","number":"178","duration":"1000","font_size":"36","color":"","counter_title":"Successful Stories","title_font_size":"18","alignment":"sppb-text-center","class":"","global_text_color":"rgba(46, 53, 62, 1)","global_link_color":"","global_link_hover_color":"","global_use_background":"0","global_background_color":"","global_background_image":"","global_background_repeat":"no-repeat","global_background_size":"cover","global_background_attachment":"inherit","global_user_border":"0","global_border_width":"","global_border_color":"","global_boder_style":"none","global_border_radius":"","global_margin":"","global_padding":"","global_use_animation":"0","global_animation":"","global_animationduration":"300","global_animationdelay":"0","hidden_md":"0","hidden_sm":"0","hidden_xs":"0","acl":null}}]}]},{"id":1482038750533,"visibility":true,"collapse":false,"settings":{"admin_label":"","title":"","heading_selector":"h3","title_fontsize":"","title_fontweight":"","title_text_color":"","title_margin_top":"","title_margin_bottom":"","subtitle":"","subtitle_fontsize":"","title_position":"sppb-text-center","columns_equal_height":"0","fullscreen":"0","no_gutter":"0","id":"","class":"","padding":"50px 0px 0px 0px","margin":"0px 0px 0px 0px","color":"","background_color":"","background_image":"","overlay":"","background_repeat":"no-repeat","background_size":"cover","background_attachment":"fixed","background_position":"0 0","background_video":"0","background_video_mp4":"","background_video_ogv":"","hidden_xs":"","hidden_sm":"","hidden_md":"","animation":"","animationduration":"300","animationdelay":"0"},"layout":"12","columns":[{"id":1482038750534,"class_name":"col-md-12","visibility":true,"settings":{},"addons":[{"id":1482038750537,"name":"raw_html","visibility":true,"settings":{"admin_label":"Latest News","title":"","heading_selector":"h3","title_fontsize":"","title_lineheight":"","title_fontstyle":null,"title_letterspace":"0","title_fontweight":"","title_text_color":"","title_margin_top":"","title_margin_bottom":"","html":"<div class=\"col-md-12 center\">\n\t\t\t\t\t\t\t<h2 class=\"mt-xl mb-none\">Latest News</h2>\n\t\t\t\t\t\t\t<div class=\"divider divider-primary divider-small divider-small-center mb-xl\">\n\t\t\t\t\t\t\t\t<hr>\n\t\t\t\t\t\t\t</div>\n\t\t\t\t\t\t</div>","class":"","global_text_color":"","global_link_color":"","global_link_hover_color":"","global_use_background":"0","global_background_color":"","global_background_image":"","global_background_repeat":"no-repeat","global_background_size":"cover","global_background_attachment":"inherit","global_user_border":"0","global_border_width":"","global_border_color":"","global_boder_style":"none","global_border_radius":"","global_margin":"","global_padding":"","global_use_animation":"0","global_animation":"","global_animationduration":"300","global_animationdelay":"0","hidden_md":"0","hidden_sm":"0","hidden_xs":"0","acl":null}}]}]},{"id":1482038750538,"visibility":true,"collapse":false,"settings":{"admin_label":"","title":"","heading_selector":"h3","title_fontsize":"","title_fontweight":"","title_text_color":"","title_margin_top":"","title_margin_bottom":"","subtitle":"","subtitle_fontsize":"","title_position":"sppb-text-center","columns_equal_height":"0","fullscreen":"0","no_gutter":"0","id":"","class":"","padding":"30px 0px 50px 0px","margin":"0px 0px 0px 0px","color":"","background_color":"","background_image":"","overlay":"","background_repeat":"no-repeat","background_size":"cover","background_attachment":"fixed","background_position":"0 0","background_video":"0","background_video_mp4":"","background_video_ogv":"","hidden_xs":"","hidden_sm":"","hidden_md":"","animation":"","animationduration":"300","animationdelay":"0"},"layout":"12","columns":[{"id":1482038750539,"class_name":"col-md-12","visibility":true,"settings":{},"addons":[{"id":1482038750542,"name":"module","visibility":true,"settings":{"admin_label":"LAtest news blog item","title":"","heading_selector":"h3","title_fontsize":"","title_lineheight":"","title_fontstyle":null,"title_letterspace":"0","title_fontweight":"","title_text_color":"","title_margin_top":"","title_margin_bottom":"","module_type":"module","id":"148","position":"","class":"","global_text_color":"","global_link_color":"","global_link_hover_color":"","global_use_background":"0","global_background_color":"","global_background_image":"","global_background_repeat":"no-repeat","global_background_size":"cover","global_background_attachment":"inherit","global_user_border":"0","global_border_width":"","global_border_color":"","global_boder_style":"none","global_border_radius":"","global_margin":"","global_padding":"","global_use_animation":"0","global_animation":"","global_animationduration":"300","global_animationdelay":"0","hidden_md":"0","hidden_sm":"0","hidden_xs":"0","acl":null}}]}]},{"id":1482038750545,"visibility":true,"collapse":false,"settings":{"admin_label":"","title":"","heading_selector":"h3","title_fontsize":"","title_fontweight":"","title_text_color":"","title_margin_top":"","title_margin_bottom":"","subtitle":"","subtitle_fontsize":"","title_position":"sppb-text-center","columns_equal_height":"0","fullscreen":"0","no_gutter":"0","id":"","class":"","padding":"70px 0px 50px 0px","margin":"0px 0px 0px 0px","color":"","background_color":"","background_image":"images/joomlabuff/custom-header-bg-2.jpg","overlay":"","background_repeat":"repeat","background_size":"inherit","background_attachment":"inherit","background_position":"50% 100%","background_video":"0","background_video_mp4":"","background_video_ogv":"","hidden_xs":"","hidden_sm":"","hidden_md":"","animation":"","animationduration":"300","animationdelay":"0"},"layout":"6,6","columns":[{"id":1482038750546,"class_name":"col-md-6","visibility":true,"settings":{},"addons":[]},{"id":1482038750547,"class_name":"col-md-6","visibility":true,"settings":{},"addons":[{"id":1482038750553,"name":"raw_html","visibility":true,"settings":{"admin_label":"","title":"","heading_selector":"h3","title_fontsize":"","title_lineheight":"","title_fontstyle":null,"title_letterspace":"0","title_fontweight":"","title_text_color":"","title_margin_top":"","title_margin_bottom":"","html":"<div class=\"col-sm-12\">\n<h2 class=\"mt-xl mb-none\">Request a Free Consultation</h2>\n<p>Consult with our experienced team for complete solutions to your legal issues.</p>\n<div class=\"divider divider-primary divider-small mb-xl\">\n<hr>\n</div>\n</div>","class":"","global_text_color":"","global_link_color":"","global_link_hover_color":"","global_use_background":"0","global_background_color":"","global_background_image":"","global_background_repeat":"no-repeat","global_background_size":"cover","global_background_attachment":"inherit","global_user_border":"0","global_border_width":"","global_border_color":"","global_boder_style":"none","global_border_radius":"","global_margin":"","global_padding":"","global_use_animation":"0","global_animation":"","global_animationduration":"300","global_animationdelay":"0","hidden_md":"0","hidden_sm":"0","hidden_xs":"0","acl":null}},{"id":1482038750550,"name":"module","visibility":true,"settings":{"admin_label":"law form","title":"","heading_selector":"h3","title_fontsize":"","title_lineheight":"","title_fontstyle":null,"title_letterspace":"0","title_fontweight":"","title_text_color":"","title_margin_top":"","title_margin_bottom":"","module_type":"module","id":"150","position":"","class":"law-home-form","global_text_color":"","global_link_color":"","global_link_hover_color":"","global_use_background":"0","global_background_color":"","global_background_image":"","global_background_repeat":"no-repeat","global_background_size":"cover","global_background_attachment":"inherit","global_user_border":"0","global_border_width":"","global_border_color":"","global_boder_style":"none","global_border_radius":"","global_margin":"","global_padding":"","global_use_animation":"0","global_animation":"","global_animationduration":"300","global_animationdelay":"0","hidden_md":"0","hidden_sm":"0","hidden_xs":"0","acl":null}}]}]}]