[{"id":1487316106933,"visibility":true,"collapse":false,"settings":{"admin_label":"","title":"","heading_selector":"h3","title_fontsize":"","title_fontweight":"","title_text_color":"","title_margin_top":"","title_margin_bottom":"","subtitle":"","subtitle_fontsize":"","title_position":"sppb-text-center","columns_equal_height":"0","fullscreen":"0","no_gutter":"0","id":"","class":"banners-container","padding":"0px 0px 0px 0px","margin":"0px 0px 0px 0px","color":"","background_color":"","background_image":"","overlay":"","background_repeat":"no-repeat","background_size":"cover","background_attachment":"fixed","background_position":"0 0","background_video":"0","background_video_mp4":"","background_video_ogv":"","hidden_xs":"","hidden_sm":"","hidden_md":"","animation":"","animationduration":"300","animationdelay":"0"},"layout":"6,3,3","columns":[{"id":1487316106934,"class_name":"col-md-6","visibility":true,"settings":{},"addons":[{"id":1487323338464,"name":"raw_html","visibility":true,"settings":{"admin_label":"","title":"","heading_selector":"h3","title_fontsize":"","title_lineheight":"","title_fontstyle":null,"title_letterspace":"0","title_fontweight":"","title_text_color":"","title_margin_top":"","title_margin_bottom":"","html":"<div class=\"banner\">\n\t\t\t\t\t\t\t\t<a href=\"#\"><img src=\"images/joomlabuff/shop/bannar/shop1/banner1.jpg\" alt=\"Banner\"></a>\n\n\t\t\t\t\t\t\t\t<div class=\"banner-content v1\">\n\t\t\t\t\t\t\t\t\t<h2><strong>Huge</strong> Sale</h2>\n\t\t\t\t\t\t\t\t\t<p>Now starting at <strong>$99</strong></p>\n\t\t\t\t\t\t\t\t\t<a href=\"#\">Shop now &gt;</a>\n\t\t\t\t\t\t\t\t</div>\n\n\t\t\t\t\t\t\t\t<div class=\"banner-ribbon\">\n\t\t\t\t\t\t\t\t\t<div class=\"ribbon-content\">\n\t\t\t\t\t\t\t\t\t\t<span>Up to</span>\n\t\t\t\t\t\t\t\t\t\t<h3>70%</h3>\n\t\t\t\t\t\t\t\t\t\t<h4>Off</h4>\n\t\t\t\t\t\t\t\t\t</div>\n\t\t\t\t\t\t\t\t</div>\n\t\t\t\t\t\t\t</div>","class":"","global_text_color":"","global_link_color":"","global_link_hover_color":"","global_use_background":"0","global_background_color":"","global_background_image":"","global_background_repeat":"no-repeat","global_background_size":"cover","global_background_attachment":"inherit","global_user_border":"0","global_border_width":"","global_border_color":"","global_boder_style":"none","global_border_radius":"","global_margin":"","global_padding":"","global_use_animation":"0","global_animation":"","global_animationduration":"300","global_animationdelay":"0","hidden_md":"0","hidden_sm":"0","hidden_xs":"0","acl":null}}]},{"id":1487323338460,"class_name":"col-md-3","visibility":true,"settings":{},"addons":[{"id":1487323338467,"name":"raw_html","visibility":true,"settings":{"admin_label":"","title":"","heading_selector":"h3","title_fontsize":"","title_lineheight":"","title_fontstyle":null,"title_letterspace":"0","title_fontweight":"","title_text_color":"","title_margin_top":"","title_margin_bottom":"","html":"<div class=\"banner\">\n\t\t\t\t\t\t\t\t<a href=\"#\"><img src=\"images/joomlabuff/shop/bannar/shop1/banner2.jpg\" alt=\"Banner\"></a>\n\t\t\t\t\t\t\t\t<div class=\"banner-content v2\">\n\t\t\t\t\t\t\t\t\t<h3>amazing</h3>\n\t\t\t\t\t\t\t\t\t<h2>Collection</h2>\n\t\t\t\t\t\t\t\t\t<a href=\"#\">Show now &gt;</a>\n\t\t\t\t\t\t\t\t</div>\n\t\t\t\t\t\t\t</div>","class":"","global_text_color":"","global_link_color":"","global_link_hover_color":"","global_use_background":"0","global_background_color":"","global_background_image":"","global_background_repeat":"no-repeat","global_background_size":"cover","global_background_attachment":"inherit","global_user_border":"0","global_border_width":"","global_border_color":"","global_boder_style":"none","global_border_radius":"","global_margin":"","global_padding":"","global_use_animation":"0","global_animation":"","global_animationduration":"300","global_animationdelay":"0","hidden_md":"0","hidden_sm":"0","hidden_xs":"0","acl":null}}]},{"id":1487323338461,"class_name":"col-md-3","visibility":true,"settings":{},"addons":[{"id":1487323338470,"name":"raw_html","visibility":true,"settings":{"admin_label":"","title":"","heading_selector":"h3","title_fontsize":"","title_lineheight":"","title_fontstyle":null,"title_letterspace":"0","title_fontweight":"","title_text_color":"","title_margin_top":"","title_margin_bottom":"","html":"<div class=\"banner\">\n\t\t\t\t\t\t\t\t<a href=\"#\"><img src=\"images/joomlabuff/shop/bannar/shop1/banner3.jpg\" alt=\"Banner\"></a>\n\n\t\t\t\t\t\t\t\t<div class=\"banner-content v3\">\n\t\t\t\t\t\t\t\t\t<p>Mobile</p>\n\t\t\t\t\t\t\t\t\t<p>Mega Sale</p>\n\t\t\t\t\t\t\t\t\t<h4>$450.00</h4>\n\t\t\t\t\t\t\t\t\t<h3>$350.<span>00</span></h3>\n\t\t\t\t\t\t\t\t\t<a href=\"#\">Shop now &gt;</a>\n\t\t\t\t\t\t\t\t</div>\n\t\t\t\t\t\t\t</div>","class":"","global_text_color":"","global_link_color":"","global_link_hover_color":"","global_use_background":"0","global_background_color":"","global_background_image":"","global_background_repeat":"no-repeat","global_background_size":"cover","global_background_attachment":"inherit","global_user_border":"0","global_border_width":"","global_border_color":"","global_boder_style":"none","global_border_radius":"","global_margin":"","global_padding":"","global_use_animation":"0","global_animation":"","global_animationduration":"300","global_animationdelay":"0","hidden_md":"0","hidden_sm":"0","hidden_xs":"0","acl":null}},{"id":1487323338473,"name":"raw_html","visibility":true,"settings":{"admin_label":"","title":"","heading_selector":"h3","title_fontsize":"","title_lineheight":"","title_fontstyle":null,"title_letterspace":"0","title_fontweight":"","title_text_color":"","title_margin_top":"","title_margin_bottom":"","html":"<div class=\"banner\">\n\t\t\t\t\t\t\t\t<a href=\"#\"><img src=\"images/joomlabuff/shop/bannar/shop1/banner4.jpg\" alt=\"Banner\"></a>\n\n\t\t\t\t\t\t\t\t<div class=\"banner-content v4\">\n\t\t\t\t\t\t\t\t\t<h2><strong>Deals</strong> +<br> PROMOS</h2>\n\t\t\t\t\t\t\t\t\t<p>Limited sales in<br>our categories.</p>\n\t\t\t\t\t\t\t\t\t<a href=\"#\" class=\"btn btn-primary\">SHOP NOW <i class=\"fa fa-caret-right\"></i></a>\n\t\t\t\t\t\t\t\t</div>\n\t\t\t\t\t\t\t</div>","class":"","global_text_color":"","global_link_color":"","global_link_hover_color":"","global_use_background":"0","global_background_color":"","global_background_image":"","global_background_repeat":"no-repeat","global_background_size":"cover","global_background_attachment":"inherit","global_user_border":"0","global_border_width":"","global_border_color":"","global_boder_style":"none","global_border_radius":"","global_margin":"","global_padding":"","global_use_animation":"0","global_animation":"","global_animationduration":"300","global_animationdelay":"0","hidden_md":"0","hidden_sm":"0","hidden_xs":"0","acl":null}}]}]},{"id":1487657333190,"visibility":true,"collapse":false,"settings":{"admin_label":"","title":"Featured products","heading_selector":"h2","title_fontsize":"16","title_fontweight":"700","title_text_color":"rgba(49, 49, 49, 1)","title_margin_top":"","title_margin_bottom":"","subtitle":"<span class=\"line\"></span>","subtitle_fontsize":"","title_position":"sppb-text-left","columns_equal_height":"0","fullscreen":"0","no_gutter":"0","id":"","class":"title-uppercase","padding":"10px 0px 10px 0px","margin":"0px 0px 0px 0px","color":"","background_color":"","background_image":"","overlay":"","background_repeat":"no-repeat","background_size":"cover","background_attachment":"fixed","background_position":"0 0","background_video":"0","background_video_mp4":"","background_video_ogv":"","hidden_xs":"","hidden_sm":"","hidden_md":"","animation":"","animationduration":"300","animationdelay":"0"},"layout":"12","columns":[{"id":1487657333191,"class_name":"col-md-12","visibility":true,"settings":{},"addons":[{"id":1487657333196,"name":"module","visibility":true,"settings":{"admin_label":"","title":"","heading_selector":"h3","title_fontsize":"","title_lineheight":"","title_fontstyle":null,"title_letterspace":"0","title_fontweight":"","title_text_color":"","title_margin_top":"","title_margin_bottom":"","module_type":"module","id":"231","position":"","class":"","global_text_color":"","global_link_color":"","global_link_hover_color":"","global_use_background":"0","global_background_color":"","global_background_image":"","global_background_repeat":"no-repeat","global_background_size":"cover","global_background_attachment":"inherit","global_user_border":"0","global_border_width":"","global_border_color":"","global_boder_style":"none","global_border_radius":"","global_margin":"","global_padding":"","global_use_animation":"0","global_animation":"","global_animationduration":"300","global_animationdelay":"0","hidden_md":"0","hidden_sm":"0","hidden_xs":"0","acl":null}}]}]},{"id":1487745026255,"visibility":true,"collapse":false,"settings":{"admin_label":" BROWSE OUR CATEGORIES ","title":"Browse our categorise","heading_selector":"h2","title_fontsize":"16","title_fontweight":"700","title_text_color":"","title_margin_top":"","title_margin_bottom":"","subtitle":"<span class=\"line\"></span>","subtitle_fontsize":"","title_position":"sppb-text-left","columns_equal_height":"0","fullscreen":"0","no_gutter":"0","id":"","class":"title-uppercase","padding":"0px 0px 0px 0px","margin":"0px 0px 0px 0px","color":"","background_color":"","background_image":"","overlay":"","background_repeat":"no-repeat","background_size":"cover","background_attachment":"fixed","background_position":"0 0","background_video":"0","background_video_mp4":"","background_video_ogv":"","hidden_xs":"","hidden_sm":"","hidden_md":"","animation":"","animationduration":"300","animationdelay":"0"},"layout":"12","columns":[{"id":1487745026256,"class_name":"col-md-12","visibility":true,"settings":{},"addons":[{"id":1487749991305,"name":"portoimageslider","visibility":true,"settings":{"admin_label":" BROWSE OUR CATEGORIES ","title":"","loop":"1","mouseDrag":"1","autoplay":"1","autoplay_interval":"5000","nav":"0","dots":"0","count":"4","class":"","sp_portoimageslider_item":[{"title":"Sports","image":"images/joomlabuff/shop/category/category2.jpg","url":"#"},{"title":"Fashion","image":"images/joomlabuff/shop/category/category3.jpg","url":"#"},{"title":"Electronics","image":"images/joomlabuff/shop/category/category4.jpg","url":"#"},{"title":"Home & Garden","image":"images/joomlabuff/shop/category/category1.jpg","url":""}],"global_text_color":"","global_link_color":"","global_link_hover_color":"","global_use_background":"0","global_background_color":"","global_background_image":"","global_background_repeat":"no-repeat","global_background_size":"cover","global_background_attachment":"inherit","global_user_border":"0","global_border_width":"","global_border_color":"","global_boder_style":"none","global_border_radius":"","global_margin":"","global_padding":"","global_use_animation":"0","global_animation":"","global_animationduration":"300","global_animationdelay":"0","hidden_md":"0","hidden_sm":"0","hidden_xs":"0","acl":null}}]}]},{"id":1487332159286,"visibility":true,"collapse":false,"settings":{"admin_label":"","title":"Just arrivied","heading_selector":"h2","title_fontsize":"16","title_fontweight":"700","title_text_color":"","title_margin_top":"","title_margin_bottom":"","subtitle":"<span class=\"line\"></span>","subtitle_fontsize":"","title_position":"sppb-text-left","columns_equal_height":"0","fullscreen":"0","no_gutter":"0","id":"","class":"title-uppercase","padding":"10px 0px 10px 0px","margin":"0px 0px 0px 0px","color":"","background_color":"","background_image":"","overlay":"","background_repeat":"no-repeat","background_size":"cover","background_attachment":"fixed","background_position":"0 0","background_video":"0","background_video_mp4":"","background_video_ogv":"","hidden_xs":"","hidden_sm":"","hidden_md":"","animation":"","animationduration":"300","animationdelay":"0"},"layout":"12","columns":[{"id":1487332159287,"class_name":"col-md-12","visibility":true,"settings":{},"addons":[{"id":1487332159290,"name":"module","visibility":true,"settings":{"admin_label":"","title":"","heading_selector":"h3","title_fontsize":"","title_lineheight":"","title_fontstyle":null,"title_letterspace":"0","title_fontweight":"","title_text_color":"","title_margin_top":"","title_margin_bottom":"","module_type":"module","id":"217","position":"","class":"","global_text_color":"","global_link_color":"","global_link_hover_color":"","global_use_background":"0","global_background_color":"","global_background_image":"","global_background_repeat":"no-repeat","global_background_size":"cover","global_background_attachment":"inherit","global_user_border":"0","global_border_width":"","global_border_color":"","global_boder_style":"none","global_border_radius":"","global_margin":"","global_padding":"","global_use_animation":"0","global_animation":"","global_animationduration":"300","global_animationdelay":"0","hidden_md":"0","hidden_sm":"0","hidden_xs":"0","acl":null}}]}]},{"id":1487365008709,"visibility":true,"collapse":false,"settings":{"admin_label":"","title":"","heading_selector":"h3","title_fontsize":"","title_fontweight":"","title_text_color":"","title_margin_top":"","title_margin_bottom":"","subtitle":"","subtitle_fontsize":"","title_position":"sppb-text-center","columns_equal_height":"0","fullscreen":"0","no_gutter":"0","id":"","class":"","padding":"50px 0px 0px 0px","margin":"20px 0px 0px 0px","color":"","background_color":"","background_image":"","overlay":"","background_repeat":"no-repeat","background_size":"inherit","background_attachment":"scroll","background_position":"50% 0","background_video":"0","background_video_mp4":"","background_video_ogv":"","hidden_xs":"","hidden_sm":"","hidden_md":"","animation":"","animationduration":"300","animationdelay":"0"},"layout":"6,6","columns":[{"id":1479738462274,"class_name":"col-md-6","visibility":true,"settings":{"color":"","background":"","background_image":"","overlay":"","background_repeat":"no-repeat","background_size":"cover","background_attachment":"scroll","background_position":"0 0","padding":"","class":"section section-default section-footer title-uppercase","sm_col":"","xs_col":"","hidden_xs":"","hidden_sm":"","hidden_md":"","animation":"","animationduration":"300","animationdelay":"0"},"addons":[{"id":1479800399976,"name":"module","visibility":true,"settings":{"admin_label":"Blog slider","title":"Latest Blog Posts","heading_selector":"h2","title_fontsize":"16","title_lineheight":"","title_fontstyle":null,"title_letterspace":"0","title_fontweight":"","title_text_color":"","title_margin_top":"","title_margin_bottom":"","module_type":"module","id":"103","position":"","class":"recent-posts mb-xl","global_text_color":"","global_link_color":"","global_link_hover_color":"","global_use_background":"0","global_background_color":"","global_background_image":"","global_background_repeat":"no-repeat","global_background_size":"cover","global_background_attachment":"inherit","global_user_border":"0","global_border_width":"","global_border_color":"","global_boder_style":"none","global_border_radius":"","global_margin":"","global_padding":"","global_use_animation":"0","global_animation":"","global_animationduration":"300","global_animationdelay":"0","hidden_md":"0","hidden_sm":"0","hidden_xs":"0","acl":null}}]},{"id":1479738462275,"class_name":"col-md-6","visibility":true,"settings":{"color":"","background":"","background_image":"","overlay":"","background_repeat":"no-repeat","background_size":"cover","background_attachment":"scroll","background_position":"0 0","padding":"","class":"section section-default section-footer title-uppercase","sm_col":"","xs_col":"","hidden_xs":"","hidden_sm":"","hidden_md":"","animation":"","animationduration":"300","animationdelay":"0"},"addons":[{"id":1480950766945,"name":"testimonialporto","visibility":true,"settings":{"admin_label":"What Client’s Say","title":"What Client’s Say","heading_selector":"h2","items":"1","margin":"30","loop":"1","mouseDrag":"1","autoplay":"0","autoplay_interval":"5000","nav":"0","dots":"1","class":"","style":"style1","sp_testimonialporto_item":[{"title":"John Doe","desc":"CEO & Founder - Okler","avatar":"images/2016/11/22/client-1.jpg","avatar_style":"sppb-img-rounded","avatar_position":"top","message":"<p>When, while the lovely valley teems with vapour around me, and the meridian sun strikes the upper surface of the impenetrable foliage of my trees, and but a few stray gleams steal into the inner sanctuary, I throw myself down among the tall grass by the trickling stream.</p>","url":"#","link_target":""},{"title":"John smith","desc":"CEO & Founder - Okler","avatar":"images/2016/11/22/client-1.jpg","avatar_style":"sppb-img-rounded","avatar_position":"top","message":"<p>When, while the lovely valley teems with vapour around me, and the meridian sun strikes the upper surface of the impenetrable foliage of my trees, and but a few stray gleams steal into the inner sanctuary.</p>","url":"#","link_target":""}],"global_text_color":"","global_link_color":"","global_link_hover_color":"","global_use_background":"0","global_background_color":"","global_background_image":"","global_background_repeat":"no-repeat","global_background_size":"cover","global_background_attachment":"inherit","global_user_border":"0","global_border_width":"","global_border_color":"","global_boder_style":"none","global_border_radius":"","global_margin":"","global_padding":"","global_use_animation":"0","global_animation":"","global_animationduration":"300","global_animationdelay":"0","hidden_md":"0","hidden_sm":"0","hidden_xs":"0","acl":null}}]}]},{"id":1487365008706,"visibility":true,"collapse":false,"settings":{"admin_label":"","title":"Featured Brands","heading_selector":"h2","title_fontsize":"16","title_fontweight":"700","title_text_color":"","title_margin_top":"","title_margin_bottom":"","subtitle":"<span class=\"line\"></span>","subtitle_fontsize":"","title_position":"sppb-text-left","columns_equal_height":"0","fullscreen":"0","no_gutter":"0","id":"","class":"title-uppercase","padding":"50px 0px 0px 0px","margin":"0px 0px 0px 0px","color":"","background_color":"","background_image":"","overlay":"","background_repeat":"no-repeat","background_size":"cover","background_attachment":"fixed","background_position":"0 0","background_video":"0","background_video_mp4":"","background_video_ogv":"","hidden_xs":"","hidden_sm":"","hidden_md":"","animation":"","animationduration":"300","animationdelay":"0"},"layout":"12","columns":[{"id":1479738462261,"class_name":"col-md-12","visibility":true,"settings":{},"addons":[{"id":1480950766934,"name":"portoclients","visibility":true,"settings":{"admin_label":"Client logo","title":"","loop":"1","mouseDrag":"1","autoplay":"0","autoplay_interval":"5000","nav":"0","dots":"1","count":"5","class":"","sp_portoclients_item":[{"title":"Client 1","image":"images/joomlabuff/clients-logos/square/brand1.jpg","url":"#"},{"title":"","image":"images/joomlabuff/clients-logos/square/brand2.jpg","url":"#"},{"title":"","image":"images/joomlabuff/clients-logos/square/brand3.jpg","url":"#"},{"title":"","image":"images/joomlabuff/clients-logos/square/brand4.jpg","url":"#"},{"title":"","image":"images/joomlabuff/clients-logos/square/brand5.jpg","url":"#"},{"title":"","image":"images/joomlabuff/clients-logos/square/brand6.jpg","url":"#"}],"global_text_color":"","global_link_color":"","global_link_hover_color":"","global_use_background":"0","global_background_color":"","global_background_image":"","global_background_repeat":"no-repeat","global_background_size":"cover","global_background_attachment":"inherit","global_user_border":"0","global_border_width":"","global_border_color":"","global_boder_style":"none","global_border_radius":"","global_margin":"","global_padding":"","global_use_animation":"0","global_animation":"","global_animationduration":"300","global_animationdelay":"0","hidden_md":"0","hidden_sm":"0","hidden_xs":"0","acl":null}}]}]}]