[{"id":1487937743437,"visibility":true,"collapse":false,"settings":{"admin_label":"","title":"","heading_selector":"h3","title_fontsize":"","title_fontweight":"","title_text_color":"","title_margin_top":"","title_margin_bottom":"","subtitle":"","subtitle_fontsize":"","title_position":"sppb-text-center","columns_equal_height":"0","fullscreen":"0","no_gutter":"0","id":"","class":"home-slider-area","padding":"30px 0px 30px 0px","margin":"0px 0px 0px 0px","color":"","background_color":"","background_image":"","overlay":"","background_repeat":"no-repeat","background_size":"cover","background_attachment":"fixed","background_position":"0 0","background_video":"0","background_video_mp4":"","background_video_ogv":"","hidden_xs":"","hidden_sm":"","hidden_md":"","animation":"","animationduration":"300","animationdelay":"0"},"layout":"3,9","columns":[{"id":1487937743438,"class_name":"col-md-3","visibility":true,"settings":{},"addons":[{"id":1487937743443,"name":"raw_html","visibility":true,"settings":{"admin_label":"","title":"","heading_selector":"h3","title_fontsize":"","title_lineheight":"","title_fontstyle":null,"title_letterspace":"0","title_fontweight":"","title_text_color":"","title_margin_top":"","title_margin_bottom":"","html":"<div class=\"test\">\n\t\t\t\t\t\t\t\t\t<div class=\"side-custom-menu\">\n\t\t\t\t\t\t\t\t\t\t<h2>\n\t\t\t\t\t\t\t\t\t\t\t<i class=\"fa fa-bars\"></i>\n\t\t\t\t\t\t\t\t\t\t\tTop Categories\n\t\t\t\t\t\t\t\t\t\t</h2>\n\n\t\t\t\t\t\t\t\t\t\t<ul>\n\t\t\t\t\t\t\t\t\t\t\t<li><a href=\"index.php/fashion-2/women-2/top-blouses-2\">Top & Blouses</a></li>\n\t\t\t\t\t\t\t\t\t\t\t<li><a href=\"#\">Electronics</a></li>\n\t\t\t\t\t\t\t\t\t\t\t<li><a href=\"#\">Gifts</a></li>\n\t\t\t\t\t\t\t\t\t\t\t<li><a href=\"#\">Home & Garden</a></li>\n\t\t\t\t\t\t\t\t\t\t\t<li><a href=\"#\">Music</a></li>\n\t\t\t\t\t\t\t\t\t\t\t<li><a href=\"#\">Sports</a></li>\n\t\t\t\t\t\t\t\t\t\t</ul>\n\t\t\t\t\t\t\t\t\t</div>\n\t\t\t\t\t\t\t\t</div>","class":"","global_text_color":"","global_link_color":"","global_link_hover_color":"","global_use_background":"0","global_background_color":"","global_background_image":"","global_background_repeat":"no-repeat","global_background_size":"cover","global_background_attachment":"inherit","global_user_border":"0","global_border_width":"","global_border_color":"","global_boder_style":"none","global_border_radius":"","global_margin":"","global_padding":"","global_use_animation":"0","global_animation":"","global_animationduration":"300","global_animationdelay":"0","hidden_md":"0","hidden_sm":"0","hidden_xs":"0","acl":null}},{"id":1487937743453,"name":"raw_html","visibility":true,"settings":{"admin_label":"","title":"","heading_selector":"h3","title_fontsize":"","title_lineheight":"","title_fontstyle":null,"title_letterspace":"0","title_fontweight":"","title_text_color":"","title_margin_top":"","title_margin_bottom":"","html":"<div class=\"side-custom-menu mb-none\">\n\t\t\t\t\t\t\t\t\t\t<h2>\n\t\t\t\t\t\t\t\t\t\t\t<i class=\"fa fa-bars\"></i>\n\t\t\t\t\t\t\t\t\t\t\tTrending\n\t\t\t\t\t\t\t\t\t\t</h2>\n\n\t\t\t\t\t\t\t\t\t\t<ul>\n\t\t\t\t\t\t\t\t\t\t\t<li><a href=\"#\">Huge Sale - 70% Off</a></li>\n\t\t\t\t\t\t\t\t\t\t\t<li><a href=\"#\">New Arrivals</a></li>\n\t\t\t\t\t\t\t\t\t\t</ul>\n\t\t\t\t\t\t\t\t\t</div>","class":"","global_text_color":"","global_link_color":"","global_link_hover_color":"","global_use_background":"0","global_background_color":"","global_background_image":"","global_background_repeat":"no-repeat","global_background_size":"cover","global_background_attachment":"inherit","global_user_border":"0","global_border_width":"","global_border_color":"","global_boder_style":"none","global_border_radius":"","global_margin":"","global_padding":"","global_use_animation":"0","global_animation":"","global_animationduration":"300","global_animationdelay":"0","hidden_md":"0","hidden_sm":"0","hidden_xs":"0","acl":null}}]},{"id":1487937743440,"class_name":"col-md-9","visibility":true,"settings":{},"addons":[{"id":1487937743446,"name":"carousel","visibility":true,"settings":{"admin_label":"Shop slider","autoplay":"0","controllers":"1","arrows":"0","alignment":"sppb-text-center","class":"","sp_carousel_item":[{"title":"","content":"","bg":"images/joomlabuff/shop/bannar/shop2/slide1.jpg","button_text":"","button_fontstyle":null,"button_letterspace":"0","button_url":"","button_target":"","button_type":"default","button_appearance":"","button_background_color":"#444444","button_color":"#ffffff","button_background_color_hover":"#222222","button_color_hover":"#ffffff","button_size":"","button_shape":"rounded","button_block":"","button_icon":"","button_icon_position":"left"},{"title":"","content":"","bg":"images/joomlabuff/shop/bannar/shop2/slide2.jpg","button_text":"","button_fontstyle":null,"button_letterspace":"0","button_url":"","button_target":"","button_type":"default","button_appearance":"","button_background_color":"","button_color":"","button_background_color_hover":"","button_color_hover":"","button_size":"","button_shape":"rounded","button_block":"","button_icon":"","button_icon_position":"left"}],"global_text_color":"","global_link_color":"","global_link_hover_color":"","global_use_background":"0","global_background_color":"","global_background_image":"","global_background_repeat":"no-repeat","global_background_size":"cover","global_background_attachment":"inherit","global_user_border":"0","global_border_width":"","global_border_color":"","global_boder_style":"none","global_border_radius":"","global_margin":"","global_padding":"","global_use_animation":"0","global_animation":"","global_animationduration":"300","global_animationdelay":"0","hidden_md":"0","hidden_sm":"0","hidden_xs":"0","acl":null}}]}]},{"id":1487940803487,"visibility":true,"collapse":false,"settings":{"admin_label":"","title":"","heading_selector":"h3","title_fontsize":"","title_fontweight":"","title_text_color":"","title_margin_top":"","title_margin_bottom":"","subtitle":"","subtitle_fontsize":"","title_position":"sppb-text-center","columns_equal_height":"0","fullscreen":"0","no_gutter":"0","id":"","class":"","padding":"50px 0px 50px 0px","margin":"0px 0px 0px 0px","color":"","background_color":"rgba(240, 240, 237, 1)","background_image":"","overlay":"","background_repeat":"no-repeat","background_size":"cover","background_attachment":"fixed","background_position":"0 0","background_video":"0","background_video_mp4":"","background_video_ogv":"","hidden_xs":"","hidden_sm":"","hidden_md":"","animation":"","animationduration":"300","animationdelay":"0"},"layout":"12","columns":[{"id":1487940803488,"class_name":"col-md-12","visibility":true,"settings":{},"addons":[{"id":1487940803492,"name":"raw_html","visibility":true,"settings":{"admin_label":"","title":"","heading_selector":"h3","title_fontsize":"","title_lineheight":"","title_fontstyle":null,"title_letterspace":"0","title_fontweight":"","title_text_color":"","title_margin_top":"","title_margin_bottom":"","html":"<div class=\"homepage-bar\">\n\t\t\t\t\t\t<div class=\"row\">\n\t\t\t\t\t\t\t<div class=\"col-md-4\">\n\t\t\t\t\t\t\t\t<i class=\"fa fa-truck bar-icon\"></i>\n\t\t\t\t\t\t\t\t<div class=\"bar-textarea\">\n\t\t\t\t\t\t\t\t\t<h3>FREE SHIPPING &amp; RETURN</h3>\n\t\t\t\t\t\t\t\t\t<p>Free shipping on all orders over $99.</p>\n\t\t\t\t\t\t\t\t</div>\n\t\t\t\t\t\t\t</div>\n\t\t\t\t\t\t\t<div class=\"col-md-4\">\n\t\t\t\t\t\t\t\t<i class=\"fa fa-dollar bar-icon\"></i>\n\t\t\t\t\t\t\t\t<div class=\"bar-textarea\">\n\t\t\t\t\t\t\t\t\t<h3>MONEY BACK GUARANTEE</h3>\n\t\t\t\t\t\t\t\t\t<p>100% money back guarantee.</p>\n\t\t\t\t\t\t\t\t</div>\n\t\t\t\t\t\t\t</div>\n\t\t\t\t\t\t\t<div class=\"col-md-4\">\n\t\t\t\t\t\t\t\t<i class=\"fa fa-support bar-icon\"></i>\n\t\t\t\t\t\t\t\t<div class=\"bar-textarea\">\n\t\t\t\t\t\t\t\t\t<h3>ONLINE SUPPORT 24/7</h3>\n\t\t\t\t\t\t\t\t\t<p>Lorem ipsum dolor sit amet.</p>\n\t\t\t\t\t\t\t\t</div>\n\t\t\t\t\t\t\t</div>\n\t\t\t\t\t\t</div>\n\t\t\t\t\t</div>","class":"","global_text_color":"","global_link_color":"","global_link_hover_color":"","global_use_background":"0","global_background_color":"","global_background_image":"","global_background_repeat":"no-repeat","global_background_size":"cover","global_background_attachment":"inherit","global_user_border":"0","global_border_width":"","global_border_color":"","global_boder_style":"none","global_border_radius":"","global_margin":"","global_padding":"","global_use_animation":"0","global_animation":"","global_animationduration":"300","global_animationdelay":"0","hidden_md":"0","hidden_sm":"0","hidden_xs":"0","acl":null}},{"id":1487940803495,"type":"inner_row","settings":{},"layout":"3,6,3","visibility":true,"columns":[{"id":1487940803496,"class_name":"col-md-3","visibility":true,"settings":{},"addons":[{"id":1487940803505,"name":"raw_html","visibility":true,"settings":{"admin_label":"Image block 1","title":"","heading_selector":"h3","title_fontsize":"","title_lineheight":"","title_fontstyle":null,"title_letterspace":"0","title_fontweight":"","title_text_color":"","title_margin_top":"","title_margin_bottom":"","html":"<a href=\"#\" class=\"banner\">\n\t\t\t\t\t\t\t\t\t<img src=\"images/joomlabuff/shop/bannar/shop2/banner1.jpg\" alt=\"Banner\">\n\t\t\t\t\t\t\t\t</a>","class":"","global_text_color":"","global_link_color":"","global_link_hover_color":"","global_use_background":"0","global_background_color":"","global_background_image":"","global_background_repeat":"no-repeat","global_background_size":"cover","global_background_attachment":"inherit","global_user_border":"0","global_border_width":"","global_border_color":"","global_boder_style":"none","global_border_radius":"","global_margin":"0 0 5px 0","global_padding":"","global_use_animation":"0","global_animation":"","global_animationduration":"300","global_animationdelay":"0","hidden_md":"0","hidden_sm":"0","hidden_xs":"0","acl":null}},{"id":1487940803519,"name":"raw_html","visibility":true,"settings":{"admin_label":"Image block 2","title":"","heading_selector":"h3","title_fontsize":"","title_lineheight":"","title_fontstyle":null,"title_letterspace":"0","title_fontweight":"","title_text_color":"","title_margin_top":"","title_margin_bottom":"","html":"<a href=\"#\" class=\"banner\">\n\t\t\t\t\t\t\t\t\t<img src=\"images/joomlabuff/shop/bannar/shop2/banner2.jpg\" alt=\"Banner\">\n\t\t\t\t\t\t\t\t</a>","class":"","global_text_color":"","global_link_color":"","global_link_hover_color":"","global_use_background":"0","global_background_color":"","global_background_image":"","global_background_repeat":"no-repeat","global_background_size":"cover","global_background_attachment":"inherit","global_user_border":"0","global_border_width":"","global_border_color":"","global_boder_style":"none","global_border_radius":"","global_margin":"0 0 5px 0","global_padding":"","global_use_animation":"0","global_animation":"","global_animationduration":"300","global_animationdelay":"0","hidden_md":"0","hidden_sm":"0","hidden_xs":"0","acl":null}},{"id":1487940803528,"name":"raw_html","visibility":true,"settings":{"admin_label":"Image block 3","title":"","heading_selector":"h3","title_fontsize":"","title_lineheight":"","title_fontstyle":null,"title_letterspace":"0","title_fontweight":"","title_text_color":"","title_margin_top":"","title_margin_bottom":"","html":"<a href=\"#\" class=\"banner\">\n\t\t\t\t\t\t\t\t\t<img src=\"images/joomlabuff/shop/bannar/shop2/banner3.jpg\" alt=\"Banner\">\n\t\t\t\t\t\t\t\t</a>","class":"","global_text_color":"","global_link_color":"","global_link_hover_color":"","global_use_background":"0","global_background_color":"","global_background_image":"","global_background_repeat":"no-repeat","global_background_size":"cover","global_background_attachment":"inherit","global_user_border":"0","global_border_width":"","global_border_color":"","global_boder_style":"none","global_border_radius":"","global_margin":"0 0 5px 0","global_padding":"","global_use_animation":"0","global_animation":"","global_animationduration":"300","global_animationdelay":"0","hidden_md":"0","hidden_sm":"0","hidden_xs":"0","acl":null}}]},{"id":1487940803499,"class_name":"col-md-6","visibility":true,"settings":{},"addons":[{"id":1487940803514,"name":"raw_html","visibility":true,"settings":{"admin_label":"Image block 4","title":"","heading_selector":"h3","title_fontsize":"","title_lineheight":"","title_fontstyle":null,"title_letterspace":"0","title_fontweight":"","title_text_color":"","title_margin_top":"","title_margin_bottom":"","html":"<a href=\"#\" class=\"banner\">\n\t\t\t\t\t\t\t\t\t<img src=\"images/joomlabuff/shop/bannar/shop2/banner4.jpg\" alt=\"Banner\">\n\t\t\t\t\t\t\t\t</a>","class":"","global_text_color":"","global_link_color":"","global_link_hover_color":"","global_use_background":"0","global_background_color":"","global_background_image":"","global_background_repeat":"no-repeat","global_background_size":"cover","global_background_attachment":"inherit","global_user_border":"0","global_border_width":"","global_border_color":"","global_boder_style":"none","global_border_radius":"","global_margin":"0 0 10px 0","global_padding":"","global_use_animation":"0","global_animation":"","global_animationduration":"300","global_animationdelay":"0","hidden_md":"0","hidden_sm":"0","hidden_xs":"0","acl":null}},{"id":1487940803537,"name":"raw_html","visibility":true,"settings":{"admin_label":"Image block 5","title":"","heading_selector":"h3","title_fontsize":"","title_lineheight":"","title_fontstyle":null,"title_letterspace":"0","title_fontweight":"","title_text_color":"","title_margin_top":"","title_margin_bottom":"","html":"<a href=\"#\" class=\"banner\">\n\t\t\t\t\t\t\t\t\t<img src=\"images/joomlabuff/shop/bannar/shop2/banner5.jpg\" alt=\"Banner\">\n\t\t\t\t\t\t\t\t</a>","class":"","global_text_color":"","global_link_color":"","global_link_hover_color":"","global_use_background":"0","global_background_color":"","global_background_image":"","global_background_repeat":"no-repeat","global_background_size":"cover","global_background_attachment":"inherit","global_user_border":"0","global_border_width":"","global_border_color":"","global_boder_style":"none","global_border_radius":"","global_margin":"0 0 10px 0","global_padding":"","global_use_animation":"0","global_animation":"","global_animationduration":"300","global_animationdelay":"0","hidden_md":"0","hidden_sm":"0","hidden_xs":"0","acl":null}},{"id":1487940803546,"name":"raw_html","visibility":true,"settings":{"admin_label":"Image block 6","title":"","heading_selector":"h3","title_fontsize":"","title_lineheight":"","title_fontstyle":null,"title_letterspace":"0","title_fontweight":"","title_text_color":"","title_margin_top":"","title_margin_bottom":"","html":"<a href=\"#\" class=\"banner\">\n\t\t\t\t\t\t\t\t\t<img src=\"images/joomlabuff/shop/bannar/shop2/banner6.jpg\" alt=\"Banner\">\n\t\t\t\t\t\t\t\t</a>","class":"","global_text_color":"","global_link_color":"","global_link_hover_color":"","global_use_background":"0","global_background_color":"","global_background_image":"","global_background_repeat":"no-repeat","global_background_size":"cover","global_background_attachment":"inherit","global_user_border":"0","global_border_width":"","global_border_color":"","global_boder_style":"none","global_border_radius":"","global_margin":"0 0 10px 0","global_padding":"","global_use_animation":"0","global_animation":"","global_animationduration":"300","global_animationdelay":"0","hidden_md":"0","hidden_sm":"0","hidden_xs":"0","acl":null}}]},{"id":1487940803500,"class_name":"col-md-3","visibility":true,"settings":{},"addons":[{"id":1487940803559,"name":"raw_html","visibility":true,"settings":{"admin_label":"Image block 7","title":"","heading_selector":"h3","title_fontsize":"","title_lineheight":"","title_fontstyle":null,"title_letterspace":"0","title_fontweight":"","title_text_color":"","title_margin_top":"","title_margin_bottom":"","html":"<a href=\"#\" class=\"banner\">\n\t\t\t\t\t\t\t\t\t<img src=\"images/joomlabuff/shop/bannar/shop2/banner7.jpg\" alt=\"Banner\">\n\t\t\t\t\t\t\t\t</a>","class":"","global_text_color":"","global_link_color":"","global_link_hover_color":"","global_use_background":"0","global_background_color":"","global_background_image":"","global_background_repeat":"no-repeat","global_background_size":"cover","global_background_attachment":"inherit","global_user_border":"0","global_border_width":"","global_border_color":"","global_boder_style":"none","global_border_radius":"","global_margin":"0 0 5px 0","global_padding":"","global_use_animation":"0","global_animation":"","global_animationduration":"300","global_animationdelay":"0","hidden_md":"0","hidden_sm":"0","hidden_xs":"0","acl":null}},{"id":1487940803564,"name":"raw_html","visibility":true,"settings":{"admin_label":"Image block 8","title":"","heading_selector":"h3","title_fontsize":"","title_lineheight":"","title_fontstyle":null,"title_letterspace":"0","title_fontweight":"","title_text_color":"","title_margin_top":"","title_margin_bottom":"","html":"<a href=\"#\" class=\"banner\">\n\t\t\t\t\t\t\t\t\t<img src=\"images/joomlabuff/shop/bannar/shop2/banner8.jpg\" alt=\"Banner\">\n\t\t\t\t\t\t\t\t</a>","class":"","global_text_color":"","global_link_color":"","global_link_hover_color":"","global_use_background":"0","global_background_color":"","global_background_image":"","global_background_repeat":"no-repeat","global_background_size":"cover","global_background_attachment":"inherit","global_user_border":"0","global_border_width":"","global_border_color":"","global_boder_style":"none","global_border_radius":"","global_margin":"0 0 5px 0","global_padding":"","global_use_animation":"0","global_animation":"","global_animationduration":"300","global_animationdelay":"0","hidden_md":"0","hidden_sm":"0","hidden_xs":"0","acl":null}},{"id":1487940803573,"name":"raw_html","visibility":true,"settings":{"admin_label":"Image block 9","title":"","heading_selector":"h3","title_fontsize":"","title_lineheight":"","title_fontstyle":null,"title_letterspace":"0","title_fontweight":"","title_text_color":"","title_margin_top":"","title_margin_bottom":"","html":"<a href=\"#\" class=\"banner\">\n\t\t\t\t\t\t\t\t\t<img src=\"images/joomlabuff/shop/bannar/shop2/banner9.jpg\" alt=\"Banner\">\n\t\t\t\t\t\t\t\t</a>","class":"","global_text_color":"","global_link_color":"","global_link_hover_color":"","global_use_background":"0","global_background_color":"","global_background_image":"","global_background_repeat":"no-repeat","global_background_size":"cover","global_background_attachment":"inherit","global_user_border":"0","global_border_width":"","global_border_color":"","global_boder_style":"none","global_border_radius":"","global_margin":"0 0 5px 0","global_padding":"","global_use_animation":"0","global_animation":"","global_animationduration":"300","global_animationdelay":"0","hidden_md":"0","hidden_sm":"0","hidden_xs":"0","acl":null}}]}]}]}]},{"id":1487827966733,"visibility":true,"collapse":false,"settings":{"admin_label":"","title":"Featured products","heading_selector":"h2","title_fontsize":"16","title_fontweight":"700","title_text_color":"rgba(49, 49, 49, 1)","title_margin_top":"","title_margin_bottom":"","subtitle":"<span class=\"line\"></span>","subtitle_fontsize":"","title_position":"sppb-text-left","columns_equal_height":"0","fullscreen":"0","no_gutter":"0","id":"","class":"title-uppercase","padding":"50px 0px 50px 0px","margin":"0px 0px 0px 0px","color":"","background_color":"","background_image":"","overlay":"","background_repeat":"no-repeat","background_size":"cover","background_attachment":"fixed","background_position":"0 0","background_video":"0","background_video_mp4":"","background_video_ogv":"","hidden_xs":"","hidden_sm":"","hidden_md":"","animation":"","animationduration":"300","animationdelay":"0"},"layout":"12","columns":[{"id":1487657333191,"class_name":"col-md-12","visibility":true,"settings":{},"addons":[{"id":1487657333196,"name":"module","visibility":true,"settings":{"admin_label":"","title":"","heading_selector":"h3","title_fontsize":"","title_lineheight":"","title_fontstyle":null,"title_letterspace":"0","title_fontweight":"","title_text_color":"","title_margin_top":"","title_margin_bottom":"","module_type":"module","id":"231","position":"","class":"","global_text_color":"","global_link_color":"","global_link_hover_color":"","global_use_background":"0","global_background_color":"","global_background_image":"","global_background_repeat":"no-repeat","global_background_size":"cover","global_background_attachment":"inherit","global_user_border":"0","global_border_width":"","global_border_color":"","global_boder_style":"none","global_border_radius":"","global_margin":"","global_padding":"","global_use_animation":"0","global_animation":"","global_animationduration":"300","global_animationdelay":"0","hidden_md":"0","hidden_sm":"0","hidden_xs":"0","acl":null}}]}]}]