<?xml version="1.0" encoding="utf-8"?>
<!DOCTYPE kinstall>
<kinstall type="kunena-template" version="4.0">
	<name>JD Atlanta</name>
	<version>1.0</version>
	<creationDate>August 2016</creationDate>
	<author>Joomdev</author>
	<authorEmail>info@joomdev.com</authorEmail>
	<authorUrl>https://www.joomdev.com</authorUrl>
	<copyright>(C) 2008 - 2015 JoomDev. All rights reserved.</copyright>
	<license>GNU/GPL</license>
	<description></description>
	<thumbnail>template_thumbnail.png</thumbnail>
</kinstall>
