[{"id":1482090206879,"visibility":true,"collapse":false,"settings":{"padding":"50px 0px 50px 0px","margin":"0px 0px 0px 0px"},"layout":"8,4","columns":[{"id":1482090206880,"class_name":"col-md-8","visibility":true,"settings":{},"addons":[{"id":1482090206884,"name":"raw_html","visibility":true,"settings":{"admin_label":"In the Heart of Porto","title":"","heading_selector":"h3","title_fontsize":"","title_lineheight":"","title_fontstyle":null,"title_letterspace":"0","title_fontweight":"","title_text_color":"","title_margin_top":"","title_margin_bottom":"","html":"\t<h3 class=\"mt-xl mb-none pb-none text-uppercase\">In the Heart of Porto</h3>\n\t\t\t\t\t\t\t\t<div class=\"divider divider-primary divider-small mb-xl mt-none\">\n\t\t\t\t\t\t\t\t\t<hr class=\"mt-sm\">\n\t\t\t\t\t\t\t\t</div>\n\n\t\t\t\t\t\t\t\t<p class=\"lead\">Lorem ipsum dolor sit amet, consectetur adipiscing elit dolor sit amet. Lorem ipsum dolor sit amet.</p>\n\n\t\t\t\t\t\t\t\t<p class=\"mt-lg\">Lorem ipsum dolor sit amet, consectetur adipiscing elit. Integer ultrices malesuada ante quis pharetra. Nullam non bibendum dolor. Ut vel turpis accumsan, efficitur dolor fermentum, tincidunt metus ut vel turpis accumsan, efficitur dolor fermentum, tincidunt metus. Etiam ut.</p>\n\n\t\t\t\t\t\t\t\t<a class=\"btn btn-primary btn-lg font-size-sm text-uppercase mt-sm mb-xlg\" href=\"#\">Learn More</a>","class":"","global_text_color":"","global_link_color":"","global_link_hover_color":"","global_use_background":"0","global_background_color":"","global_background_image":"","global_background_repeat":"no-repeat","global_background_size":"cover","global_background_attachment":"inherit","global_user_border":"0","global_border_width":"","global_border_color":"","global_boder_style":"none","global_border_radius":"","global_margin":"","global_padding":"","global_use_animation":"0","global_animation":"","global_animationduration":"300","global_animationdelay":"0","hidden_md":"0","hidden_sm":"0","hidden_xs":"0","acl":null}}]},{"id":1482090206881,"class_name":"col-md-4","visibility":true,"settings":{},"addons":[{"id":1482218777261,"name":"micromap","visibility":true,"settings":{"admin_label":"Google map","title":"","heading_selector":"h3","title_fontsize":"","title_lineheight":"","title_fontstyle":null,"title_letterspace":"0","title_fontweight":"","title_text_color":"","title_margin_top":"","title_margin_bottom":"","map":"11.445463, 77.680320","height":"300","type":"TERRAIN","zoom":"6","mousescroll":"true","map_info":"1234 Street Name, Porto, Envato","contact":"(800) 1234-5678","class":"","global_text_color":"","global_link_color":"","global_link_hover_color":"","global_use_background":"0","global_background_color":"","global_background_image":"","global_background_repeat":"no-repeat","global_background_size":"cover","global_background_attachment":"inherit","global_user_border":"0","global_border_width":"","global_border_color":"","global_boder_style":"none","global_border_radius":"","global_margin":"","global_padding":"","global_use_animation":"0","global_animation":"","global_animationduration":"300","global_animationdelay":"0","hidden_md":"0","hidden_sm":"0","hidden_xs":"0","acl":null}}]}]},{"id":1482090206887,"visibility":true,"collapse":false,"settings":{"admin_label":"","title":"","heading_selector":"h3","title_fontsize":"","title_fontweight":"","title_text_color":"","title_margin_top":"","title_margin_bottom":"","subtitle":"","subtitle_fontsize":"","title_position":"sppb-text-center","columns_equal_height":"0","fullscreen":"0","no_gutter":"0","id":"","class":"","padding":"50px 0px 50px 0px","margin":"0px 0px 0px 0px","color":"","background_color":"","background_image":"images/joomlabuff/hotel/parallax-hotel.jpg","overlay":"rgba(0, 0, 0, 0.4)","background_repeat":"no-repeat","background_size":"cover","background_attachment":"fixed","background_position":"0 0","background_video":"0","background_video_mp4":"","background_video_ogv":"","hidden_xs":"","hidden_sm":"","hidden_md":"","animation":"","animationduration":"300","animationdelay":"0"},"layout":"12","columns":[{"id":1482090206888,"class_name":"col-md-12","visibility":true,"settings":{},"addons":[{"id":1482090206891,"name":"raw_html","visibility":true,"settings":{"admin_label":"parallax section","title":"","heading_selector":"h3","title_fontsize":"","title_lineheight":"","title_fontstyle":null,"title_letterspace":"0","title_fontweight":"","title_text_color":"","title_margin_top":"","title_margin_bottom":"","html":"<div class=\"col-md-12 center\">\n\t\t\t\t\t\t\t\t<h3 class=\"mb-xs mt-none text-light text-uppercase\">Enjoy the best of Porto</h3>\n\t\t\t\t\t\t\t\t<p class=\"lead text-light mb-xlg\">Make your reservation right now with the best price</p>\n\n\t\t\t\t\t\t\t\t<a class=\"btn btn-primary btn-lg font-size-sm text-uppercase mt-sm\" href=\"index.php/book-now\">Book Now</a>\n\t\t\t\t\t\t\t</div>","class":"text-white","global_text_color":"","global_link_color":"","global_link_hover_color":"","global_use_background":"0","global_background_color":"","global_background_image":"","global_background_repeat":"no-repeat","global_background_size":"cover","global_background_attachment":"inherit","global_user_border":"0","global_border_width":"","global_border_color":"","global_boder_style":"none","global_border_radius":"","global_margin":"","global_padding":"","global_use_animation":"0","global_animation":"","global_animationduration":"300","global_animationdelay":"0","hidden_md":"0","hidden_sm":"0","hidden_xs":"0","acl":null}}]}]},{"id":1482090206894,"visibility":true,"collapse":false,"settings":{"padding":"50px 0px 50px 0px","margin":"0px 0px 0px 0px"},"layout":"4,8","columns":[{"id":1482090206895,"class_name":"col-md-4","visibility":true,"settings":{},"addons":[{"id":1482090206899,"name":"carousel","visibility":true,"settings":{"admin_label":"Image slider","autoplay":"1","controllers":"1","arrows":"0","alignment":"sppb-text-center","class":"","sp_carousel_item":[{"title":"","content":"","bg":"images/joomlabuff/hotel/gallery/gallery-2.jpg","button_text":"","button_fontstyle":null,"button_letterspace":"0","button_url":"","button_target":"","button_type":"default","button_appearance":"","button_background_color":"#444444","button_color":"#ffffff","button_background_color_hover":"#222222","button_color_hover":"#ffffff","button_size":"","button_shape":"rounded","button_block":"","button_icon":"","button_icon_position":"left"},{"title":"","content":"","bg":"images/joomlabuff/hotel/gallery/gallery-1.jpg","button_text":"","button_fontstyle":null,"button_letterspace":"0","button_url":"","button_target":"","button_type":"default","button_appearance":"","button_background_color":"#444444","button_color":"#ffffff","button_background_color_hover":"#222222","button_color_hover":"#ffffff","button_size":"","button_shape":"rounded","button_block":"","button_icon":"","button_icon_position":"left"}],"global_text_color":"","global_link_color":"","global_link_hover_color":"","global_use_background":"0","global_background_color":"","global_background_image":"","global_background_repeat":"no-repeat","global_background_size":"cover","global_background_attachment":"inherit","global_user_border":"0","global_border_width":"","global_border_color":"","global_boder_style":"none","global_border_radius":"","global_margin":"","global_padding":"","global_use_animation":"0","global_animation":"","global_animationduration":"300","global_animationdelay":"0","hidden_md":"0","hidden_sm":"0","hidden_xs":"0","acl":null}}]},{"id":1482090206896,"class_name":"col-md-8","visibility":true,"settings":{},"addons":[{"id":1482090206906,"name":"raw_html","visibility":true,"settings":{"admin_label":"Hotel Overview","title":"","heading_selector":"h3","title_fontsize":"","title_lineheight":"","title_fontstyle":null,"title_letterspace":"0","title_fontweight":"","title_text_color":"","title_margin_top":"","title_margin_bottom":"","html":"<h3 class=\"mt-none mb-none pb-none text-uppercase\">Hotel Overview</h3>\n\t\t\t\t\t\t\t\t<div class=\"divider divider-primary divider-small mb-xl mt-none\">\n\t\t\t\t\t\t\t\t\t<hr class=\"mt-sm\">\n\t\t\t\t\t\t\t\t</div>\n\n\t\t\t\t\t\t\t\t<p class=\"mt-lg\">Lorem ipsum dolor sit amet, consectetur adipiscing elit. Integer ultrices malesuada ante quis pharetra. Nullam non bibendum dolor. Ut vel turpis accumsan, efficitur dolor fermentum, tincidunt metus ut vel turpis accumsan, efficitur dolor fermentum, tincidunt metus. Etiam ut. <a href=\"#\" title=\"\">(View More...)</a></p>\n\n\t\t\t\t\t\t\t\t<div class=\"row\">\n\t\t\t\t\t\t\t\t\t<div class=\"col-md-4\">\n\t\t\t\t\t\t\t\t\t\t<ul class=\"list list-icons list-primary list-borders text-uppercase text-color-dark font-size-sm\">\n\t\t\t\t\t\t\t\t\t\t\t<li><i class=\"fa fa-check\"></i> 24 Rooms, 4 Luxury suites</li>\n\t\t\t\t\t\t\t\t\t\t\t<li><i class=\"fa fa-check\"></i> Fitness center</li>\n\t\t\t\t\t\t\t\t\t\t\t<li><i class=\"fa fa-check\"></i> Airport transporation</li>\n\t\t\t\t\t\t\t\t\t\t</ul>\n\t\t\t\t\t\t\t\t\t</div>\n\t\t\t\t\t\t\t\t\t<div class=\"col-md-4\">\n\t\t\t\t\t\t\t\t\t\t<ul class=\"list list-icons list-primary list-borders text-uppercase text-color-dark font-size-sm\">\n\t\t\t\t\t\t\t\t\t\t\t<li><i class=\"fa fa-check\"></i> 24-Hour In-Room Dining</li>\n\t\t\t\t\t\t\t\t\t\t\t<li><i class=\"fa fa-check\"></i> Cocktail Bar</li>\n\t\t\t\t\t\t\t\t\t\t\t<li><i class=\"fa fa-check\"></i> Dog Friendly - Pets Stay Free</li>\n\t\t\t\t\t\t\t\t\t\t</ul>\n\t\t\t\t\t\t\t\t\t</div>\n\t\t\t\t\t\t\t\t\t<div class=\"col-md-4\">\n\t\t\t\t\t\t\t\t\t\t<ul class=\"list list-icons list-primary list-borders text-uppercase text-color-dark font-size-sm\">\n\t\t\t\t\t\t\t\t\t\t\t<li><i class=\"fa fa-check\"></i> Valet car service</li>\n\t\t\t\t\t\t\t\t\t\t\t<li><i class=\"fa fa-check\"></i> Pool</li>\n\t\t\t\t\t\t\t\t\t\t\t<li><i class=\"fa fa-check\"></i> Free Wi-Fi</li>\n\t\t\t\t\t\t\t\t\t\t</ul>\n\t\t\t\t\t\t\t\t\t</div>\n\t\t\t\t\t\t\t\t</div>","class":"","global_text_color":"","global_link_color":"","global_link_hover_color":"","global_use_background":"0","global_background_color":"","global_background_image":"","global_background_repeat":"no-repeat","global_background_size":"cover","global_background_attachment":"inherit","global_user_border":"0","global_border_width":"","global_border_color":"","global_boder_style":"none","global_border_radius":"","global_margin":"","global_padding":"","global_use_animation":"0","global_animation":"","global_animationduration":"300","global_animationdelay":"0","hidden_md":"0","hidden_sm":"0","hidden_xs":"0","acl":null}}]}]},{"id":1482090206913,"visibility":true,"collapse":false,"settings":{"admin_label":"","title":"","heading_selector":"h3","title_fontsize":"","title_fontweight":"","title_text_color":"","title_margin_top":"","title_margin_bottom":"","subtitle":"","subtitle_fontsize":"","title_position":"sppb-text-center","columns_equal_height":"0","fullscreen":"0","no_gutter":"0","id":"","class":"","padding":"200px 0px 200px 0px","margin":"0px 0px 0px 0px","color":"","background_color":"","background_image":"images/joomlabuff/hotel/video-cover-bg-1.jpg","overlay":"rgba(0, 0, 0, 0.4)","background_repeat":"no-repeat","background_size":"cover","background_attachment":"fixed","background_position":"0 0","background_video":"0","background_video_mp4":"","background_video_ogv":"","hidden_xs":"","hidden_sm":"","hidden_md":"","animation":"","animationduration":"300","animationdelay":"0"},"layout":"12","columns":[{"id":1482090206914,"class_name":"col-md-12","visibility":true,"settings":{},"addons":[{"id":1482090206917,"name":"modal","visibility":true,"settings":{"admin_label":"video popup parallax","modal_selector":"image","button_text":"Button Text","button_fontstyle":null,"button_letterspace":"0","button_type":"default","button_appearance":"","button_background_color":"#444444","button_color":"#ffffff","button_background_color_hover":"#222222","button_color_hover":"#ffffff","button_size":"","button_shape":"rounded","button_block":"","button_icon":"","button_icon_position":"left","selector_image":"images/joomlabuff/hotel/play-icon.png","selector_icon_name":"","selector_icon_size":"36","selector_icon_color":"","selector_icon_background":"","selector_icon_border_color":"","selector_icon_border_width":"","selector_icon_border_radius":"","selector_icon_padding":"","modal_content_type":"video","modal_content_text":"<p>Kevin chicken fatback sirloin ball tip, flank meatloaf t-bone. Meatloaf shankle swine pancetta biltong capicola ham hock meatball. Shoulder bacon andouille ground round pancetta pastrami. Sirloin beef ribs tenderloin rump corned beef filet mignon capicola kielbasa drumstick chuck turducken beef t-bone ribeye. Pork loin ground round t-bone chuck beef ribs swine pastrami cow. Venison tenderloin drumstick, filet mignon salami jowl sausage shank hamburger meatball ribeye kevin tri-tip. Swine kielbasa tenderloin fatback pork shankle andouille, flank frankfurter jerky chicken tri-tip jowl leberkas.&lt;br&gt;&lt;br&gt;Pancetta chicken pork belly beef cow kielbasa fatback sirloin biltong andouille bacon. Sirloin beef tenderloin porchetta, jerky tri-tip andouille sausage landjaeger shank bresaola short ribs tongue meatloaf fatback. Kielbasa pancetta shoulder tri-tip pastrami filet mignon ham corned beef prosciutto doner beef ribs. Doner sausage ham hock, shoulder sirloin pancetta boudin filet mignon chuck. Meatball ham hock beef, filet mignon tri-tip andouille venison ground round chuck turducken drumstick.</p>","modal_content_image":"","modal_content_video_url":"https://vimeo.com/178747566","modal_popup_width":"900","modal_popup_height":"500","alignment":"sppb-text-center","class":"modal-video","global_text_color":"","global_link_color":"","global_link_hover_color":"","global_use_background":"0","global_background_color":"","global_background_image":"","global_background_repeat":"no-repeat","global_background_size":"cover","global_background_attachment":"inherit","global_user_border":"0","global_border_width":"","global_border_color":"","global_boder_style":"none","global_border_radius":"","global_margin":"","global_padding":"","global_use_animation":"0","global_animation":"","global_animationduration":"300","global_animationdelay":"0","hidden_md":"0","hidden_sm":"0","hidden_xs":"0","acl":null}}]}]},{"id":1482125358685,"visibility":true,"collapse":false,"settings":{"admin_label":"","title":"","heading_selector":"h3","title_fontsize":"","title_fontweight":"","title_text_color":"","title_margin_top":"","title_margin_bottom":"","subtitle":"","subtitle_fontsize":"","title_position":"sppb-text-center","columns_equal_height":"0","fullscreen":"0","no_gutter":"0","id":"","class":"bg-primary","padding":"50px 0px 50px 0px","margin":"0px 0px 0px 0px","color":"","background_color":"","background_image":"images/joomlabuff/hotel/parallax-hotel-map.png","overlay":"","background_repeat":"no-repeat","background_size":"cover","background_attachment":"inherit","background_position":"50% 0","background_video":"0","background_video_mp4":"","background_video_ogv":"","hidden_xs":"","hidden_sm":"","hidden_md":"","animation":"","animationduration":"300","animationdelay":"0"},"layout":"12,4,4,4","columns":[{"id":1482125358686,"class_name":"col-md-12","visibility":true,"settings":{},"addons":[{"id":1482125358704,"name":"raw_html","visibility":true,"settings":{"admin_label":"","title":"","heading_selector":"h3","title_fontsize":"","title_lineheight":"","title_fontstyle":null,"title_letterspace":"0","title_fontweight":"","title_text_color":"","title_margin_top":"","title_margin_bottom":"","html":"<div class=\"col-md-12 center\">\n\t\t\t\t\t\t\t\t<h3 class=\"mt-xl mb-none pb-none text-light text-uppercase\">Guest Reviews</h3>\n\t\t\t\t\t\t\t\t<div class=\"divider divider-light divider-small divider-small-center mb-xl mt-none\">\n\t\t\t\t\t\t\t\t\t<hr class=\"mt-sm\">\n\t\t\t\t\t\t\t\t</div>\n\t\t\t\t\t\t\t</div>","class":"","global_text_color":"","global_link_color":"","global_link_hover_color":"","global_use_background":"0","global_background_color":"","global_background_image":"","global_background_repeat":"no-repeat","global_background_size":"cover","global_background_attachment":"inherit","global_user_border":"0","global_border_width":"","global_border_color":"","global_boder_style":"none","global_border_radius":"","global_margin":"","global_padding":"","global_use_animation":"0","global_animation":"","global_animationduration":"300","global_animationdelay":"0","hidden_md":"0","hidden_sm":"0","hidden_xs":"0","acl":null}}]},{"id":1482125358692,"class_name":"col-md-4","visibility":true,"settings":{},"addons":[{"id":1482125358696,"name":"raw_html","visibility":true,"settings":{"admin_label":"","title":"","heading_selector":"h3","title_fontsize":"","title_lineheight":"","title_fontstyle":null,"title_letterspace":"0","title_fontweight":"","title_text_color":"","title_margin_top":"","title_margin_bottom":"","html":"<div class=\"testimonial testimonial-style-3 testimonial-style-custom\">\n\t\t\t\t\t\t\t\t\t<blockquote class=\"box-shadow-custom\">\n\t\t\t\t\t\t\t\t\t\t<p>Lorem ipsum dolor sit amet, consectetur adipiscing elit. Sed eget risus porta, tincidunt turpis at, interdum tortor. Suspendisse potenti. Lorem ipsum dolor sit amet, consectetur adipiscing elit.</p>\n\t\t\t\t\t\t\t\t\t</blockquote>\n\t\t\t\t\t\t\t\t\t<div class=\"testimonial-arrow-down\"></div>\n\t\t\t\t\t\t\t\t\t<div class=\"testimonial-author\">\n\t\t\t\t\t\t\t\t\t\t<p><strong>John Smith</strong><span>Porto Advisor</span></p>\n\t\t\t\t\t\t\t\t\t</div>\n\t\t\t\t\t\t\t\t</div>","class":"","global_text_color":"","global_link_color":"","global_link_hover_color":"","global_use_background":"0","global_background_color":"","global_background_image":"","global_background_repeat":"no-repeat","global_background_size":"cover","global_background_attachment":"inherit","global_user_border":"0","global_border_width":"","global_border_color":"","global_boder_style":"none","global_border_radius":"","global_margin":"","global_padding":"","global_use_animation":"1","global_animation":"fadeInUp","global_animationduration":"500","global_animationdelay":"0","hidden_md":"0","hidden_sm":"0","hidden_xs":"0","acl":null}}]},{"id":1482125358693,"class_name":"col-md-4","visibility":true,"settings":{},"addons":[{"id":1482125358707,"name":"raw_html","visibility":true,"settings":{"admin_label":"","title":"","heading_selector":"h3","title_fontsize":"","title_lineheight":"","title_fontstyle":null,"title_letterspace":"0","title_fontweight":"","title_text_color":"","title_margin_top":"","title_margin_bottom":"","html":"<div class=\"testimonial testimonial-style-3 testimonial-style-custom\">\n\t\t\t\t\t\t\t\t\t<blockquote class=\"box-shadow-custom\">\n\t\t\t\t\t\t\t\t\t\t<p>Lorem ipsum dolor sit amet, consectetur adipiscing elit. Sed eget risus porta, tincidunt turpis at, interdum tortor. Suspendisse potenti. Lorem ipsum dolor sit amet, consectetur adipiscing elit. Sociis natoque penatibus et magnis dis parturient montes.</p>\n\t\t\t\t\t\t\t\t\t</blockquote>\n\t\t\t\t\t\t\t\t\t<div class=\"testimonial-arrow-down\"></div>\n\t\t\t\t\t\t\t\t\t<div class=\"testimonial-author\">\n\t\t\t\t\t\t\t\t\t\t<p><strong>Brad Smith</strong><span>Porto Advisor</span></p>\n\t\t\t\t\t\t\t\t\t</div>\n\t\t\t\t\t\t\t\t</div>","class":"","global_text_color":"","global_link_color":"","global_link_hover_color":"","global_use_background":"0","global_background_color":"","global_background_image":"","global_background_repeat":"no-repeat","global_background_size":"cover","global_background_attachment":"inherit","global_user_border":"0","global_border_width":"","global_border_color":"","global_boder_style":"none","global_border_radius":"","global_margin":"","global_padding":"","global_use_animation":"1","global_animation":"fadeInUp","global_animationduration":"500","global_animationdelay":"0","hidden_md":"0","hidden_sm":"0","hidden_xs":"0","acl":null}}]},{"id":1482125358701,"class_name":"col-md-4","visibility":true,"settings":{},"addons":[{"id":1482125358710,"name":"raw_html","visibility":true,"settings":{"admin_label":"","title":"","heading_selector":"h3","title_fontsize":"","title_lineheight":"","title_fontstyle":null,"title_letterspace":"0","title_fontweight":"","title_text_color":"","title_margin_top":"","title_margin_bottom":"","html":"<div class=\"testimonial testimonial-style-3 testimonial-style-custom\">\n\t\t\t\t\t\t\t\t\t<blockquote class=\"box-shadow-custom\">\n\t\t\t\t\t\t\t\t\t\t<p>Lorem ipsum dolor sit amet, consectetur adipiscing elit. Sed eget risus porta, tincidunt turpis at, interdum tortor. Suspendisse potenti. Lorem ipsum dolor sit amet, consectetur adipiscing elit.</p>\n\t\t\t\t\t\t\t\t\t</blockquote>\n\t\t\t\t\t\t\t\t\t<div class=\"testimonial-arrow-down\"></div>\n\t\t\t\t\t\t\t\t\t<div class=\"testimonial-author\">\n\t\t\t\t\t\t\t\t\t\t<p><strong>John Smith</strong><span>Porto Advisor</span></p>\n\t\t\t\t\t\t\t\t\t</div>\n\t\t\t\t\t\t\t\t</div>","class":"","global_text_color":"","global_link_color":"","global_link_hover_color":"","global_use_background":"0","global_background_color":"","global_background_image":"","global_background_repeat":"no-repeat","global_background_size":"cover","global_background_attachment":"inherit","global_user_border":"0","global_border_width":"","global_border_color":"","global_boder_style":"none","global_border_radius":"","global_margin":"","global_padding":"","global_use_animation":"1","global_animation":"fadeInUp","global_animationduration":"500","global_animationdelay":"0","hidden_md":"0","hidden_sm":"0","hidden_xs":"0","acl":null}}]}]},{"id":1482125358713,"visibility":true,"collapse":false,"settings":{"padding":"50px 0px 50px 0px","margin":"0px 0px 0px 0px"},"layout":"12","columns":[{"id":1482125358714,"class_name":"col-md-12","visibility":true,"settings":{},"addons":[{"id":1482125358717,"name":"raw_html","visibility":true,"settings":{"admin_label":"","title":"","heading_selector":"h3","title_fontsize":"","title_lineheight":"","title_fontstyle":null,"title_letterspace":"0","title_fontweight":"","title_text_color":"","title_margin_top":"","title_margin_bottom":"","html":"<div class=\"col-md-12 center\">\n\n\t\t\t\t\t\t\t\t<h3 class=\"mt-xl mb-none pb-none text-uppercase\">Special Offers</h3>\n\t\t\t\t\t\t\t\t<div class=\"divider divider-primary divider-small divider-small-center mb-xl mt-none\">\n\t\t\t\t\t\t\t\t\t<hr class=\"mt-sm\">\n\t\t\t\t\t\t\t\t</div>\n</div>","class":"","global_text_color":"","global_link_color":"","global_link_hover_color":"","global_use_background":"0","global_background_color":"","global_background_image":"","global_background_repeat":"no-repeat","global_background_size":"cover","global_background_attachment":"inherit","global_user_border":"0","global_border_width":"","global_border_color":"","global_boder_style":"none","global_border_radius":"","global_margin":"","global_padding":"","global_use_animation":"0","global_animation":"","global_animationduration":"300","global_animationdelay":"0","hidden_md":"0","hidden_sm":"0","hidden_xs":"0","acl":null}}]}]},{"id":1482125358718,"visibility":true,"collapse":false,"settings":{"admin_label":"","title":"","heading_selector":"h3","title_fontsize":"","title_fontweight":"","title_text_color":"","title_margin_top":"","title_margin_bottom":"","subtitle":"","subtitle_fontsize":"","title_position":"sppb-text-center","columns_equal_height":"0","fullscreen":"0","no_gutter":"0","id":"","class":"","padding":"0px 0px 50px 0px","margin":"0px 0px 0px 0px","color":"","background_color":"","background_image":"","overlay":"","background_repeat":"no-repeat","background_size":"cover","background_attachment":"fixed","background_position":"0 0","background_video":"0","background_video_mp4":"","background_video_ogv":"","hidden_xs":"","hidden_sm":"","hidden_md":"","animation":"","animationduration":"300","animationdelay":"0"},"layout":"6,6,12","columns":[{"id":1482125358719,"class_name":"col-md-6","visibility":true,"settings":{},"addons":[{"id":1482125358723,"name":"raw_html","visibility":true,"settings":{"admin_label":"","title":"","heading_selector":"h3","title_fontsize":"","title_lineheight":"","title_fontstyle":null,"title_letterspace":"0","title_fontweight":"","title_text_color":"","title_margin_top":"","title_margin_bottom":"","html":"<a href=\"#\" class=\"text-decoration-none\">\n\t\t\t\t\t\t\t\t\t\t\t<span class=\"thumb-info thumb-info-side-image thumb-info-side-image-custom thumb-info-no-zoom box-shadow-custom thumb-info-no-zoom thumb-info-side-image-custom-highlight\">\n\t\t\t\t\t\t\t\t\t\t\t\t<span class=\"thumb-info-side-image-wrapper\">\n\t\t\t\t\t\t\t\t\t\t\t\t\t<img alt=\"\" class=\"img-responsive\" src=\"images/joomlabuff/hotel/gallery/gallery-4.jpg\">\n\t\t\t\t\t\t\t\t\t\t\t\t</span>\n\t\t\t\t\t\t\t\t\t\t\t\t<span class=\"thumb-info-caption\">\n\t\t\t\t\t\t\t\t\t\t\t\t\t<span class=\"thumb-info-caption-text\">\n\t\t\t\t\t\t\t\t\t\t\t\t\t\t<h4 class=\"text-uppercase\">Porto Special</h4>\n\t\t\t\t\t\t\t\t\t\t\t\t\t\t<p>Lorem ipsum dolor sit amet, consectetur adipiscing elit. Sed eget risus porta, tincidunt turpis at, interdum tortor. Suspendisse potenti...</p>\n\t\t\t\t\t\t\t\t\t\t\t\t\t</span>\n\t\t\t\t\t\t\t\t\t\t\t\t</span>\n\t\t\t\t\t\t\t\t\t\t\t</span>\n\t\t\t\t\t\t\t\t\t\t</a>","class":"","global_text_color":"","global_link_color":"","global_link_hover_color":"","global_use_background":"0","global_background_color":"","global_background_image":"","global_background_repeat":"no-repeat","global_background_size":"cover","global_background_attachment":"inherit","global_user_border":"0","global_border_width":"","global_border_color":"","global_boder_style":"none","global_border_radius":"","global_margin":"","global_padding":"","global_use_animation":"1","global_animation":"fadeIn","global_animationduration":"300","global_animationdelay":"100","hidden_md":"0","hidden_sm":"0","hidden_xs":"0","acl":null}}]},{"id":1482125358720,"class_name":"col-md-6","visibility":true,"settings":{},"addons":[{"id":1482125358726,"name":"raw_html","visibility":true,"settings":{"admin_label":"","title":"","heading_selector":"h3","title_fontsize":"","title_lineheight":"","title_fontstyle":null,"title_letterspace":"0","title_fontweight":"","title_text_color":"","title_margin_top":"","title_margin_bottom":"","html":"<a href=\"#\" class=\"text-decoration-none\">\n\t\t\t\t\t\t\t\t\t\t\t<span class=\"thumb-info thumb-info-side-image thumb-info-side-image-custom thumb-info-no-zoom box-shadow-custom\">\n\t\t\t\t\t\t\t\t\t\t\t\t<span class=\"thumb-info-side-image-wrapper\">\n\t\t\t\t\t\t\t\t\t\t\t\t\t<img alt=\"\" class=\"img-responsive\" style=\"max-width: 240px;\" src=\"images/joomlabuff/hotel/gallery/gallery-2.jpg\">\n\t\t\t\t\t\t\t\t\t\t\t\t</span>\n\t\t\t\t\t\t\t\t\t\t\t\t<span class=\"thumb-info-caption\">\n\t\t\t\t\t\t\t\t\t\t\t\t\t<span class=\"thumb-info-caption-text\">\n\t\t\t\t\t\t\t\t\t\t\t\t\t\t<h4 class=\"text-uppercase\">Plan Ahead</h4>\n\t\t\t\t\t\t\t\t\t\t\t\t\t\t<p>Lorem ipsum dolor sit amet, consectetur adipiscing elit...</p>\n\t\t\t\t\t\t\t\t\t\t\t\t\t</span>\n\t\t\t\t\t\t\t\t\t\t\t\t</span>\n\t\t\t\t\t\t\t\t\t\t\t</span>\n\t\t\t\t\t\t\t\t\t\t</a>","class":"","global_text_color":"","global_link_color":"","global_link_hover_color":"","global_use_background":"0","global_background_color":"","global_background_image":"","global_background_repeat":"no-repeat","global_background_size":"cover","global_background_attachment":"inherit","global_user_border":"0","global_border_width":"","global_border_color":"","global_boder_style":"none","global_border_radius":"","global_margin":"","global_padding":"","global_use_animation":"1","global_animation":"fadeIn","global_animationduration":"300","global_animationdelay":"300","hidden_md":"0","hidden_sm":"0","hidden_xs":"0","acl":null}},{"id":1482125358729,"name":"raw_html","visibility":true,"settings":{"admin_label":"","title":"","heading_selector":"h3","title_fontsize":"","title_lineheight":"","title_fontstyle":null,"title_letterspace":"0","title_fontweight":"","title_text_color":"","title_margin_top":"","title_margin_bottom":"","html":"<a href=\"#\" class=\"text-decoration-none\">\n\t\t\t\t\t\t\t\t\t\t\t<span class=\"thumb-info thumb-info-side-image thumb-info-side-image-custom thumb-info-no-zoom box-shadow-custom\">\n\t\t\t\t\t\t\t\t\t\t\t\t<span class=\"thumb-info-side-image-wrapper\">\n\t\t\t\t\t\t\t\t\t\t\t\t\t<img alt=\"\" class=\"img-responsive\" style=\"max-width: 240px;\" src=\"images/joomlabuff/hotel/gallery/gallery-3.jpg\">\n\t\t\t\t\t\t\t\t\t\t\t\t</span>\n\t\t\t\t\t\t\t\t\t\t\t\t<span class=\"thumb-info-caption\">\n\t\t\t\t\t\t\t\t\t\t\t\t\t<span class=\"thumb-info-caption-text\">\n\t\t\t\t\t\t\t\t\t\t\t\t\t\t<h4 class=\"text-uppercase\">Valentine's Day</h4>\n\t\t\t\t\t\t\t\t\t\t\t\t\t\t<p>Lorem ipsum dolor sit amet, consectetur adipiscing elit...</p>\n\t\t\t\t\t\t\t\t\t\t\t\t\t</span>\n\t\t\t\t\t\t\t\t\t\t\t\t</span>\n\t\t\t\t\t\t\t\t\t\t\t</span>\n\t\t\t\t\t\t\t\t\t\t</a>","class":"","global_text_color":"","global_link_color":"","global_link_hover_color":"","global_use_background":"0","global_background_color":"","global_background_image":"","global_background_repeat":"no-repeat","global_background_size":"cover","global_background_attachment":"inherit","global_user_border":"0","global_border_width":"","global_border_color":"","global_boder_style":"none","global_border_radius":"","global_margin":"","global_padding":"","global_use_animation":"1","global_animation":"fadeIn","global_animationduration":"300","global_animationdelay":"600","hidden_md":"0","hidden_sm":"0","hidden_xs":"0","acl":null}}]},{"id":1482125358738,"class_name":"col-md-12","visibility":true,"settings":{"color":"","background":"","background_image":"","overlay":"","background_repeat":"no-repeat","background_size":"cover","background_attachment":"scroll","background_position":"0 0","padding":"","class":"center","sm_col":"","xs_col":"","hidden_xs":"","hidden_sm":"","hidden_md":"","animation":"","animationduration":"300","animationdelay":"0"},"addons":[{"id":1482125358742,"name":"button","visibility":true,"settings":{"admin_label":"","text":"view all","fontstyle":null,"letterspace":"0","url":"#","target":"","type":"primary","appearance":"","background_color":"#444444","color":"#ffffff","background_color_hover":"#222222","color_hover":"#ffffff","size":"","shape":"square","block":"","icon":"","icon_position":"left","class":"center","global_text_color":"","global_link_color":"","global_link_hover_color":"","global_use_background":"0","global_background_color":"","global_background_image":"","global_background_repeat":"no-repeat","global_background_size":"cover","global_background_attachment":"inherit","global_user_border":"0","global_border_width":"","global_border_color":"","global_boder_style":"none","global_border_radius":"","global_margin":"","global_padding":"","global_use_animation":"1","global_animation":"fadeIn","global_animationduration":"300","global_animationdelay":"650","hidden_md":"0","hidden_sm":"0","hidden_xs":"0","acl":null}}]}]},{"id":1482129894664,"visibility":true,"collapse":false,"settings":{"admin_label":"","title":"","heading_selector":"h3","title_fontsize":"","title_fontweight":"","title_text_color":"","title_margin_top":"","title_margin_bottom":"","subtitle":"","subtitle_fontsize":"","title_position":"sppb-text-center","columns_equal_height":"0","fullscreen":"0","no_gutter":"0","id":"","class":"subscription","padding":"50px 0px 50px 0px","margin":"0px 0px 0px 0px","color":"","background_color":"rgba(83, 91, 108, 1)","background_image":"","overlay":"","background_repeat":"no-repeat","background_size":"cover","background_attachment":"fixed","background_position":"0 0","background_video":"0","background_video_mp4":"","background_video_ogv":"","hidden_xs":"","hidden_sm":"","hidden_md":"","animation":"","animationduration":"300","animationdelay":"0"},"layout":"3,9","columns":[{"id":1482129894665,"class_name":"col-md-3","visibility":true,"settings":{},"addons":[{"id":1482129894672,"name":"raw_html","visibility":true,"settings":{"admin_label":"","title":"","heading_selector":"h3","title_fontsize":"","title_lineheight":"","title_fontstyle":null,"title_letterspace":"0","title_fontweight":"","title_text_color":"","title_margin_top":"","title_margin_bottom":"","html":"<p class=\"lead p-none m-none font-size-md text-uppercase text-white\">Sign Up Now For</p>\n<h4 class=\"mb-xs mt-none text-light text-uppercase\">Exclusive special offers:</h4>","class":"","global_text_color":"","global_link_color":"","global_link_hover_color":"","global_use_background":"0","global_background_color":"","global_background_image":"","global_background_repeat":"no-repeat","global_background_size":"cover","global_background_attachment":"inherit","global_user_border":"0","global_border_width":"","global_border_color":"","global_boder_style":"none","global_border_radius":"","global_margin":"","global_padding":"","global_use_animation":"0","global_animation":"","global_animationduration":"300","global_animationdelay":"0","hidden_md":"0","hidden_sm":"0","hidden_xs":"0","acl":null}}]},{"id":1482129894666,"class_name":"col-md-9","visibility":true,"settings":{},"addons":[{"id":1482129894669,"name":"module","visibility":true,"settings":{"admin_label":"subscriber module","title":"","heading_selector":"h3","title_fontsize":"","title_lineheight":"","title_fontstyle":null,"title_letterspace":"0","title_fontweight":"","title_text_color":"","title_margin_top":"","title_margin_bottom":"","module_type":"module","id":"159","position":"","class":"","global_text_color":"","global_link_color":"","global_link_hover_color":"","global_use_background":"0","global_background_color":"","global_background_image":"","global_background_repeat":"no-repeat","global_background_size":"cover","global_background_attachment":"inherit","global_user_border":"0","global_border_width":"","global_border_color":"","global_boder_style":"none","global_border_radius":"","global_margin":"","global_padding":"","global_use_animation":"0","global_animation":"","global_animationduration":"300","global_animationdelay":"0","hidden_md":"0","hidden_sm":"0","hidden_xs":"0","acl":null}}]}]}]