[{"id":1482242929225,"visibility":true,"collapse":false,"settings":{"admin_label":"","title":"","heading_selector":"h3","title_fontsize":"","title_fontweight":"","title_text_color":"","title_margin_top":"","title_margin_bottom":"","subtitle":"","subtitle_fontsize":"","title_position":"sppb-text-center","columns_equal_height":"0","fullscreen":"0","no_gutter":"0","id":"","class":"page-header","padding":"50px 0px 50px 0px","margin":"0px 0px 0px 0px","color":"","background_color":"","background_image":"images/joomlabuff/hotel/parallax-hotel-2.jpg","overlay":"rgba(0, 0, 0, 0.3)","background_repeat":"no-repeat","background_size":"cover","background_attachment":"fixed","background_position":"0 0","background_video":"0","background_video_mp4":"","background_video_ogv":"","hidden_xs":"","hidden_sm":"","hidden_md":"","animation":"","animationduration":"300","animationdelay":"0"},"layout":"12","columns":[{"id":1482242929226,"class_name":"col-md-12","visibility":true,"settings":{},"addons":[{"id":1482242929229,"name":"raw_html","visibility":true,"settings":{"admin_label":"Page header","title":"","heading_selector":"h3","title_fontsize":"","title_lineheight":"","title_fontstyle":null,"title_letterspace":"0","title_fontweight":"","title_text_color":"","title_margin_top":"","title_margin_bottom":"","html":"<div class=\"col-md-12 center\">\n\t\t\t\t\t\t\t\t<h1 class=\"font-weight-bold text-light text-uppercase\">Special Offers <span>Porto Hotel Deals</span></h1>\n\t\t\t\t\t\t\t</div>","class":"","global_text_color":"","global_link_color":"","global_link_hover_color":"","global_use_background":"0","global_background_color":"","global_background_image":"","global_background_repeat":"no-repeat","global_background_size":"cover","global_background_attachment":"inherit","global_user_border":"0","global_border_width":"","global_border_color":"","global_boder_style":"none","global_border_radius":"","global_margin":"","global_padding":"","global_use_animation":"0","global_animation":"","global_animationduration":"300","global_animationdelay":"0","hidden_md":"0","hidden_sm":"0","hidden_xs":"0","acl":null}}]}]},{"id":1482243035609,"visibility":true,"collapse":false,"settings":{"admin_label":"","title":"","heading_selector":"h3","title_fontsize":"","title_fontweight":"","title_text_color":"","title_margin_top":"","title_margin_bottom":"","subtitle":"","subtitle_fontsize":"","title_position":"sppb-text-center","columns_equal_height":"0","fullscreen":"0","no_gutter":"0","id":"","class":"","padding":"50px 0px 10px 0px","margin":"0px 0px 0px 0px","color":"","background_color":"","background_image":"","overlay":"","background_repeat":"no-repeat","background_size":"cover","background_attachment":"fixed","background_position":"0 0","background_video":"0","background_video_mp4":"","background_video_ogv":"","hidden_xs":"","hidden_sm":"","hidden_md":"","animation":"","animationduration":"300","animationdelay":"0"},"layout":"12","columns":[{"id":1482243035610,"class_name":"col-md-12","visibility":true,"settings":{},"addons":[{"id":1482243035613,"name":"raw_html","visibility":true,"settings":{"admin_label":"Porto Special","title":"","heading_selector":"h3","title_fontsize":"","title_lineheight":"","title_fontstyle":null,"title_letterspace":"0","title_fontweight":"","title_text_color":"","title_margin_top":"","title_margin_bottom":"","html":"<span class=\"thumb-info thumb-info-side-image thumb-info-side-image-custom thumb-info-no-zoom box-shadow-custom\">\n\t\t\t\t\t\t\t\t\t<span class=\"thumb-info-side-image-wrapper\">\n\t\t\t\t\t\t\t\t\t\t<img alt=\"\" class=\"img-responsive\" style=\"max-width: 310px;\" src=\"images/joomlabuff/hotel/gallery/gallery-2.jpg\">\n\t\t\t\t\t\t\t\t\t</span>\n\t\t\t\t\t\t\t\t\t<span class=\"thumb-info-caption\">\n\t\t\t\t\t\t\t\t\t\t<span class=\"thumb-info-caption-text\">\n\t\t\t\t\t\t\t\t\t\t\t<h4 class=\"text-uppercase mb-xs\">Porto Special</h4>\n\t\t\t\t\t\t\t\t\t\t\t<p>Lorem ipsum dolor sit amet, consectetur adipiscing elit. Integer ultrices malesuada ante quis pharetra. Nullam non bibendum dolor. Ut vel turpis accumsan...</p>\n\t\t\t\t\t\t\t\t\t\t\t<p class=\"align-right pull-right p-lg pb-none\">\n\t\t\t\t\t\t\t\t\t\t\t\t<a class=\"btn btn-primary btn-lg font-size-sm text-uppercase mb-md\" href=\"index.php/book-now\">Book Now <i class=\"icon-calendar icons ml-sm\"></i></a>\n\t\t\t\t\t\t\t\t\t\t\t</p>\n\t\t\t\t\t\t\t\t\t\t</span>\n\t\t\t\t\t\t\t\t\t</span>\n\t\t\t\t\t\t\t\t</span>","class":"","global_text_color":"","global_link_color":"","global_link_hover_color":"","global_use_background":"0","global_background_color":"","global_background_image":"","global_background_repeat":"no-repeat","global_background_size":"cover","global_background_attachment":"inherit","global_user_border":"0","global_border_width":"","global_border_color":"","global_boder_style":"none","global_border_radius":"","global_margin":"","global_padding":"","global_use_animation":"0","global_animation":"","global_animationduration":"300","global_animationdelay":"0","hidden_md":"0","hidden_sm":"0","hidden_xs":"0","acl":null}}]}]},{"id":1482243035616,"visibility":true,"collapse":false,"settings":{"admin_label":"","title":"","heading_selector":"h3","title_fontsize":"","title_fontweight":"","title_text_color":"","title_margin_top":"","title_margin_bottom":"","subtitle":"","subtitle_fontsize":"","title_position":"sppb-text-center","columns_equal_height":"0","fullscreen":"0","no_gutter":"0","id":"","class":"","padding":"10px 0px 10px 0px","margin":"0px 0px 0px 0px","color":"","background_color":"","background_image":"","overlay":"","background_repeat":"no-repeat","background_size":"cover","background_attachment":"fixed","background_position":"0 0","background_video":"0","background_video_mp4":"","background_video_ogv":"","hidden_xs":"","hidden_sm":"","hidden_md":"","animation":"","animationduration":"300","animationdelay":"0"},"layout":"12","columns":[{"id":1482243035617,"class_name":"col-md-12","visibility":true,"settings":{},"addons":[{"id":1482243035620,"name":"raw_html","visibility":true,"settings":{"admin_label":"Plan Ahead","title":"","heading_selector":"h3","title_fontsize":"","title_lineheight":"","title_fontstyle":null,"title_letterspace":"0","title_fontweight":"","title_text_color":"","title_margin_top":"","title_margin_bottom":"","html":"<span class=\"thumb-info thumb-info-side-image thumb-info-side-image-custom thumb-info-no-zoom box-shadow-custom\">\n\t\t\t\t\t\t\t\t\t<span class=\"thumb-info-side-image-wrapper\">\n\t\t\t\t\t\t\t\t\t\t<img alt=\"\" class=\"img-responsive\" style=\"max-width: 310px;\" src=\"images/joomlabuff/hotel/gallery/gallery-1.jpg\">\n\t\t\t\t\t\t\t\t\t</span>\n\t\t\t\t\t\t\t\t\t<span class=\"thumb-info-caption\">\n\t\t\t\t\t\t\t\t\t\t<span class=\"thumb-info-caption-text\">\n\t\t\t\t\t\t\t\t\t\t\t<h4 class=\"text-uppercase mb-xs\">Plan Ahead</h4>\n\t\t\t\t\t\t\t\t\t\t\t<p>Lorem ipsum dolor sit amet, consectetur adipiscing elit. Integer ultrices malesuada ante quis pharetra. Nullam non bibendum dolor. Ut vel turpis accumsan...</p>\n\t\t\t\t\t\t\t\t\t\t\t<p class=\"align-right pull-right p-lg pb-none\">\n\t\t\t\t\t\t\t\t\t\t\t\t<a class=\"btn btn-primary btn-lg font-size-sm text-uppercase mb-md\" href=\"index.php/book-now\">Book Now <i class=\"icon-calendar icons ml-sm\"></i></a>\n\t\t\t\t\t\t\t\t\t\t\t</p>\n\t\t\t\t\t\t\t\t\t\t</span>\n\t\t\t\t\t\t\t\t\t</span>\n\t\t\t\t\t\t\t\t</span>","class":"","global_text_color":"","global_link_color":"","global_link_hover_color":"","global_use_background":"0","global_background_color":"","global_background_image":"","global_background_repeat":"no-repeat","global_background_size":"cover","global_background_attachment":"inherit","global_user_border":"0","global_border_width":"","global_border_color":"","global_boder_style":"none","global_border_radius":"","global_margin":"","global_padding":"","global_use_animation":"0","global_animation":"","global_animationduration":"300","global_animationdelay":"0","hidden_md":"0","hidden_sm":"0","hidden_xs":"0","acl":null}}]}]},{"id":1482243035623,"visibility":true,"collapse":false,"settings":{"admin_label":"","title":"","heading_selector":"h3","title_fontsize":"","title_fontweight":"","title_text_color":"","title_margin_top":"","title_margin_bottom":"","subtitle":"","subtitle_fontsize":"","title_position":"sppb-text-center","columns_equal_height":"0","fullscreen":"0","no_gutter":"0","id":"","class":"","padding":"20px 0px 50px 0px","margin":"0px 0px 0px 0px","color":"","background_color":"","background_image":"","overlay":"","background_repeat":"no-repeat","background_size":"cover","background_attachment":"fixed","background_position":"0 0","background_video":"0","background_video_mp4":"","background_video_ogv":"","hidden_xs":"","hidden_sm":"","hidden_md":"","animation":"","animationduration":"300","animationdelay":"0"},"layout":"12","columns":[{"id":1482243035624,"class_name":"col-md-12","visibility":true,"settings":{},"addons":[{"id":1482243035627,"name":"raw_html","visibility":true,"settings":{"admin_label":"Valentine's Day","title":"","heading_selector":"h3","title_fontsize":"","title_lineheight":"","title_fontstyle":null,"title_letterspace":"0","title_fontweight":"","title_text_color":"","title_margin_top":"","title_margin_bottom":"","html":"<span class=\"thumb-info thumb-info-side-image thumb-info-side-image-custom thumb-info-no-zoom box-shadow-custom\">\n\t\t\t\t\t\t\t\t\t<span class=\"thumb-info-side-image-wrapper\">\n\t\t\t\t\t\t\t\t\t\t<img alt=\"\" class=\"img-responsive\" style=\"max-width: 310px;\" src=\"images/joomlabuff/hotel/gallery/gallery-3.jpg\">\n\t\t\t\t\t\t\t\t\t</span>\n\t\t\t\t\t\t\t\t\t<span class=\"thumb-info-caption\">\n\t\t\t\t\t\t\t\t\t\t<span class=\"thumb-info-caption-text\">\n\t\t\t\t\t\t\t\t\t\t\t<h4 class=\"text-uppercase mb-xs\">Valentine's Day</h4>\n\t\t\t\t\t\t\t\t\t\t\t<p>Lorem ipsum dolor sit amet, consectetur adipiscing elit. Integer ultrices malesuada ante quis pharetra. Nullam non bibendum dolor. Ut vel turpis accumsan...</p>\n\t\t\t\t\t\t\t\t\t\t\t<p class=\"align-right pull-right p-lg pb-none\">\n\t\t\t\t\t\t\t\t\t\t\t\t<a class=\"btn btn-primary btn-lg font-size-sm text-uppercase mb-md\" href=\"index.php/book-now\">Book Now <i class=\"icon-calendar icons ml-sm\"></i></a>\n\t\t\t\t\t\t\t\t\t\t\t</p>\n\t\t\t\t\t\t\t\t\t\t</span>\n\t\t\t\t\t\t\t\t\t</span>\n\t\t\t\t\t\t\t\t</span>","class":"","global_text_color":"","global_link_color":"","global_link_hover_color":"","global_use_background":"0","global_background_color":"","global_background_image":"","global_background_repeat":"no-repeat","global_background_size":"cover","global_background_attachment":"inherit","global_user_border":"0","global_border_width":"","global_border_color":"","global_boder_style":"none","global_border_radius":"","global_margin":"","global_padding":"","global_use_animation":"0","global_animation":"","global_animationduration":"300","global_animationdelay":"0","hidden_md":"0","hidden_sm":"0","hidden_xs":"0","acl":null}}]}]}]