[{"id":1482221439794,"visibility":true,"collapse":false,"settings":{"admin_label":"","title":"","heading_selector":"h3","title_fontsize":"","title_fontweight":"","title_text_color":"","title_margin_top":"","title_margin_bottom":"","subtitle":"","subtitle_fontsize":"","title_position":"sppb-text-center","columns_equal_height":"0","fullscreen":"0","no_gutter":"0","id":"","class":"page-header","padding":"50px 0px 50px 0px","margin":"0px 0px 0px 0px","color":"","background_color":"","background_image":"images/joomlabuff/hotel/parallax-hotel.jpg","overlay":"rgba(0, 0, 0, 0.3)","background_repeat":"no-repeat","background_size":"cover","background_attachment":"fixed","background_position":"0 0","background_video":"0","background_video_mp4":"","background_video_ogv":"","hidden_xs":"","hidden_sm":"","hidden_md":"","animation":"","animationduration":"300","animationdelay":"0"},"layout":"12","columns":[{"id":1482221439795,"class_name":"col-md-12","visibility":true,"settings":{},"addons":[{"id":1482221439798,"name":"raw_html","visibility":true,"settings":{"admin_label":"","title":"","heading_selector":"h3","title_fontsize":"","title_lineheight":"","title_fontstyle":null,"title_letterspace":"0","title_fontweight":"","title_text_color":"","title_margin_top":"","title_margin_bottom":"","html":"<div class=\"col-md-12 center\">\n\t\t\t\t\t\t\t\t<h1 class=\"font-weight-bold text-light text-uppercase\">Hotel <span>Enjoy the best of Porto</span></h1>\n\t\t\t\t\t\t\t</div>","class":"","global_text_color":"","global_link_color":"","global_link_hover_color":"","global_use_background":"0","global_background_color":"","global_background_image":"","global_background_repeat":"no-repeat","global_background_size":"cover","global_background_attachment":"inherit","global_user_border":"0","global_border_width":"","global_border_color":"","global_boder_style":"none","global_border_radius":"","global_margin":"","global_padding":"","global_use_animation":"0","global_animation":"","global_animationduration":"300","global_animationdelay":"0","hidden_md":"0","hidden_sm":"0","hidden_xs":"0","acl":null}}]}]},{"id":1482242531948,"visibility":true,"collapse":false,"settings":{"padding":"50px 0px 50px 0px","margin":"0px 0px 0px 0px"},"layout":"12","columns":[{"id":1482242531949,"class_name":"col-md-12","visibility":true,"settings":{},"addons":[{"id":1482242531952,"name":"raw_html","visibility":true,"settings":{"admin_label":"","title":"","heading_selector":"h3","title_fontsize":"","title_lineheight":"","title_fontstyle":null,"title_letterspace":"0","title_fontweight":"","title_text_color":"","title_margin_top":"","title_margin_bottom":"","html":"\t<div class=\"row mb-xl\">\n\t\t\t\t\t\t\t\n\t\t\t\t\t\t\t<div class=\"col-md-3\">\n\t\t\t\t\t\t\t\t<div class=\"tabs tabs-vertical tabs-left tabs-navigation\">\n\t\t\t\t\t\t\t\t\t<ul class=\"nav nav-tabs col-sm-3\">\n\t\t\t\t\t\t\t\t\t\t<li class=\"active\">\n\t\t\t\t\t\t\t\t\t\t\t<a href=\"#tabsNavigation1\" data-toggle=\"tab\"> Overview</a>\n\t\t\t\t\t\t\t\t\t\t</li>\n\t\t\t\t\t\t\t\t\t\t<li>\n\t\t\t\t\t\t\t\t\t\t\t<a href=\"#tabsNavigation2\" data-toggle=\"tab\"> Services</a>\n\t\t\t\t\t\t\t\t\t\t</li>\n\t\t\t\t\t\t\t\t\t\t<li>\n\t\t\t\t\t\t\t\t\t\t\t<a href=\"#tabsNavigation3\" data-toggle=\"tab\"> FAQ's</a>\n\t\t\t\t\t\t\t\t\t\t</li>\n\t\t\t\t\t\t\t\t\t</ul>\n\t\t\t\t\t\t\t\t</div>\n\n\t\t\t\t\t\t\t\t<a href=\"#\" class=\"mt-xlg mb-xlg appear-animation\" data-appear-animation=\"fadeIn\" data-appear-animation-delay=\"0\" title=\"\">\n\t\t\t\t\t\t\t\t\t<img alt=\"\" class=\"img-responsive mt-xlg mb-xlg\" src=\"images/joomlabuff/hotel/banner-hotel.jpg\">\n\t\t\t\t\t\t\t\t</a>\n\t\t\t\t\t\t\t</div>\n\t\t\t\t\t\t\t<div class=\"col-md-9\">\n\t\t\t\t\t\t\t\t<div class=\"tab-pane tab-pane-navigation active\" id=\"tabsNavigation1\">\n\n\t\t\t\t\t\t\t\t\t<h3 class=\"mb-none pb-none text-uppercase\">Porto Hotel</h3>\n\t\t\t\t\t\t\t\t\t<div class=\"divider divider-primary divider-small mb-xl mt-none\">\n\t\t\t\t\t\t\t\t\t\t<hr class=\"mt-sm\">\n\t\t\t\t\t\t\t\t\t</div>\n\n\t\t\t\t\t\t\t\t\t<div class=\"row\">\n\t\t\t\t\t\t\t\t\t\t<div class=\"col-md-8\">\n\n\t\t\t\t\t\t\t\t\t\t\t<p class=\"mt-lg lead\">Lorem ipsum dolor sit amet, consectetur adipiscing elit. Integer ultrices malesuada ante quis pharetra. Nullam non bibendum dolor. Ut vel turpis accumsan.</p>\n\n\t\t\t\t\t\t\t\t\t\t\t<p class=\"mt-lg\">Lorem ipsum dolor sit amet, consectetur adipiscing elit. Integer ultrices malesuada ante quis pharetra. Nullam non bibendum dolor. Ut vel turpis accumsan, efficitur dolor fermentum, tincidunt metus ut vel turpis accumsan, efficitur dolor fermentum, tincidunt metus. Etiam ut.</p>\n\n\t\t\t\t\t\t\t\t\t\t</div>\n\t\t\t\t\t\t\t\t\t\t<div class=\"col-md-4\">\n\n\t\t\t\t\t\t\t\t\t\t\t<div class=\"nav-inside box-shadow-custom mt-xl\">\n\t\t\t\t\t\t\t\t\t\t\t\t<div>\n\t\t\t\t\t\t\t\t\t\t\t\t\t<img alt=\"\" class=\"img-responsive\" src=\"images/joomlabuff/hotel/gallery/gallery-1.jpg\">\n\t\t\t\t\t\t\t\t\t\t\t\t</div>\n\t\t\t\t\t\t\t\t\t\t\t</div>\n\n\t\t\t\t\t\t\t\t\t\t</div>\n\t\t\t\t\t\t\t\t\t</div>\n\n\t\t\t\t\t\t\t\t\t<div class=\"row mt-xl\">\n\t\t\t\t\t\t\t\t\t\t<div class=\"col-md-4\">\n\t\t\t\t\t\t\t\t\t\t\t<ul class=\"list list-icons list-primary list-borders text-uppercase text-color-dark font-size-sm\">\n\t\t\t\t\t\t\t\t\t\t\t\t<li><i class=\"fa fa-check\"></i> 24 Rooms, 4 Luxury suites</li>\n\t\t\t\t\t\t\t\t\t\t\t\t<li><i class=\"fa fa-check\"></i> Fitness center</li>\n\t\t\t\t\t\t\t\t\t\t\t\t<li><i class=\"fa fa-check\"></i> Airport transporation</li>\n\t\t\t\t\t\t\t\t\t\t\t</ul>\n\t\t\t\t\t\t\t\t\t\t</div>\n\t\t\t\t\t\t\t\t\t\t<div class=\"col-md-4\">\n\t\t\t\t\t\t\t\t\t\t\t<ul class=\"list list-icons list-primary list-borders text-uppercase text-color-dark font-size-sm\">\n\t\t\t\t\t\t\t\t\t\t\t\t<li><i class=\"fa fa-check\"></i> 24-Hour In-Room Dining</li>\n\t\t\t\t\t\t\t\t\t\t\t\t<li><i class=\"fa fa-check\"></i> Cocktail Bar</li>\n\t\t\t\t\t\t\t\t\t\t\t\t<li><i class=\"fa fa-check\"></i> Dog Friendly - Pets Stay Free</li>\n\t\t\t\t\t\t\t\t\t\t\t</ul>\n\t\t\t\t\t\t\t\t\t\t</div>\n\t\t\t\t\t\t\t\t\t\t<div class=\"col-md-4\">\n\t\t\t\t\t\t\t\t\t\t\t<ul class=\"list list-icons list-primary list-borders text-uppercase text-color-dark font-size-sm\">\n\t\t\t\t\t\t\t\t\t\t\t\t<li><i class=\"fa fa-check\"></i> Valet car service</li>\n\t\t\t\t\t\t\t\t\t\t\t\t<li><i class=\"fa fa-check\"></i> Pool</li>\n\t\t\t\t\t\t\t\t\t\t\t\t<li><i class=\"fa fa-check\"></i> Free Wi-Fi</li>\n\t\t\t\t\t\t\t\t\t\t\t</ul>\n\t\t\t\t\t\t\t\t\t\t</div>\n\t\t\t\t\t\t\t\t\t</div>\n\n\t\t\t\t\t\t\t\t\t<h4 class=\"mt-xl mb-lg pb-none text-uppercase\">Complimentary Attractions</h4>\n\n\t\t\t\t\t\t\t\t\t<div class=\"row\">\n\t\t\t\t\t\t\t\t\t\t<div class=\"col-md-6\">\n\n\t\t\t\t\t\t\t\t\t\t\t<ul class=\"list list-icons list-primary\">\n\t\t\t\t\t\t\t\t\t\t\t\t<li class=\"appear-animation\" data-appear-animation=\"fadeInUp\" data-appear-animation-delay=\"0\"><i class=\"fa fa-check\"></i> Lorem ipsum dolor sit amet, consectetur adipiscing elit.</li>\n\t\t\t\t\t\t\t\t\t\t\t\t<li class=\"appear-animation\" data-appear-animation=\"fadeInUp\" data-appear-animation-delay=\"300\"><i class=\"fa fa-check\"></i> Fusce sit amet orci quis arcu vestibulum vestibulum.</li>\n\t\t\t\t\t\t\t\t\t\t\t\t<li class=\"appear-animation\" data-appear-animation=\"fadeInUp\" data-appear-animation-delay=\"600\"><i class=\"fa fa-check\"></i> Lorem dolor sit amet, consectetur adipiscing.</li>\n\t\t\t\t\t\t\t\t\t\t\t\t<li class=\"appear-animation\" data-appear-animation=\"fadeInUp\" data-appear-animation-delay=\"900\"><i class=\"fa fa-check\"></i> Fusce sit amet orci quis arcu vestibulum.</li>\n\t\t\t\t\t\t\t\t\t\t\t</ul>\n\n\t\t\t\t\t\t\t\t\t\t</div>\n\t\t\t\t\t\t\t\t\t\t<div class=\"col-md-6\">\n\n\t\t\t\t\t\t\t\t\t\t\t<ul class=\"list list-icons list-primary\">\n\t\t\t\t\t\t\t\t\t\t\t\t<li class=\"appear-animation\" data-appear-animation=\"fadeInUp\" data-appear-animation-delay=\"0\"><i class=\"fa fa-check\"></i>Consectetur adipiscing elit.</li>\n\t\t\t\t\t\t\t\t\t\t\t\t<li class=\"appear-animation\" data-appear-animation=\"fadeInUp\" data-appear-animation-delay=\"300\"><i class=\"fa fa-check\"></i> Fusce sit amet orci quis arcu vestibulum vestibulum.</li>\n\t\t\t\t\t\t\t\t\t\t\t\t<li class=\"appear-animation\" data-appear-animation=\"fadeInUp\" data-appear-animation-delay=\"600\"><i class=\"fa fa-check\"></i> Lorem dolor sit amet, consectetur adipiscing.</li>\n\t\t\t\t\t\t\t\t\t\t\t</ul>\n\n\t\t\t\t\t\t\t\t\t\t</div>\n\t\t\t\t\t\t\t\t\t</div>\n\n\t\t\t\t\t\t\t\t</div>\n\t\t\t\t\t\t\t\t<div class=\"tab-pane tab-pane-navigation\" id=\"tabsNavigation2\">\n\n\t\t\t\t\t\t\t\t\t<h3 class=\"mb-none pb-none text-uppercase\">Services & Amenities</h3>\n\t\t\t\t\t\t\t\t\t<div class=\"divider divider-primary divider-small mb-xl mt-none\">\n\t\t\t\t\t\t\t\t\t\t<hr class=\"mt-sm\">\n\t\t\t\t\t\t\t\t\t</div>\n\n\t\t\t\t\t\t\t\t\t<div class=\"row\">\n\t\t\t\t\t\t\t\t\t\t<div class=\"col-md-12\">\n\n\t\t\t\t\t\t\t\t\t\t\t<p class=\"mt-lg lead\">Lorem ipsum dolor sit amet, consectetur adipiscing elit. Integer ultrices malesuada ante quis pharetra. Nullam non bibendum dolor. Ut vel turpis accumsan.</p>\n\n\t\t\t\t\t\t\t\t\t\t\t<p class=\"mt-lg\">Lorem ipsum dolor sit amet, consectetur adipiscing elit. Integer ultrices malesuada ante quis pharetra. Nullam non bibendum dolor. Ut vel turpis accumsan, efficitur dolor fermentum, tincidunt metus ut vel turpis accumsan, efficitur dolor fermentum, tincidunt metus. Etiam ut.</p>\n\n\t\t\t\t\t\t\t\t\t\t</div>\n\t\t\t\t\t\t\t\t\t</div>\n\n\t\t\t\t\t\t\t\t\t<h4 class=\"mt-xl mb-lg pb-none text-uppercase\">Porto Hotel Services</h4>\n\n\t\t\t\t\t\t\t\t\t<div class=\"row\">\n\t\t\t\t\t\t\t\t\t\t<div class=\"col-md-6\">\n\n\t\t\t\t\t\t\t\t\t\t\t<ul class=\"list list-icons list-primary\">\n\t\t\t\t\t\t\t\t\t\t\t\t<li class=\"appear-animation\" data-appear-animation=\"fadeInUp\" data-appear-animation-delay=\"0\"><i class=\"fa fa-check\"></i> Lorem ipsum dolor sit amet, consectetur adipiscing elit.</li>\n\t\t\t\t\t\t\t\t\t\t\t\t<li class=\"appear-animation\" data-appear-animation=\"fadeInUp\" data-appear-animation-delay=\"300\"><i class=\"fa fa-check\"></i> Fusce sit amet orci quis arcu vestibulum vestibulum.</li>\n\t\t\t\t\t\t\t\t\t\t\t\t<li class=\"appear-animation\" data-appear-animation=\"fadeInUp\" data-appear-animation-delay=\"600\"><i class=\"fa fa-check\"></i> Lorem dolor sit amet, consectetur adipiscing.</li>\n\t\t\t\t\t\t\t\t\t\t\t\t<li class=\"appear-animation\" data-appear-animation=\"fadeInUp\" data-appear-animation-delay=\"900\"><i class=\"fa fa-check\"></i> Fusce sit amet orci quis arcu vestibulum.</li>\n\t\t\t\t\t\t\t\t\t\t\t</ul>\n\n\t\t\t\t\t\t\t\t\t\t</div>\n\t\t\t\t\t\t\t\t\t\t<div class=\"col-md-6\">\n\n\t\t\t\t\t\t\t\t\t\t\t<ul class=\"list list-icons list-primary\">\n\t\t\t\t\t\t\t\t\t\t\t\t<li class=\"appear-animation\" data-appear-animation=\"fadeInUp\" data-appear-animation-delay=\"0\"><i class=\"fa fa-check\"></i>Consectetur adipiscing elit.</li>\n\t\t\t\t\t\t\t\t\t\t\t\t<li class=\"appear-animation\" data-appear-animation=\"fadeInUp\" data-appear-animation-delay=\"300\"><i class=\"fa fa-check\"></i> Fusce sit amet orci quis arcu vestibulum vestibulum.</li>\n\t\t\t\t\t\t\t\t\t\t\t\t<li class=\"appear-animation\" data-appear-animation=\"fadeInUp\" data-appear-animation-delay=\"600\"><i class=\"fa fa-check\"></i> Lorem dolor sit amet, consectetur adipiscing.</li>\n\t\t\t\t\t\t\t\t\t\t\t</ul>\n\n\t\t\t\t\t\t\t\t\t\t</div>\n\t\t\t\t\t\t\t\t\t</div>\n\n\t\t\t\t\t\t\t\t\t<h4 class=\"mt-xl mb-lg pb-none text-uppercase\">Amenities</h4>\n\n\t\t\t\t\t\t\t\t\t<div class=\"row\">\n\t\t\t\t\t\t\t\t\t\t<div class=\"col-md-6\">\n\n\t\t\t\t\t\t\t\t\t\t\t<ul class=\"list list-icons list-primary\">\n\t\t\t\t\t\t\t\t\t\t\t\t<li class=\"appear-animation\" data-appear-animation=\"fadeInUp\" data-appear-animation-delay=\"0\"><i class=\"fa fa-check\"></i> Lorem ipsum dolor sit amet, consectetur adipiscing elit.</li>\n\t\t\t\t\t\t\t\t\t\t\t\t<li class=\"appear-animation\" data-appear-animation=\"fadeInUp\" data-appear-animation-delay=\"300\"><i class=\"fa fa-check\"></i> Fusce sit amet orci quis arcu vestibulum vestibulum.</li>\n\t\t\t\t\t\t\t\t\t\t\t\t<li class=\"appear-animation\" data-appear-animation=\"fadeInUp\" data-appear-animation-delay=\"600\"><i class=\"fa fa-check\"></i> Lorem dolor sit amet, consectetur adipiscing.</li>\n\t\t\t\t\t\t\t\t\t\t\t\t<li class=\"appear-animation\" data-appear-animation=\"fadeInUp\" data-appear-animation-delay=\"900\"><i class=\"fa fa-check\"></i> Fusce sit amet orci quis arcu vestibulum.</li>\n\t\t\t\t\t\t\t\t\t\t\t</ul>\n\n\t\t\t\t\t\t\t\t\t\t</div>\n\t\t\t\t\t\t\t\t\t\t<div class=\"col-md-6\">\n\n\t\t\t\t\t\t\t\t\t\t\t<ul class=\"list list-icons list-primary\">\n\t\t\t\t\t\t\t\t\t\t\t\t<li class=\"appear-animation\" data-appear-animation=\"fadeInUp\" data-appear-animation-delay=\"0\"><i class=\"fa fa-check\"></i>Consectetur adipiscing elit.</li>\n\t\t\t\t\t\t\t\t\t\t\t\t<li class=\"appear-animation\" data-appear-animation=\"fadeInUp\" data-appear-animation-delay=\"300\"><i class=\"fa fa-check\"></i> Fusce sit amet orci quis arcu vestibulum vestibulum.</li>\n\t\t\t\t\t\t\t\t\t\t\t\t<li class=\"appear-animation\" data-appear-animation=\"fadeInUp\" data-appear-animation-delay=\"600\"><i class=\"fa fa-check\"></i> Lorem dolor sit amet, consectetur adipiscing.</li>\n\t\t\t\t\t\t\t\t\t\t\t</ul>\n\n\t\t\t\t\t\t\t\t\t\t</div>\n\t\t\t\t\t\t\t\t\t</div>\n\n\t\t\t\t\t\t\t\t</div>\n\t\t\t\t\t\t\t\t<div class=\"tab-pane tab-pane-navigation\" id=\"tabsNavigation3\">\n\n\t\t\t\t\t\t\t\t\t<h3 class=\"mb-none pb-none text-uppercase\">Frequently Asked Questions</h3>\n\t\t\t\t\t\t\t\t\t<div class=\"divider divider-primary divider-small mb-xl mt-none\">\n\t\t\t\t\t\t\t\t\t\t<hr class=\"mt-sm\">\n\t\t\t\t\t\t\t\t\t</div>\n\n\t\t\t\t\t\t\t\t\t<div class=\"row\">\n\t\t\t\t\t\t\t\t\t\t<div class=\"col-md-12\">\n\n\t\t\t\t\t\t\t\t\t\t\t<p class=\"mt-lg lead\">Lorem ipsum dolor sit amet, consectetur adipiscing elit. Nullam non bibendum dolor. Ut vel turpis accumsan.</p>\n\n\t\t\t\t\t\t\t\t\t\t\t<p class=\"mt-lg\">Lorem ipsum dolor sit amet, consectetur adipiscing elit. Integer ultrices malesuada ante quis pharetra. Nullam non bibendum dolor. Ut vel turpis accumsan, efficitur dolor fermentum, tincidunt metus ut vel turpis accumsan.</p>\n\n\t\t\t\t\t\t\t\t\t\t</div>\n\t\t\t\t\t\t\t\t\t</div>\n\n\t\t\t\t\t\t\t\t\t<div class=\"toggle toggle-primary\" data-plugin-toggle>\n\t\t\t\t\t\t\t\t\t\t<section class=\"toggle\">\n\t\t\t\t\t\t\t\t\t\t\t<label>Curabitur eget leo at velit imperdiet vague iaculis vitaes?</label>\n\t\t\t\t\t\t\t\t\t\t\t<p>Lorem ipsum dolor sit amet, consectetur adipiscing elit. Curabitur eget leo at velit imperdiet varius. In eu ipsum vitae velit congue iaculis vitae at risus. Nullam tortor nunc, bibendum vitae semper a, volutpat eget massa. Lorem ipsum dolor sit amet, consectetur adipiscing elit. Integer fringilla, orci sit amet posuere auctor, orci eros pellentesque odio, nec pellentesque erat ligula nec massa. Aenean consequat lorem ut felis ullamcorper posuere gravida tellus faucibus. Maecenas dolor elit, pulvinar eu vehicula eu, consequat et lacus. Duis et purus ipsum. In auctor mattis ipsum id molestie. Donec risus nulla, fringilla a rhoncus vitae, semper a massa. Vivamus ullamcorper, enim sit amet consequat laoreet, tortor tortor dictum urna, ut egestas urna ipsum nec libero. Nulla justo leo, molestie vel tempor nec, egestas at massa. Aenean pulvinar, felis porttitor iaculis pulvinar, odio orci sodales odio, ac pulvinar felis quam sit.</p>\n\t\t\t\t\t\t\t\t\t\t</section>\n\n\t\t\t\t\t\t\t\t\t\t<section class=\"toggle\">\n\t\t\t\t\t\t\t\t\t\t\t<label>Curabitur eget leo at velit imperdiet viaculis vitaes?</label>\n\t\t\t\t\t\t\t\t\t\t\t<p>Lorem ipsum dolor sit amet, consectetur adipiscing elit. Curabitur eget leo at velit imperdiet varius. In eu ipsum vitae velit congue iaculis vitae at risus. Nullam tortor nunc, bibendum vitae semper a, volutpat eget massa.</p>\n\t\t\t\t\t\t\t\t\t\t</section>\n\n\t\t\t\t\t\t\t\t\t\t<section class=\"toggle\">\n\t\t\t\t\t\t\t\t\t\t\t<label>Curabitur eget leo at velit imperdiet varius iaculis vitaes?</label>\n\t\t\t\t\t\t\t\t\t\t\t<p>Lorem ipsum dolor sit amet, consectetur adipiscing elit. Curabitur eget leo at velit imperdiet varius. In eu ipsum vitae velit congue iaculis vitae at risus. Nullam tortor nunc, bibendum vitae semper a, volutpat eget massa. Lorem ipsum dolor sit amet, consectetur adipiscing elit. Integer fringilla, orci sit amet posuere auctor, orci eros pellentesque odio, nec pellentesque erat ligula nec massa. Aenean consequat lorem ut felis ullamcorper posuere gravida tellus faucibus. Maecenas dolor elit, pulvinar eu vehicula eu, consequat et lacus. Duis et purus ipsum. In auctor mattis ipsum id molestie. Donec risus nulla, fringilla a rhoncus vitae, semper a massa. Vivamus ullamcorper, enim sit amet consequat laoreet, tortor tortor dictum urna, ut egestas urna ipsum nec libero. Nulla justo leo, molestie vel tempor nec, egestas at massa. Aenean pulvinar, felis porttitor iaculis pulvinar, odio orci sodales odio, ac pulvinar felis quam sit.</p>\n\t\t\t\t\t\t\t\t\t\t</section>\n\n\t\t\t\t\t\t\t\t\t\t<section class=\"toggle\">\n\t\t\t\t\t\t\t\t\t\t\t<label>Curabitur eget leo at velit imperdiet vague iaculis vitaes?</label>\n\t\t\t\t\t\t\t\t\t\t\t<p>Lorem ipsum dolor sit amet, consectetur adipiscing elit. Curabitur eget leo at velit imperdiet varius. In eu ipsum vitae velit congue iaculis vitae at risus. Nullam tortor nunc, bibendum vitae semper a, volutpat eget massa. Lorem ipsum dolor sit amet, consectetur adipiscing elit. Integer fringilla, orci sit amet posuere auctor, orci eros pellentesque odio, nec pellentesque erat ligula nec massa. Aenean consequat lorem ut felis ullamcorper posuere gravida tellus faucibus. Maecenas dolor elit, pulvinar eu vehicula eu, consequat et lacus. Duis et purus ipsum. In auctor mattis ipsum id molestie. Donec risus nulla, fringilla a rhoncus vitae, semper a massa. Vivamus ullamcorper, enim sit amet consequat laoreet, tortor tortor dictum urna, ut egestas urna ipsum nec libero. Nulla justo leo, molestie vel tempor nec, egestas at massa. Aenean pulvinar, felis porttitor iaculis pulvinar, odio orci sodales odio, ac pulvinar felis quam sit.</p>\n\t\t\t\t\t\t\t\t\t\t</section>\n\n\t\t\t\t\t\t\t\t\t\t<section class=\"toggle\">\n\t\t\t\t\t\t\t\t\t\t\t<label>Curabitur eget leo at velit imperdiet viaculis vitaes?</label>\n\t\t\t\t\t\t\t\t\t\t\t<p>Lorem ipsum dolor sit amet, consectetur adipiscing elit. Curabitur eget leo at velit imperdiet varius. In eu ipsum vitae velit congue iaculis vitae at risus. Nullam tortor nunc, bibendum vitae semper a, volutpat eget massa.</p>\n\t\t\t\t\t\t\t\t\t\t</section>\n\n\t\t\t\t\t\t\t\t\t\t<section class=\"toggle\">\n\t\t\t\t\t\t\t\t\t\t\t<label>Curabitur eget leo at velit imperdiet varius iaculis vitaes?</label>\n\t\t\t\t\t\t\t\t\t\t\t<p>Lorem ipsum dolor sit amet, consectetur adipiscing elit. Curabitur eget leo at velit imperdiet varius. In eu ipsum vitae velit congue iaculis vitae at risus. Nullam tortor nunc, bibendum vitae semper a, volutpat eget massa. Lorem ipsum dolor sit amet, consectetur adipiscing elit. Integer fringilla, orci sit amet posuere auctor, orci eros pellentesque odio, nec pellentesque erat ligula nec massa. Aenean consequat lorem ut felis ullamcorper posuere gravida tellus faucibus. Maecenas dolor elit, pulvinar eu vehicula eu, consequat et lacus. Duis et purus ipsum. In auctor mattis ipsum id molestie. Donec risus nulla, fringilla a rhoncus vitae, semper a massa. Vivamus ullamcorper, enim sit amet consequat laoreet, tortor tortor dictum urna, ut egestas urna ipsum nec libero. Nulla justo leo, molestie vel tempor nec, egestas at massa. Aenean pulvinar, felis porttitor iaculis pulvinar, odio orci sodales odio, ac pulvinar felis quam sit.</p>\n\t\t\t\t\t\t\t\t\t\t</section>\n\n\t\t\t\t\t\t\t\t\t\t<section class=\"toggle\">\n\t\t\t\t\t\t\t\t\t\t\t<label>Curabitur eget leo at velit imperdiet vague iaculis vitaes?</label>\n\t\t\t\t\t\t\t\t\t\t\t<p>Lorem ipsum dolor sit amet, consectetur adipiscing elit. Curabitur eget leo at velit imperdiet varius. In eu ipsum vitae velit congue iaculis vitae at risus. Nullam tortor nunc, bibendum vitae semper a, volutpat eget massa. Lorem ipsum dolor sit amet, consectetur adipiscing elit. Integer fringilla, orci sit amet posuere auctor, orci eros pellentesque odio, nec pellentesque erat ligula nec massa. Aenean consequat lorem ut felis ullamcorper posuere gravida tellus faucibus. Maecenas dolor elit, pulvinar eu vehicula eu, consequat et lacus. Duis et purus ipsum. In auctor mattis ipsum id molestie. Donec risus nulla, fringilla a rhoncus vitae, semper a massa. Vivamus ullamcorper, enim sit amet consequat laoreet, tortor tortor dictum urna, ut egestas urna ipsum nec libero. Nulla justo leo, molestie vel tempor nec, egestas at massa. Aenean pulvinar, felis porttitor iaculis pulvinar, odio orci sodales odio, ac pulvinar felis quam sit.</p>\n\t\t\t\t\t\t\t\t\t\t</section>\n\n\t\t\t\t\t\t\t\t\t\t<section class=\"toggle\">\n\t\t\t\t\t\t\t\t\t\t\t<label>Curabitur eget leo at velit imperdiet viaculis vitaes?</label>\n\t\t\t\t\t\t\t\t\t\t\t<p>Lorem ipsum dolor sit amet, consectetur adipiscing elit. Curabitur eget leo at velit imperdiet varius. In eu ipsum vitae velit congue iaculis vitae at risus. Nullam tortor nunc, bibendum vitae semper a, volutpat eget massa.</p>\n\t\t\t\t\t\t\t\t\t\t</section>\n\n\t\t\t\t\t\t\t\t\t\t<section class=\"toggle\">\n\t\t\t\t\t\t\t\t\t\t\t<label>Curabitur eget leo at velit imperdiet varius iaculis vitaes?</label>\n\t\t\t\t\t\t\t\t\t\t\t<p>Lorem ipsum dolor sit amet, consectetur adipiscing elit. Curabitur eget leo at velit imperdiet varius. In eu ipsum vitae velit congue iaculis vitae at risus. Nullam tortor nunc, bibendum vitae semper a, volutpat eget massa. Lorem ipsum dolor sit amet, consectetur adipiscing elit. Integer fringilla, orci sit amet posuere auctor, orci eros pellentesque odio, nec pellentesque erat ligula nec massa. Aenean consequat lorem ut felis ullamcorper posuere gravida tellus faucibus. Maecenas dolor elit, pulvinar eu vehicula eu, consequat et lacus. Duis et purus ipsum. In auctor mattis ipsum id molestie. Donec risus nulla, fringilla a rhoncus vitae, semper a massa. Vivamus ullamcorper, enim sit amet consequat laoreet, tortor tortor dictum urna, ut egestas urna ipsum nec libero. Nulla justo leo, molestie vel tempor nec, egestas at massa. Aenean pulvinar, felis porttitor iaculis pulvinar, odio orci sodales odio, ac pulvinar felis quam sit.</p>\n\t\t\t\t\t\t\t\t\t\t</section>\n\t\t\t\t\t\t\t\t\t</div>\n\n\t\t\t\t\t\t\t\t</div>\n\t\t\t\t\t\t\t</div>\n\t\t\t\t\t\t\t\t\n\t\t\t\t\t\t</div>\n","class":"","global_text_color":"","global_link_color":"","global_link_hover_color":"","global_use_background":"0","global_background_color":"","global_background_image":"","global_background_repeat":"no-repeat","global_background_size":"cover","global_background_attachment":"inherit","global_user_border":"0","global_border_width":"","global_border_color":"","global_boder_style":"none","global_border_radius":"","global_margin":"","global_padding":"","global_use_animation":"0","global_animation":"","global_animationduration":"300","global_animationdelay":"0","hidden_md":"0","hidden_sm":"0","hidden_xs":"0","acl":null}}]}]}]