[{"id":1491895497524,"visibility":true,"collapse":false,"settings":{"admin_label":"Contact header","title":"","heading_selector":"h3","title_fontsize":"","title_fontweight":"","title_text_color":"","title_margin_top":"","title_margin_bottom":"","subtitle":"","subtitle_fontsize":"","title_position":"sppb-text-center","columns_equal_height":"0","fullscreen":"0","no_gutter":"0","id":"","class":"","padding":"50px 0px 50px 0px","margin":"0px 0px 0px 0px","color":"","background_color":"","background_image":"images/joomlabuff/photography/custom-header-bg.jpg","overlay":"","background_repeat":"no-repeat","background_size":"cover","background_attachment":"inherit","background_position":"0 0","background_video":"0","background_video_mp4":"","background_video_ogv":"","hidden_xs":"","hidden_sm":"","hidden_md":"","animation":"","animationduration":"300","animationdelay":"0"},"layout":"12","columns":[{"id":1491724155997,"class_name":"col-md-12","visibility":true,"settings":{},"addons":[{"id":1491724156000,"name":"heading","visibility":true,"settings":{"admin_label":"contact header title","title":"Contact us","heading_selector":"h1","use_link":"0","title_link":"","link_new_tab":"0","title_fontsize":"","title_fontstyle":null,"title_fontweight":"400","title_lineheight":"","title_letterspace":"0","title_margin":"0px 0px 30px 0px","title_padding":"0px 0px 0px 0px","alignment":"sppb-text-center","class":"","global_text_color":"","global_link_color":"","global_link_hover_color":"","global_use_background":"0","global_background_color":"","global_background_image":"","global_background_repeat":"no-repeat","global_background_size":"cover","global_background_attachment":"inherit","global_user_border":"0","global_border_width":"","global_border_color":"","global_boder_style":"none","global_border_radius":"","global_margin":"","global_padding":"","global_use_animation":"0","global_animation":"","global_animationduration":"300","global_animationdelay":"0","hidden_md":"0","hidden_sm":"0","hidden_xs":"0","acl":null}}]}]},{"id":1491895497516,"visibility":true,"collapse":false,"settings":{"padding":"50px 0px 50px 0px","margin":"0px 0px 0px 0px"},"layout":"4,8","columns":[{"id":1491726192487,"class_name":"col-md-4","visibility":true,"settings":{},"addons":[{"id":1491726192491,"name":"carousel","visibility":true,"settings":{"admin_label":"about me image slider","autoplay":"1","controllers":"1","arrows":"0","alignment":"sppb-text-center","class":"","sp_carousel_item":[{"title":"","content":"","bg":"images/joomlabuff/photography/about/photographer-2-1.jpg","button_text":"Button Text","button_fontstyle":null,"button_letterspace":"0","button_url":"","button_target":"","button_type":"default","button_appearance":"","button_background_color":"#444444","button_color":"#ffffff","button_background_color_hover":"#222222","button_color_hover":"#ffffff","button_size":"","button_shape":"rounded","button_block":"","button_icon":"","button_icon_position":"left"},{"title":"","content":"","bg":"images/joomlabuff/photography/about/photographer-2-2.jpg","button_text":"Button Text","button_fontstyle":null,"button_letterspace":"0","button_url":"","button_target":"","button_type":"default","button_appearance":"","button_background_color":"#444444","button_color":"#ffffff","button_background_color_hover":"#222222","button_color_hover":"#ffffff","button_size":"","button_shape":"rounded","button_block":"","button_icon":"","button_icon_position":"left"}],"global_text_color":"","global_link_color":"","global_link_hover_color":"","global_use_background":"0","global_background_color":"","global_background_image":"","global_background_repeat":"no-repeat","global_background_size":"cover","global_background_attachment":"inherit","global_user_border":"0","global_border_width":"","global_border_color":"","global_boder_style":"none","global_border_radius":"","global_margin":"","global_padding":"","global_use_animation":"0","global_animation":"","global_animationduration":"300","global_animationdelay":"0","hidden_md":"0","hidden_sm":"0","hidden_xs":"0","acl":null}},{"id":1491726192503,"name":"raw_html","visibility":true,"settings":{"admin_label":"","title":"","heading_selector":"h3","title_fontsize":"","title_lineheight":"","title_fontstyle":null,"title_letterspace":"0","title_fontweight":"","title_text_color":"","title_margin_top":"","title_margin_bottom":"","html":"<h2 class=\"font-weight-bold mb-sm custom-font-size-1\">Jessica Doe</h2>\n<h5 class=\"mb-xl\">photographer</h5>\n<div class=\"row mb-xl\">\n\t\t\t\t\t\t\t\t<div class=\"col-md-6\">\n\t\t\t\t\t\t\t\t\t<ul class=\"list list-icons list-icons-style-2 text-color-primary\">\n\t\t\t\t\t\t\t\t\t\t<li><i class=\"fa fa-map-marker\"></i>New York - NY</li>\n\t\t\t\t\t\t\t\t\t\t<li><i class=\"fa fa-phone\"></i>(123) 456-789</li>\n\t\t\t\t\t\t\t\t\t\t<li><a href=\"demo-photography-contact-me.html\"><i class=\"fa fa-envelope\"></i>Contact Me</a></li>\n\t\t\t\t\t\t\t\t\t</ul>\n\t\t\t\t\t\t\t\t</div>\n\t\t\t\t\t\t\t\t<div class=\"col-md-6\">\n\t\t\t\t\t\t\t\t\t<ul class=\"list list-icons list-icons-style-2 text-color-primary\">\n\t\t\t\t\t\t\t\t\t\t<li><a target=\"_blank\" href=\"http://www.facebook.com\"><i class=\"fa fa-facebook\"></i>Facebook</a></li>\n\t\t\t\t\t\t\t\t\t\t<li><a target=\"_blank\" href=\"http://www.facebook.com\"><i class=\"fa fa-twitter\"></i>Twitter</a></li>\n\t\t\t\t\t\t\t\t\t\t<li><a target=\"_blank\" href=\"http://www.instagram.com\"><i class=\"fa fa-instagram\"></i>Instagram</a></li>\n\t\t\t\t\t\t\t\t\t</ul>\n\t\t\t\t\t\t\t\t</div>\n\t\t\t\t\t\t\t</div>","class":"","global_text_color":"","global_link_color":"","global_link_hover_color":"","global_use_background":"0","global_background_color":"","global_background_image":"","global_background_repeat":"no-repeat","global_background_size":"cover","global_background_attachment":"inherit","global_user_border":"0","global_border_width":"","global_border_color":"","global_boder_style":"none","global_border_radius":"","global_margin":"","global_padding":"","global_use_animation":"0","global_animation":"","global_animationduration":"300","global_animationdelay":"0","hidden_md":"0","hidden_sm":"0","hidden_xs":"0","acl":null}}]},{"id":1491726192488,"class_name":"col-md-8","visibility":true,"settings":{},"addons":[{"id":1491726192498,"name":"raw_html","visibility":true,"settings":{"admin_label":"","title":"","heading_selector":"h3","title_fontsize":"","title_lineheight":"","title_fontstyle":null,"title_letterspace":"0","title_fontweight":"","title_text_color":"","title_margin_top":"","title_margin_bottom":"","html":"<p>Lorem ipsum dolor sit amet, <strong>consectetur adipiscing elit</strong>. Curabitur hendrerit, leo vitae interdum pretium, tortor risus dapibus tortor, eu suscipit orci leo sed nisl. Integer et ipsum eu nulla auctor mattis sit amet in diam. Vestibulum non ornare arcu. Class aptent taciti sociosqu ad.</p>","class":"","global_text_color":"","global_link_color":"","global_link_hover_color":"","global_use_background":"0","global_background_color":"","global_background_image":"","global_background_repeat":"no-repeat","global_background_size":"cover","global_background_attachment":"inherit","global_user_border":"0","global_border_width":"","global_border_color":"","global_boder_style":"none","global_border_radius":"","global_margin":"","global_padding":"","global_use_animation":"0","global_animation":"","global_animationduration":"300","global_animationdelay":"0","hidden_md":"0","hidden_sm":"0","hidden_xs":"0","acl":null}},{"id":1491895497519,"name":"ajax_contact","visibility":true,"settings":{"admin_label":"Contact form","title":"","heading_selector":"h3","title_fontsize":"","title_lineheight":"","title_fontstyle":null,"title_letterspace":"0","title_fontweight":"","title_text_color":"","title_margin_top":"","title_margin_bottom":"","recipient_email":"email@yourdomain.com","formcaptcha":"1","captcha_question":"3 + 4 = ?","captcha_answer":"7","use_custom_button":"1","button_text":"Send Message","button_fontstyle":null,"button_letterspace":"0","button_type":"primary","button_appearance":"","button_background_color":"#444444","button_color":"#ffffff","button_background_color_hover":"#222222","button_color_hover":"#ffffff","button_size":"","button_shape":"square","button_block":"","button_icon":"","button_icon_position":"left","class":"jb-digital-form","global_text_color":"","global_link_color":"","global_link_hover_color":"","global_use_background":"0","global_background_color":"","global_background_image":"","global_background_repeat":"no-repeat","global_background_size":"cover","global_background_attachment":"inherit","global_user_border":"0","global_border_width":"","global_border_color":"","global_boder_style":"none","global_border_radius":"","global_margin":"","global_padding":"","global_use_animation":"0","global_animation":"","global_animationduration":"300","global_animationdelay":"0","hidden_md":"0","hidden_sm":"0","hidden_xs":"0","acl":null}}]}]}]