[{"id":1491735756648,"visibility":true,"collapse":false,"settings":{"admin_label":"","title":"","heading_selector":"h3","title_fontsize":"","title_fontweight":"","title_text_color":"","title_margin_top":"","title_margin_bottom":"","subtitle":"","subtitle_fontsize":"","title_position":"sppb-text-center","columns_equal_height":"0","fullscreen":"1","no_gutter":"1","id":"","class":"","padding":"0 0 0 0px","margin":"0px 0px 0px 0px","color":"","background_color":"","background_image":"","overlay":"","background_repeat":"no-repeat","background_size":"cover","background_attachment":"fixed","background_position":"0 0","background_video":"0","background_video_mp4":"","background_video_ogv":"","hidden_xs":"","hidden_sm":"","hidden_md":"","animation":"","animationduration":"300","animationdelay":"0"},"layout":"12","columns":[{"id":1491735756649,"class_name":"col-md-12","visibility":true,"settings":{},"addons":[{"id":1491736108944,"name":"module","visibility":true,"settings":{"admin_label":"about us slider","title":"","heading_selector":"h3","title_fontsize":"","title_lineheight":"","title_fontstyle":null,"title_letterspace":"0","title_fontweight":"","title_text_color":"","title_margin_top":"","title_margin_bottom":"","module_type":"module","id":"251","position":"","class":"","global_text_color":"","global_link_color":"","global_link_hover_color":"","global_use_background":"0","global_background_color":"","global_background_image":"","global_background_repeat":"no-repeat","global_background_size":"cover","global_background_attachment":"inherit","global_user_border":"0","global_border_width":"","global_border_color":"","global_boder_style":"none","global_border_radius":"","global_margin":"","global_padding":"","global_use_animation":"0","global_animation":"","global_animationduration":"300","global_animationdelay":"0","hidden_md":"0","hidden_sm":"0","hidden_xs":"0","acl":null}}]}]},{"id":1491736108945,"visibility":true,"collapse":false,"settings":{"admin_label":"","title":"","heading_selector":"h3","title_fontsize":"","title_fontweight":"","title_text_color":"","title_margin_top":"","title_margin_bottom":"","subtitle":"","subtitle_fontsize":"","title_position":"sppb-text-center","columns_equal_height":"0","fullscreen":"0","no_gutter":"0","id":"","class":"","padding":"0 0px 0 0px","margin":"0px 0px 0px 0px","color":"","background_color":"","background_image":"","overlay":"","background_repeat":"no-repeat","background_size":"cover","background_attachment":"fixed","background_position":"0 0","background_video":"0","background_video_mp4":"","background_video_ogv":"","hidden_xs":"","hidden_sm":"","hidden_md":"","animation":"","animationduration":"300","animationdelay":"0"},"layout":"12","columns":[{"id":1491736108946,"class_name":"col-md-12","visibility":true,"settings":{},"addons":[{"id":1491736108951,"name":"raw_html","visibility":true,"settings":{"admin_label":"","title":"","heading_selector":"h3","title_fontsize":"","title_lineheight":"","title_fontstyle":null,"title_letterspace":"0","title_fontweight":"","title_text_color":"","title_margin_top":"","title_margin_bottom":"","html":"<div class=\"row center pt-xlg mt-xlg pb-lg\">\n\t\t\t\t\t\t\t<h2 class=\"font-weight-normal custom-font-size-1 mb-lg\">We Love What We Do</h2>\n\t\t\t\t\t\t\t\t<p>Lorem ipsum dolor sit amet, consectetur adipiscing elit. Fusce consectetur diam id urna lobortis, at consectetur odio euismod. Maecenas eleifend semper vulputate. Integer pellentesque massa et felis aliquam, a pharetra mauris bibendum. Nullam ullamcorper enim id aliquet convallis. Cras pellentesque, ipsum sollicitudin suscipit mollis, nibh nisi facilisis lorem.</p>\n\t\t\t\t\t\t</div>","class":"","global_text_color":"","global_link_color":"","global_link_hover_color":"","global_use_background":"0","global_background_color":"","global_background_image":"","global_background_repeat":"no-repeat","global_background_size":"cover","global_background_attachment":"inherit","global_user_border":"0","global_border_width":"","global_border_color":"","global_boder_style":"none","global_border_radius":"","global_margin":"","global_padding":"","global_use_animation":"0","global_animation":"","global_animationduration":"300","global_animationdelay":"0","hidden_md":"0","hidden_sm":"0","hidden_xs":"0","acl":null}}]}]},{"id":1491830438297,"visibility":true,"collapse":false,"settings":{"admin_label":"Our Photographers","title":"Our Photographers","heading_selector":"h2","title_fontsize":"26","title_fontweight":"400","title_text_color":"","title_margin_top":"30","title_margin_bottom":"30","subtitle":"","subtitle_fontsize":"","title_position":"sppb-text-center","columns_equal_height":"0","fullscreen":"1","no_gutter":"1","id":"","class":"","padding":"0px 0px 0px 0px","margin":"0px 0px 0px 0px","color":"","background_color":"rgba(236, 242, 244, 1)","background_image":"","overlay":"","background_repeat":"no-repeat","background_size":"cover","background_attachment":"fixed","background_position":"0 0","background_video":"0","background_video_mp4":"","background_video_ogv":"","hidden_xs":"","hidden_sm":"","hidden_md":"","animation":"","animationduration":"300","animationdelay":"0"},"layout":"12","columns":[{"id":1491830438298,"class_name":"col-md-12","visibility":true,"settings":{},"addons":[{"id":1491830660326,"name":"portoteamadvanced","visibility":true,"settings":{"admin_label":" Our Photographers","title":"","description":"","items":"6","loop":"1","mouseDrag":"1","autoplay":"1","autoplay_interval":"5000","nav":"1","dots":"0","style":"style1","enable_social_links":"1","sp_portoteamadvanced_item":[{"name":"John Doe","designation":"Photographer ","desc":"","avatar":"images/joomlabuff/photography/about/photographer-1.jpg","avatar1":"","avatar2":"","facebook":"http://www.facebook.com/joomlabuff","twitter":"http://twitter.com/joomlabuff","google_plus":"","youtube":"","linkedin":"","pinterest":"#","flickr":"","dribbble":"","behance":"","instagram":""},{"name":"Jessica Doe","designation":"Photographer ","desc":"","avatar":"images/joomlabuff/photography/about/photographer-2.jpg","avatar1":"","avatar2":"","facebook":"http://www.facebook.com/joomlabuff","twitter":"http://twitter.com/joomlabuff","google_plus":"","youtube":"","linkedin":"","pinterest":"#","flickr":"","dribbble":"","behance":"","instagram":""},{"name":"Bobby Doe","designation":"Photographer ","desc":"","avatar":"images/joomlabuff/photography/about/photographer-3.jpg","avatar1":"","avatar2":"","facebook":"http://www.facebook.com/joomlabuff","twitter":"http://twitter.com/joomlabuff","google_plus":"","youtube":"","linkedin":"","pinterest":"#","flickr":"","dribbble":"","behance":"","instagram":""},{"name":"Jennifer don","designation":"Photographer ","desc":"","avatar":"images/joomlabuff/photography/about/photographer-4.jpg","avatar1":"","avatar2":"","facebook":"http://www.facebook.com/joomlabuff","twitter":"http://twitter.com/joomlabuff","google_plus":"","youtube":"","linkedin":"","pinterest":"#","flickr":"","dribbble":"","behance":"","instagram":""},{"name":"Monica","designation":"Photographer ","desc":"","avatar":"images/joomlabuff/photography/about/photographer-5.jpg","avatar1":"","avatar2":"","facebook":"http://www.facebook.com/joomlabuff","twitter":"http://twitter.com/joomlabuff","google_plus":"","youtube":"","linkedin":"","pinterest":"#","flickr":"","dribbble":"","behance":"","instagram":""},{"name":"Donald duck","designation":"Photographer ","desc":"","avatar":"images/joomlabuff/photography/about/photographer-7.jpg","avatar1":"","avatar2":"","facebook":"http://www.facebook.com/joomlabuff","twitter":"http://twitter.com/joomlabuff","google_plus":"","youtube":"","linkedin":"","pinterest":"#","flickr":"","dribbble":"","behance":"","instagram":""}],"class":"","global_text_color":"","global_link_color":"","global_link_hover_color":"","global_use_background":"0","global_background_color":"","global_background_image":"","global_background_repeat":"no-repeat","global_background_size":"cover","global_background_attachment":"inherit","global_user_border":"0","global_border_width":"","global_border_color":"","global_boder_style":"none","global_border_radius":"","global_margin":"","global_padding":"","global_use_animation":"0","global_animation":"","global_animationduration":"300","global_animationdelay":"0","hidden_md":"0","hidden_sm":"0","hidden_xs":"0","acl":null}}]}]},{"id":1491736951250,"visibility":true,"collapse":false,"settings":{"admin_label":"","title":"Our Services","heading_selector":"h2","title_fontsize":"26","title_fontweight":"","title_text_color":"","title_margin_top":"","title_margin_bottom":"","subtitle":"","subtitle_fontsize":"","title_position":"sppb-text-center","columns_equal_height":"0","fullscreen":"0","no_gutter":"0","id":"","class":"","padding":"50px 0px 50px 0px","margin":"0px 0px 0px 0px","color":"","background_color":"","background_image":"","overlay":"","background_repeat":"no-repeat","background_size":"cover","background_attachment":"fixed","background_position":"0 0","background_video":"0","background_video_mp4":"","background_video_ogv":"","hidden_xs":"","hidden_sm":"","hidden_md":"","animation":"","animationduration":"300","animationdelay":"0"},"layout":"4,4,4","columns":[{"id":1491736951251,"class_name":"col-md-4","visibility":true,"settings":{},"addons":[{"id":1491736951256,"name":"raw_html","visibility":true,"settings":{"admin_label":"","title":"","heading_selector":"h3","title_fontsize":"","title_lineheight":"","title_fontstyle":null,"title_letterspace":"0","title_fontweight":"","title_text_color":"","title_margin_top":"","title_margin_bottom":"","html":"<div class=\"feature-box feature-box-style-2\">\n\t\t\t\t\t\t\t\t\t<div class=\"feature-box-icon\">\n\t\t\t\t\t\t\t\t\t\t<img src=\"images/joomlabuff/photography/about/our-services-1.jpg\" alt=\"\">\n\t\t\t\t\t\t\t\t\t</div>\n\t\t\t\t\t\t\t\t\t<div class=\"feature-box-info ml-md\">\n\t\t\t\t\t\t\t\t\t\t<h4 class=\"font-weight-normal text-lg\">Model Portfolio</h4>\n\t\t\t\t\t\t\t\t\t\t<p>Lorem ipsum dolor sit amet, consectetur adipiscing elit. Fusce consectetur diam id urna.</p>\n\t\t\t\t\t\t\t\t\t</div>\n\t\t\t\t\t\t\t\t</div>","class":"our-services","global_text_color":"","global_link_color":"","global_link_hover_color":"","global_use_background":"0","global_background_color":"","global_background_image":"","global_background_repeat":"no-repeat","global_background_size":"cover","global_background_attachment":"inherit","global_user_border":"0","global_border_width":"","global_border_color":"","global_boder_style":"none","global_border_radius":"","global_margin":"","global_padding":"","global_use_animation":"0","global_animation":"","global_animationduration":"300","global_animationdelay":"0","hidden_md":"0","hidden_sm":"0","hidden_xs":"0","acl":null}}]},{"id":1491736951252,"class_name":"col-md-4","visibility":true,"settings":{},"addons":[{"id":1491736951261,"name":"raw_html","visibility":true,"settings":{"admin_label":"","title":"","heading_selector":"h3","title_fontsize":"","title_lineheight":"","title_fontstyle":null,"title_letterspace":"0","title_fontweight":"","title_text_color":"","title_margin_top":"","title_margin_bottom":"","html":"<div class=\"feature-box feature-box-style-2\">\n\t\t\t\t\t\t\t\t\t<div class=\"feature-box-icon\">\n\t\t\t\t\t\t\t\t\t\t<img src=\"images/joomlabuff/photography/about/our-services-2.jpg\" alt=\"\">\n\t\t\t\t\t\t\t\t\t</div>\n\t\t\t\t\t\t\t\t\t<div class=\"feature-box-info ml-md\">\n\t\t\t\t\t\t\t\t\t\t<h4 class=\"font-weight-normal text-lg\">Corporate Photo</h4>\n\t\t\t\t\t\t\t\t\t\t<p>Lorem ipsum dolor sit amet, consectetur adipiscing elit. Fusce consectetur diam id urna.</p>\n\t\t\t\t\t\t\t\t\t</div>\n\t\t\t\t\t\t\t\t</div>","class":"our-services","global_text_color":"","global_link_color":"","global_link_hover_color":"","global_use_background":"0","global_background_color":"","global_background_image":"","global_background_repeat":"no-repeat","global_background_size":"cover","global_background_attachment":"inherit","global_user_border":"0","global_border_width":"","global_border_color":"","global_boder_style":"none","global_border_radius":"","global_margin":"","global_padding":"","global_use_animation":"0","global_animation":"","global_animationduration":"300","global_animationdelay":"0","hidden_md":"0","hidden_sm":"0","hidden_xs":"0","acl":null}}]},{"id":1491736951253,"class_name":"col-md-4","visibility":true,"settings":{},"addons":[{"id":1491736951264,"name":"raw_html","visibility":true,"settings":{"admin_label":"","title":"","heading_selector":"h3","title_fontsize":"","title_lineheight":"","title_fontstyle":null,"title_letterspace":"0","title_fontweight":"","title_text_color":"","title_margin_top":"","title_margin_bottom":"","html":"<div class=\"feature-box feature-box-style-2 hidden-vertical-line\">\n\t\t\t\t\t\t\t\t\t<div class=\"feature-box-icon\">\n\t\t\t\t\t\t\t\t\t\t<img src=\"images/joomlabuff/photography/about/our-services-3.jpg\" alt=\"\">\n\t\t\t\t\t\t\t\t\t</div>\n\t\t\t\t\t\t\t\t\t<div class=\"feature-box-info ml-md\">\n\t\t\t\t\t\t\t\t\t\t<h4 class=\"font-weight-normal text-lg\">Wedding Photos</h4>\n\t\t\t\t\t\t\t\t\t\t<p>Lorem ipsum dolor sit amet, consectetur adipiscing elit. Fusce consectetur diam id urna.</p>\n\t\t\t\t\t\t\t\t\t</div>\n\t\t\t\t\t\t\t\t</div>","class":"our-services","global_text_color":"","global_link_color":"","global_link_hover_color":"","global_use_background":"0","global_background_color":"","global_background_image":"","global_background_repeat":"no-repeat","global_background_size":"cover","global_background_attachment":"inherit","global_user_border":"0","global_border_width":"","global_border_color":"","global_boder_style":"none","global_border_radius":"","global_margin":"","global_padding":"","global_use_animation":"0","global_animation":"","global_animationduration":"300","global_animationdelay":"0","hidden_md":"0","hidden_sm":"0","hidden_xs":"0","acl":null}}]}]},{"id":1491745756620,"visibility":true,"collapse":false,"settings":{"admin_label":" Why Choose Us","title":"Why Choose Us","heading_selector":"h2","title_fontsize":"26","title_fontweight":"400","title_text_color":"rgba(255, 255, 255, 1)","title_margin_top":"","title_margin_bottom":"","subtitle":"","subtitle_fontsize":"","title_position":"sppb-text-center","columns_equal_height":"0","fullscreen":"0","no_gutter":"0","id":"","class":"","padding":"50px 0px 50px 0px","margin":"0px 0px 0px 0px","color":"","background_color":"rgba(24, 32, 39, 1)","background_image":"","overlay":"","background_repeat":"no-repeat","background_size":"cover","background_attachment":"fixed","background_position":"0 0","background_video":"0","background_video_mp4":"","background_video_ogv":"","hidden_xs":"","hidden_sm":"","hidden_md":"","animation":"","animationduration":"300","animationdelay":"0"},"layout":"12","columns":[{"id":1491745756623,"class_name":"col-md-12","visibility":true,"settings":{},"addons":[{"id":1491745756629,"type":"inner_row","settings":{"admin_label":"","title":"","heading_selector":"h3","title_fontsize":"","title_fontweight":"","title_text_color":"","title_margin_top":"","title_margin_bottom":"","subtitle":"","subtitle_fontsize":"","title_position":"sppb-text-center","columns_equal_height":"0","fullscreen":"0","no_gutter":"0","id":"","class":"why-choose-us","padding":"0 0px 0 0px","margin":"0px 0px 0px 0px","color":"","background_color":"","background_image":"","overlay":"","background_repeat":"no-repeat","background_size":"cover","background_attachment":"fixed","background_position":"0 0","background_video":"0","background_video_mp4":"","background_video_ogv":"","hidden_xs":"","hidden_sm":"","hidden_md":"","animation":"","animationduration":"300","animationdelay":"0"},"layout":"4,4,4","visibility":true,"columns":[{"id":1491745756630,"class_name":"col-md-4","visibility":true,"settings":{},"addons":[{"id":1491745756626,"name":"raw_html","visibility":true,"settings":{"admin_label":"","title":"","heading_selector":"h3","title_fontsize":"","title_lineheight":"","title_fontstyle":null,"title_letterspace":"0","title_fontweight":"","title_text_color":"","title_margin_top":"","title_margin_bottom":"","html":"<div class=\"feature-box feature-box-style-2\">\n\t\t\t\t\t\t\t\t\t<div class=\"feature-box-icon\">\n\t\t\t\t\t\t\t\t\t\t<img src=\"images/joomlabuff/photography/about/why-choose-us-1.png\" alt=\"\" class=\"img-responsive\">\n\t\t\t\t\t\t\t\t\t</div>\n\t\t\t\t\t\t\t\t\t<div class=\"feature-box-info\">\n\t\t\t\t\t\t\t\t\t\t<h4 class=\"font-weight-normal text-color-light text-lg\">Experience</h4>\n\t\t\t\t\t\t\t\t\t\t<p>Lorem ipsum dolor sit amet, consectetur adipiscing elit. Fusce consectetur diam id urna lobortis, at consectetur odio euismod. Maecenas eleifend semper vulputate.</p>\n\t\t\t\t\t\t\t\t\t</div>\n\t\t\t\t\t\t\t\t</div>","class":"","global_text_color":"","global_link_color":"","global_link_hover_color":"","global_use_background":"0","global_background_color":"","global_background_image":"","global_background_repeat":"no-repeat","global_background_size":"cover","global_background_attachment":"inherit","global_user_border":"0","global_border_width":"","global_border_color":"","global_boder_style":"none","global_border_radius":"","global_margin":"","global_padding":"","global_use_animation":"0","global_animation":"","global_animationduration":"300","global_animationdelay":"0","hidden_md":"0","hidden_sm":"0","hidden_xs":"0","acl":null}}]},{"id":1491745756633,"class_name":"col-md-4","visibility":true,"settings":{},"addons":[{"id":1491745756639,"name":"raw_html","visibility":true,"settings":{"admin_label":"","title":"","heading_selector":"h3","title_fontsize":"","title_lineheight":"","title_fontstyle":null,"title_letterspace":"0","title_fontweight":"","title_text_color":"","title_margin_top":"","title_margin_bottom":"","html":"<div class=\"feature-box feature-box-style-2\">\n\t\t\t\t\t\t\t\t\t<div class=\"feature-box-icon\">\n\t\t\t\t\t\t\t\t\t\t<img src=\"images/joomlabuff/photography/about/why-choose-us-2.png\" alt=\"\" class=\"img-responsive\">\n\t\t\t\t\t\t\t\t\t</div>\n\t\t\t\t\t\t\t\t\t<div class=\"feature-box-info\">\n\t\t\t\t\t\t\t\t\t\t<h4 class=\"font-weight-normal text-color-light text-lg\">Efficiency</h4>\n\t\t\t\t\t\t\t\t\t\t<p>Lorem ipsum dolor sit amet, consectetur adipiscing elit. Fusce consectetur diam id urna lobortis, at consectetur odio euismod. Maecenas eleifend semper vulputate.</p>\n\t\t\t\t\t\t\t\t\t</div>\n\t\t\t\t\t\t\t\t</div>","class":"","global_text_color":"","global_link_color":"","global_link_hover_color":"","global_use_background":"0","global_background_color":"","global_background_image":"","global_background_repeat":"no-repeat","global_background_size":"cover","global_background_attachment":"inherit","global_user_border":"0","global_border_width":"","global_border_color":"","global_boder_style":"none","global_border_radius":"","global_margin":"","global_padding":"","global_use_animation":"0","global_animation":"","global_animationduration":"300","global_animationdelay":"0","hidden_md":"0","hidden_sm":"0","hidden_xs":"0","acl":null}}]},{"id":1491745756634,"class_name":"col-md-4","visibility":true,"settings":{},"addons":[{"id":1491745756644,"name":"raw_html","visibility":true,"settings":{"admin_label":"","title":"","heading_selector":"h3","title_fontsize":"","title_lineheight":"","title_fontstyle":null,"title_letterspace":"0","title_fontweight":"","title_text_color":"","title_margin_top":"","title_margin_bottom":"","html":"<div class=\"feature-box feature-box-style-2\">\n\t\t\t\t\t\t\t\t\t<div class=\"feature-box-icon\">\n\t\t\t\t\t\t\t\t\t\t<img src=\"images/joomlabuff/photography/about/why-choose-us-3.png\" alt=\"\" class=\"img-responsive\">\n\t\t\t\t\t\t\t\t\t</div>\n\t\t\t\t\t\t\t\t\t<div class=\"feature-box-info\">\n\t\t\t\t\t\t\t\t\t\t<h4 class=\"font-weight-normal text-color-light text-lg\">Creativity</h4>\n\t\t\t\t\t\t\t\t\t\t<p>Lorem ipsum dolor sit amet, consectetur adipiscing elit. Fusce consectetur diam id urna lobortis, at consectetur odio euismod. Maecenas eleifend semper vulputate.</p>\n\t\t\t\t\t\t\t\t\t</div>\n\t\t\t\t\t\t\t\t</div>","class":"","global_text_color":"","global_link_color":"","global_link_hover_color":"","global_use_background":"0","global_background_color":"","global_background_image":"","global_background_repeat":"no-repeat","global_background_size":"cover","global_background_attachment":"inherit","global_user_border":"0","global_border_width":"","global_border_color":"","global_boder_style":"none","global_border_radius":"","global_margin":"","global_padding":"","global_use_animation":"0","global_animation":"","global_animationduration":"300","global_animationdelay":"0","hidden_md":"0","hidden_sm":"0","hidden_xs":"0","acl":null}}]}]}]}]},{"id":1491747365415,"visibility":true,"collapse":false,"settings":{"admin_label":"","title":"","heading_selector":"h3","title_fontsize":"","title_fontweight":"","title_text_color":"","title_margin_top":"","title_margin_bottom":"","subtitle":"","subtitle_fontsize":"","title_position":"sppb-text-center","columns_equal_height":"0","fullscreen":"0","no_gutter":"0","id":"","class":"","padding":"80px 0px 80px 0px","margin":"0px 0px 0px 0px","color":"","background_color":"","background_image":"","overlay":"","background_repeat":"no-repeat","background_size":"cover","background_attachment":"fixed","background_position":"0 0","background_video":"0","background_video_mp4":"","background_video_ogv":"","hidden_xs":"","hidden_sm":"","hidden_md":"","animation":"","animationduration":"300","animationdelay":"0"},"layout":"12","columns":[{"id":1491747365416,"class_name":"col-md-12","visibility":true,"settings":{},"addons":[{"id":1491747365419,"name":"clients","visibility":true,"settings":{"admin_label":"Photography client logo","title":"","heading_selector":"h3","title_fontsize":"","title_lineheight":"","title_fontstyle":null,"title_letterspace":"0","title_fontweight":"","title_text_color":"","title_margin_top":"","title_margin_bottom":"","count":"sppb-col-sm-2","alignment":"sppb-text-left","class":"","sp_clients_item":[{"title":"Client 1","image":"images/joomlabuff/clients-logos/logo-6.png","url":"#"},{"title":"","image":"images/joomlabuff/clients-logos/logo-1.png","url":"#"},{"title":"","image":"images/joomlabuff/clients-logos/logo-2.png","url":"#"},{"title":"","image":"images/joomlabuff/clients-logos/logo-3.png","url":"#"},{"title":"","image":"images/joomlabuff/clients-logos/logo-4.png","url":"#"},{"title":"","image":"images/joomlabuff/clients-logos/logo-5.png","url":"#"}],"global_text_color":"","global_link_color":"","global_link_hover_color":"","global_use_background":"0","global_background_color":"","global_background_image":"","global_background_repeat":"no-repeat","global_background_size":"cover","global_background_attachment":"inherit","global_user_border":"0","global_border_width":"","global_border_color":"","global_boder_style":"none","global_border_radius":"","global_margin":"","global_padding":"","global_use_animation":"0","global_animation":"","global_animationduration":"300","global_animationdelay":"0","hidden_md":"0","hidden_sm":"0","hidden_xs":"0","acl":null}}]}]},{"id":1491747365426,"visibility":true,"collapse":false,"settings":{"admin_label":"Awards","title":"Awards","heading_selector":"h2","title_fontsize":"26","title_fontweight":"400","title_text_color":"rgba(255, 255, 255, 1)","title_margin_top":"-1","title_margin_bottom":"","subtitle":"","subtitle_fontsize":"","title_position":"sppb-text-center","columns_equal_height":"0","fullscreen":"0","no_gutter":"0","id":"","class":"","padding":"50px 0px 50px 0px","margin":"0px 0px 0px 0px","color":"","background_color":"","background_image":"images/joomlabuff/photography/custom-header-bg.jpg","overlay":"","background_repeat":"no-repeat","background_size":"cover","background_attachment":"fixed","background_position":"0 0","background_video":"0","background_video_mp4":"","background_video_ogv":"","hidden_xs":"","hidden_sm":"","hidden_md":"","animation":"","animationduration":"300","animationdelay":"0"},"layout":"12","columns":[{"id":1491747365427,"class_name":"col-md-12","visibility":true,"settings":{},"addons":[{"id":1491747365430,"name":"raw_html","visibility":true,"settings":{"admin_label":"","title":"","heading_selector":"h3","title_fontsize":"","title_lineheight":"","title_fontstyle":null,"title_letterspace":"0","title_fontweight":"","title_text_color":"","title_margin_top":"","title_margin_bottom":"","html":"\t\t\t\t\t\t\t\t<div class=\"award-item\">\n\t\t\t\t\t\t\t\t\t<img src=\"images/joomlabuff/photography/about/awards-1.png\" alt=\"\" class=\"img-responsive\">\n\t\t\t\t\t\t\t\t\t<p class=\"alternative-font\">Top 100 Wedding Photos</p>\n\t\t\t\t\t\t\t\t</div>\n\t\t\t\t\t\t\t\t<div class=\"award-item\">\n\t\t\t\t\t\t\t\t\t<img src=\"images/joomlabuff/photography/about/awards-2.jpg\" alt=\"\" class=\"img-responsive border-rounded\">\n\t\t\t\t\t\t\t\t\t<p class=\"alternative-font\">Best in New York</p>\n\t\t\t\t\t\t\t\t</div>","class":"center","global_text_color":"","global_link_color":"","global_link_hover_color":"","global_use_background":"0","global_background_color":"","global_background_image":"","global_background_repeat":"no-repeat","global_background_size":"cover","global_background_attachment":"inherit","global_user_border":"0","global_border_width":"","global_border_color":"","global_boder_style":"none","global_border_radius":"","global_margin":"","global_padding":"","global_use_animation":"0","global_animation":"","global_animationduration":"300","global_animationdelay":"0","hidden_md":"0","hidden_sm":"0","hidden_xs":"0","acl":null}}]}]}]