[{"id":1482761869596,"visibility":true,"collapse":false,"settings":{"admin_label":"","title":"","heading_selector":"h3","title_fontsize":"","title_fontweight":"","title_text_color":"","title_margin_top":"","title_margin_bottom":"","subtitle":"","subtitle_fontsize":"","title_position":"sppb-text-center","columns_equal_height":"0","fullscreen":"1","no_gutter":"1","id":"hero-unit","class":"","padding":"0px 0px 0px 0px","margin":"0px 0px 0px 0px","color":"","background_color":"","background_image":"","overlay":"","background_repeat":"no-repeat","background_size":"cover","background_attachment":"fixed","background_position":"0 0","background_video":"0","background_video_mp4":"","background_video_ogv":"","hidden_xs":"","hidden_sm":"","hidden_md":"","animation":"","animationduration":"300","animationdelay":"0"},"layout":"12","columns":[{"id":1482761869597,"class_name":"col-md-12","visibility":true,"settings":{},"addons":[{"id":1482761869600,"name":"module","visibility":true,"settings":{"admin_label":"Slideshow","title":"","heading_selector":"h3","title_fontsize":"","title_lineheight":"","title_fontstyle":null,"title_letterspace":"0","title_fontweight":"","title_text_color":"","title_margin_top":"","title_margin_bottom":"","module_type":"module","id":"184","position":"","class":"jb-slideshow","global_text_color":"","global_link_color":"","global_link_hover_color":"","global_use_background":"0","global_background_color":"","global_background_image":"","global_background_repeat":"no-repeat","global_background_size":"cover","global_background_attachment":"inherit","global_user_border":"0","global_border_width":"","global_border_color":"","global_boder_style":"none","global_border_radius":"","global_margin":"","global_padding":"","global_use_animation":"0","global_animation":"","global_animationduration":"300","global_animationdelay":"0","hidden_md":"0","hidden_sm":"0","hidden_xs":"0","acl":null}}]}]},{"id":1482774963965,"visibility":true,"collapse":false,"settings":{"admin_label":"Latest projects","title":"<h2>\nLatest\n<strong>Projects</strong>\n</h2>","heading_selector":"h3","title_fontsize":"","title_fontweight":"","title_text_color":"rgba(250, 250, 250, 1)","title_margin_top":"","title_margin_bottom":"","subtitle":"","subtitle_fontsize":"","title_position":"sppb-text-left","columns_equal_height":"0","fullscreen":"0","no_gutter":"0","id":"projects","class":"section-text-light","padding":"50px 0px 50px 0px","margin":"0px 0px 0px 0px","color":"","background_color":"rgba(0, 136, 204, 1)","background_image":"","overlay":"","background_repeat":"no-repeat","background_size":"cover","background_attachment":"fixed","background_position":"0 0","background_video":"0","background_video_mp4":"","background_video_ogv":"","hidden_xs":"","hidden_sm":"","hidden_md":"","animation":"","animationduration":"300","animationdelay":"0"},"layout":"12","columns":[{"id":1481004991735,"class_name":"col-md-12","visibility":true,"settings":{},"addons":[{"id":1481004991738,"name":"module","visibility":true,"settings":{"admin_label":"","title":"","heading_selector":"h3","title_fontsize":"","title_lineheight":"","title_fontstyle":null,"title_letterspace":"0","title_fontweight":"","title_text_color":"","title_margin_top":"","title_margin_bottom":"","module_type":"module","id":"120","position":"","class":"","global_text_color":"","global_link_color":"","global_link_hover_color":"","global_use_background":"0","global_background_color":"","global_background_image":"","global_background_repeat":"no-repeat","global_background_size":"cover","global_background_attachment":"inherit","global_user_border":"0","global_border_width":"","global_border_color":"","global_boder_style":"none","global_border_radius":"","global_margin":"","global_padding":"","global_use_animation":"0","global_animation":"","global_animationduration":"300","global_animationdelay":"0","hidden_md":"0","hidden_sm":"0","hidden_xs":"0","acl":null}}]}]},{"id":1482774963970,"visibility":true,"collapse":false,"settings":{"admin_label":"","title":"","heading_selector":"h3","title_fontsize":"","title_fontweight":"","title_text_color":"","title_margin_top":"","title_margin_bottom":"","subtitle":"","subtitle_fontsize":"","title_position":"sppb-text-center","columns_equal_height":"0","fullscreen":"0","no_gutter":"0","id":"","class":"","padding":"50px 0px 0px 0px","margin":"0px 0px 0px 0px","color":"","background_color":"","background_image":"","overlay":"","background_repeat":"no-repeat","background_size":"cover","background_attachment":"fixed","background_position":"0 0","background_video":"0","background_video_mp4":"","background_video_ogv":"","hidden_xs":"","hidden_sm":"","hidden_md":"","animation":"","animationduration":"300","animationdelay":"0"},"layout":"12","columns":[{"id":1479706745259,"class_name":"col-md-12","visibility":true,"settings":{},"addons":[{"id":1479706745262,"name":"raw_html","visibility":true,"settings":{"admin_label":"Animated text","title":"","heading_selector":"h3","title_fontsize":"","title_lineheight":"","title_fontstyle":null,"title_letterspace":"0","title_fontweight":"","title_text_color":"","title_margin_top":"","title_margin_bottom":"","html":"\t\t\t\t\t\t\t<div class=\"cd-intro\">\n\t<h1 class=\"cd-headline rotate-1\">\n\t\t<span>Porto is</span> \n\t\t<span class=\"cd-words-wrapper\" style=\"width: 180px;\">\n\t\t<span class=\"cd-words-wrapper\" style=\"width: 204px;\"><b class=\"bg-brand is-visible\">incredibly</b><b class=\"bg-brand is-hidden\">especially</b><b class=\"bg-brand is-hidden\">extremely</b>\n  </span>\n<span>beautiful and fully responsive. </span>\n </h1>\n</div>\n<p class=\"lead\"> Lorem ipsum dolor sit amet, consectetur adipiscing elit. Fusce elementum, nulla vel pellentesque consequat, ante nulla hendrerit arcu, ac tincidunt mauris lacus sed leo. vamus suscipit molestie vestibulum. </p>\n<hr class=\"tall mb-none\">","class":"center container","global_text_color":"","global_link_color":"","global_link_hover_color":"","global_use_background":"0","global_background_color":"","global_background_image":"","global_background_repeat":"no-repeat","global_background_size":"cover","global_background_attachment":"inherit","global_user_border":"0","global_border_width":"","global_border_color":"","global_boder_style":"none","global_border_radius":"","global_margin":"","global_padding":"","global_use_animation":"0","global_animation":"","global_animationduration":"300","global_animationdelay":"0","hidden_md":"0","hidden_sm":"0","hidden_xs":"0","acl":null}}]}]},{"id":1482774963973,"visibility":true,"collapse":false,"settings":{"admin_label":"","title":"","heading_selector":"h3","title_fontsize":"","title_fontweight":"","title_text_color":"","title_margin_top":"","title_margin_bottom":"","subtitle":"","subtitle_fontsize":"","title_position":"sppb-text-center","columns_equal_height":"0","fullscreen":"0","no_gutter":"0","id":"features","class":"","padding":"30px 0px 30px 0px","margin":"0px 0px 0px 0px","color":"","background_color":"","background_image":"","overlay":"","background_repeat":"no-repeat","background_size":"cover","background_attachment":"fixed","background_position":"0 0","background_video":"0","background_video_mp4":"","background_video_ogv":"","hidden_xs":"","hidden_sm":"","hidden_md":"","animation":"","animationduration":"300","animationdelay":"0"},"layout":"8,4","columns":[{"id":1479706745295,"class_name":"col-md-8","visibility":true,"settings":{"color":"","background":"","background_image":"","overlay":"","background_repeat":"no-repeat","background_size":"cover","background_attachment":"scroll","background_position":"0 0","padding":"","class":"","sm_col":"","xs_col":"","hidden_xs":"","hidden_sm":"","hidden_md":"","animation":"","animationduration":"500","animationdelay":"200"},"addons":[{"id":1479706745300,"name":"raw_html","visibility":true,"settings":{"admin_label":"Our Features","title":"Our <strong>Features</strong>","heading_selector":"h2","title_fontsize":"","title_lineheight":"","title_fontstyle":null,"title_letterspace":"0","title_fontweight":"","title_text_color":"","title_margin_top":"","title_margin_bottom":"","html":"<div class=\"row\">\n\t\t\t\t\t\t\t\t<div class=\"col-sm-6\">\n\t\t\t\t\t\t\t\t\t<div class=\"feature-box\">\n\t\t\t\t\t\t\t\t\t\t<div class=\"feature-box-icon\">\n\t\t\t\t\t\t\t\t\t\t\t<i class=\"fa fa-group\"></i>\n\t\t\t\t\t\t\t\t\t\t</div>\n\t\t\t\t\t\t\t\t\t\t<div class=\"feature-box-info\">\n\t\t\t\t\t\t\t\t\t\t\t<h4 class=\"heading-primary mb-none\">Customer Support</h4>\n\t\t\t\t\t\t\t\t\t\t\t<p class=\"tall\">Lorem ipsum dolor sit amet, consectetur adip.</p>\n\t\t\t\t\t\t\t\t\t\t</div>\n\t\t\t\t\t\t\t\t\t</div>\n\t\t\t\t\t\t\t\t\t<div class=\"feature-box\">\n\t\t\t\t\t\t\t\t\t\t<div class=\"feature-box-icon\">\n\t\t\t\t\t\t\t\t\t\t\t<i class=\"fa fa-file\"></i>\n\t\t\t\t\t\t\t\t\t\t</div>\n\t\t\t\t\t\t\t\t\t\t<div class=\"feature-box-info\">\n\t\t\t\t\t\t\t\t\t\t\t<h4 class=\"heading-primary mb-none\">HTML5 / CSS3 / JS</h4>\n\t\t\t\t\t\t\t\t\t\t\t<p class=\"tall\">Lorem ipsum dolor sit amet, adip.</p>\n\t\t\t\t\t\t\t\t\t\t</div>\n\t\t\t\t\t\t\t\t\t</div>\n\t\t\t\t\t\t\t\t\t<div class=\"feature-box\">\n\t\t\t\t\t\t\t\t\t\t<div class=\"feature-box-icon\">\n\t\t\t\t\t\t\t\t\t\t\t<i class=\"fa fa-google-plus\"></i>\n\t\t\t\t\t\t\t\t\t\t</div>\n\t\t\t\t\t\t\t\t\t\t<div class=\"feature-box-info\">\n\t\t\t\t\t\t\t\t\t\t\t<h4 class=\"heading-primary mb-none\">500+ Google Fonts</h4>\n\t\t\t\t\t\t\t\t\t\t\t<p class=\"tall\">Lorem ipsum dolor sit amet, consectetur adip.</p>\n\t\t\t\t\t\t\t\t\t\t</div>\n\t\t\t\t\t\t\t\t\t</div>\n\t\t\t\t\t\t\t\t\t<div class=\"feature-box\">\n\t\t\t\t\t\t\t\t\t\t<div class=\"feature-box-icon\">\n\t\t\t\t\t\t\t\t\t\t\t<i class=\"fa fa-adjust\"></i>\n\t\t\t\t\t\t\t\t\t\t</div>\n\t\t\t\t\t\t\t\t\t\t<div class=\"feature-box-info\">\n\t\t\t\t\t\t\t\t\t\t\t<h4 class=\"heading-primary mb-none\">Colors</h4>\n\t\t\t\t\t\t\t\t\t\t\t<p class=\"tall\">Lorem ipsum dolor sit amet, consectetur adip.</p>\n\t\t\t\t\t\t\t\t\t\t</div>\n\t\t\t\t\t\t\t\t\t</div>\n\t\t\t\t\t\t\t\t</div>\n\t\t\t\t\t\t\t\t<div class=\"col-sm-6\">\n\t\t\t\t\t\t\t\t\t<div class=\"feature-box\">\n\t\t\t\t\t\t\t\t\t\t<div class=\"feature-box-icon\">\n\t\t\t\t\t\t\t\t\t\t\t<i class=\"fa fa-film\"></i>\n\t\t\t\t\t\t\t\t\t\t</div>\n\t\t\t\t\t\t\t\t\t\t<div class=\"feature-box-info\">\n\t\t\t\t\t\t\t\t\t\t\t<h4 class=\"heading-primary mb-none\">Sliders</h4>\n\t\t\t\t\t\t\t\t\t\t\t<p class=\"tall\">Lorem ipsum dolor sit amet, consectetur.</p>\n\t\t\t\t\t\t\t\t\t\t</div>\n\t\t\t\t\t\t\t\t\t</div>\n\t\t\t\t\t\t\t\t\t<div class=\"feature-box\">\n\t\t\t\t\t\t\t\t\t\t<div class=\"feature-box-icon\">\n\t\t\t\t\t\t\t\t\t\t\t<i class=\"fa fa-user\"></i>\n\t\t\t\t\t\t\t\t\t\t</div>\n\t\t\t\t\t\t\t\t\t\t<div class=\"feature-box-info\">\n\t\t\t\t\t\t\t\t\t\t\t<h4 class=\"heading-primary mb-none\">Icons</h4>\n\t\t\t\t\t\t\t\t\t\t\t<p class=\"tall\">Lorem ipsum dolor sit amet, consectetur adip.</p>\n\t\t\t\t\t\t\t\t\t\t</div>\n\t\t\t\t\t\t\t\t\t</div>\n\t\t\t\t\t\t\t\t\t<div class=\"feature-box\">\n\t\t\t\t\t\t\t\t\t\t<div class=\"feature-box-icon\">\n\t\t\t\t\t\t\t\t\t\t\t<i class=\"fa fa-bars\"></i>\n\t\t\t\t\t\t\t\t\t\t</div>\n\t\t\t\t\t\t\t\t\t\t<div class=\"feature-box-info\">\n\t\t\t\t\t\t\t\t\t\t\t<h4 class=\"heading-primary mb-none\">Buttons</h4>\n\t\t\t\t\t\t\t\t\t\t\t<p class=\"tall\">Lorem ipsum dolor sit, consectetur adip.</p>\n\t\t\t\t\t\t\t\t\t\t</div>\n\t\t\t\t\t\t\t\t\t</div>\n\t\t\t\t\t\t\t\t\t<div class=\"feature-box\">\n\t\t\t\t\t\t\t\t\t\t<div class=\"feature-box-icon\">\n\t\t\t\t\t\t\t\t\t\t\t<i class=\"fa fa-desktop\"></i>\n\t\t\t\t\t\t\t\t\t\t</div>\n\t\t\t\t\t\t\t\t\t\t<div class=\"feature-box-info\">\n\t\t\t\t\t\t\t\t\t\t\t<h4 class=\"heading-primary mb-none\">Lightbox</h4>\n\t\t\t\t\t\t\t\t\t\t\t<p class=\"tall\">Lorem sit amet, consectetur adip.</p>\n\t\t\t\t\t\t\t\t\t\t</div>\n\t\t\t\t\t\t\t\t\t</div>\n\t\t\t\t\t\t\t\t</div>\n\t\t\t\t\t\t\t</div>","class":"","global_text_color":"","global_link_color":"","global_link_hover_color":"","global_use_background":"0","global_background_color":"","global_background_image":"","global_background_repeat":"no-repeat","global_background_size":"cover","global_background_attachment":"inherit","global_user_border":"0","global_border_width":"","global_border_color":"","global_boder_style":"none","global_border_radius":"","global_margin":"","global_padding":"","global_use_animation":"0","global_animation":"","global_animationduration":"300","global_animationdelay":"0","hidden_md":"0","hidden_sm":"0","hidden_xs":"0","acl":null}}]},{"id":1479706745296,"class_name":"col-md-4","visibility":true,"settings":{},"addons":[{"id":1479738462219,"name":"accordion","visibility":true,"settings":{"admin_label":"accordition","title":"and more...","heading_selector":"h2","title_fontsize":"","title_lineheight":"","title_fontstyle":["lighter"],"title_letterspace":"0","title_fontweight":"","title_text_color":"","title_margin_top":"","title_margin_bottom":"","style":"panel-default","class":"","sp_accordion_item":[{"title":"Pricing tables","icon":"fa-dollar","content":"<div id=\"collapseOne\" class=\"accordion-body collapse in\">\n<div class=\"panel-body\">Donec tellus massa, tristique sit amet condim vel, facilisis quis sapien. Praesent id enim sit amet odio vulputate eleifend in in tortor.</div>\n</div>"},{"title":"Contact Forms","icon":"fa-comment","content":"<div id=\"collapseTwo\" class=\"accordion-body collapse in\">\n<div class=\"panel-body\">Donec tellus massa, tristique sit amet condimentum vel, facilisis quis sapien.</div>\n</div>"},{"title":"Portfolio pages","icon":"fa-laptop","content":"<div id=\"collapseOne\" class=\"accordion-body collapse in\">\n<div class=\"panel-body\">\n<div id=\"collapseThree\" class=\"accordion-body collapse in\">\n<div class=\"panel-body\">Donec tellus massa, tristique sit amet condimentum vel, facilisis quis sapien.</div>\n</div>\n</div>\n</div>"}],"global_text_color":"","global_link_color":"","global_link_hover_color":"","global_use_background":"0","global_background_color":"","global_background_image":"","global_background_repeat":"no-repeat","global_background_size":"cover","global_background_attachment":"inherit","global_user_border":"0","global_border_width":"","global_border_color":"","global_boder_style":"none","global_border_radius":"","global_margin":"","global_padding":"","global_use_animation":"0","global_animation":"","global_animationduration":"300","global_animationdelay":"0","hidden_md":"0","hidden_sm":"0","hidden_xs":"0","acl":null}}]}]},{"id":1482774963976,"visibility":true,"collapse":false,"settings":{"admin_label":"","title":"","heading_selector":"h3","title_fontsize":"","title_fontweight":"","title_text_color":"","title_margin_top":"","title_margin_bottom":"","subtitle":"","subtitle_fontsize":"","title_position":"sppb-text-center","columns_equal_height":"0","fullscreen":"0","no_gutter":"0","id":"","class":"section-text-light","padding":"50px 0px 50px 0px","margin":"0px 0px 0px 0px","color":"","background_color":"","background_image":"images/joomlabuff/parallax.jpg","overlay":"rgba(20, 18, 18, 0.65)","background_repeat":"no-repeat","background_size":"cover","background_attachment":"fixed","background_position":"0 0","background_video":"0","background_video_mp4":"","background_video_ogv":"","hidden_xs":"","hidden_sm":"","hidden_md":"","animation":"","animationduration":"300","animationdelay":"0"},"layout":"12","columns":[{"id":1482774963977,"class_name":"col-md-12","visibility":true,"settings":{},"addons":[{"id":1482774963980,"name":"raw_html","visibility":true,"settings":{"admin_label":"","title":"","heading_selector":"h3","title_fontsize":"","title_lineheight":"","title_fontstyle":null,"title_letterspace":"0","title_fontweight":"","title_text_color":"","title_margin_top":"","title_margin_bottom":"","html":"<div class=\"col-md-12\">\n\t\t\t\t\t\t\t\t<i class=\"icon-featured fa fa-comments appear-animation animated bounceIn appear-animation-visible\" data-appear-animation=\"bounceIn\"></i>\n\t\t\t\t\t\t\t\t<h2 class=\"mb-none\"><strong>We're excited about Porto Template</strong></h2>\n\t\t\t\t\t\t\t\t<h3 class=\"lead\">25,000 customers in 100 countries use Porto Template. Meet our customers.</h3>\n\t\t\t\t\t\t\t</div>","class":"center","global_text_color":"","global_link_color":"","global_link_hover_color":"","global_use_background":"0","global_background_color":"","global_background_image":"","global_background_repeat":"no-repeat","global_background_size":"cover","global_background_attachment":"inherit","global_user_border":"0","global_border_width":"","global_border_color":"","global_boder_style":"none","global_border_radius":"","global_margin":"","global_padding":"","global_use_animation":"0","global_animation":"","global_animationduration":"300","global_animationdelay":"0","hidden_md":"0","hidden_sm":"0","hidden_xs":"0","acl":null}}]}]},{"id":1482774963989,"visibility":true,"collapse":false,"settings":{"admin_label":"team","title":"<h2>Meet the <strong>Team</strong></h2>","heading_selector":"h3","title_fontsize":"","title_fontweight":"","title_text_color":"","title_margin_top":"","title_margin_bottom":"","subtitle":"","subtitle_fontsize":"","title_position":"sppb-text-left","columns_equal_height":"0","fullscreen":"0","no_gutter":"0","id":"team","class":"","padding":"50px 0px 50px 0px","margin":"0px 0px 0px 0px","color":"","background_color":"","background_image":"","overlay":"","background_repeat":"no-repeat","background_size":"cover","background_attachment":"fixed","background_position":"0 0","background_video":"0","background_video_mp4":"","background_video_ogv":"","hidden_xs":"","hidden_sm":"","hidden_md":"","animation":"","animationduration":"300","animationdelay":"0"},"layout":"3,3,3,3","columns":[{"id":1481042959397,"class_name":"col-md-3","visibility":true,"settings":{},"addons":[{"id":1481042959403,"name":"raw_html","visibility":true,"settings":{"admin_label":"","title":"","heading_selector":"h3","title_fontsize":"","title_lineheight":"","title_fontstyle":null,"title_letterspace":"0","title_fontweight":"","title_text_color":"","title_margin_top":"","title_margin_bottom":"","html":"<span class=\"thumb-info thumb-info-hide-wrapper-bg\">\n\t\t\t\t\t\t\t\t<span class=\"thumb-info-wrapper\">\n\t\t\t\t\t\t\t\t\t<a href=\"#\">\n\t\t\t\t\t\t\t\t\t\t<img src=\"images/joomlabuff/team/team-1.jpg\" class=\"img-responsive\" alt=\"\">\n\t\t\t\t\t\t\t\t\t\t<span class=\"thumb-info-title\">\n\t\t\t\t\t\t\t\t\t\t\t<span class=\"thumb-info-inner\">John Doe</span>\n\t\t\t\t\t\t\t\t\t\t\t<span class=\"thumb-info-type\">CEO</span>\n\t\t\t\t\t\t\t\t\t\t</span>\n\t\t\t\t\t\t\t\t\t</a>\n\t\t\t\t\t\t\t\t</span>\n\t\t\t\t\t\t\t\t<span class=\"thumb-info-caption\">\n\t\t\t\t\t\t\t\t\t<span class=\"thumb-info-caption-text\">Lorem ipsum dolor sit amet, consectetur adipiscing elit. Cras ac ligula mi, non suscipitaccumsan</span>\n\t\t\t\t\t\t\t\t\t<span class=\"thumb-info-social-icons\">\n\t\t\t\t\t\t\t\t\t\t<a target=\"_blank\" href=\"http://www.facebook.com\"><i class=\"fa fa-facebook\"></i><span>Facebook</span></a>\n\t\t\t\t\t\t\t\t\t\t<a href=\"http://www.twitter.com\"><i class=\"fa fa-twitter\"></i><span>Twitter</span></a>\n\t\t\t\t\t\t\t\t\t\t<a href=\"http://www.linkedin.com\"><i class=\"fa fa-linkedin\"></i><span>Linkedin</span></a>\n\t\t\t\t\t\t\t\t\t</span>\n\t\t\t\t\t\t\t\t</span>\n\t\t\t\t\t\t\t</span>","class":"","global_text_color":"","global_link_color":"","global_link_hover_color":"","global_use_background":"0","global_background_color":"","global_background_image":"","global_background_repeat":"no-repeat","global_background_size":"cover","global_background_attachment":"inherit","global_user_border":"0","global_border_width":"","global_border_color":"","global_boder_style":"none","global_border_radius":"","global_margin":"","global_padding":"","global_use_animation":"0","global_animation":"","global_animationduration":"300","global_animationdelay":"0","hidden_md":"0","hidden_sm":"0","hidden_xs":"0","acl":null}}]},{"id":1481042959398,"class_name":"col-md-3","visibility":true,"settings":{},"addons":[{"id":1481042959406,"name":"raw_html","visibility":true,"settings":{"admin_label":"","title":"","heading_selector":"h3","title_fontsize":"","title_lineheight":"","title_fontstyle":null,"title_letterspace":"0","title_fontweight":"","title_text_color":"","title_margin_top":"","title_margin_bottom":"","html":"<span class=\"thumb-info thumb-info-hide-wrapper-bg\">\n\t\t\t\t\t\t\t\t<span class=\"thumb-info-wrapper\">\n\t\t\t\t\t\t\t\t\t<a href=\"#\">\n\t\t\t\t\t\t\t\t\t\t<img src=\"images/joomlabuff/team/team-2.jpg\" class=\"img-responsive\" alt=\"\">\n\t\t\t\t\t\t\t\t\t\t<span class=\"thumb-info-title\">\n\t\t\t\t\t\t\t\t\t\t\t<span class=\"thumb-info-inner\">Jessica Doe</span>\n\t\t\t\t\t\t\t\t\t\t\t<span class=\"thumb-info-type\">Marketing</span>\n\t\t\t\t\t\t\t\t\t\t</span>\n\t\t\t\t\t\t\t\t\t</a>\n\t\t\t\t\t\t\t\t</span>\n\t\t\t\t\t\t\t\t<span class=\"thumb-info-caption\">\n\t\t\t\t\t\t\t\t\t<span class=\"thumb-info-caption-text\">Lorem ipsum dolor sit amet, consectetur adipiscing elit. Cras ac ligula mi, non suscipitaccumsan</span>\n\t\t\t\t\t\t\t\t\t<span class=\"thumb-info-social-icons\">\n\t\t\t\t\t\t\t\t\t\t<a target=\"_blank\" href=\"http://www.facebook.com\"><i class=\"fa fa-facebook\"></i><span>Facebook</span></a>\n\t\t\t\t\t\t\t\t\t\t<a href=\"http://www.twitter.com\"><i class=\"fa fa-twitter\"></i><span>Twitter</span></a>\n\t\t\t\t\t\t\t\t\t\t<a href=\"http://www.linkedin.com\"><i class=\"fa fa-linkedin\"></i><span>Linkedin</span></a>\n\t\t\t\t\t\t\t\t\t</span>\n\t\t\t\t\t\t\t\t</span>\n\t\t\t\t\t\t\t</span>","class":"","global_text_color":"","global_link_color":"","global_link_hover_color":"","global_use_background":"0","global_background_color":"","global_background_image":"","global_background_repeat":"no-repeat","global_background_size":"cover","global_background_attachment":"inherit","global_user_border":"0","global_border_width":"","global_border_color":"","global_boder_style":"none","global_border_radius":"","global_margin":"","global_padding":"","global_use_animation":"0","global_animation":"","global_animationduration":"300","global_animationdelay":"0","hidden_md":"0","hidden_sm":"0","hidden_xs":"0","acl":null}}]},{"id":1481042959399,"class_name":"col-md-3","visibility":true,"settings":{},"addons":[{"id":1481042959409,"name":"raw_html","visibility":true,"settings":{"admin_label":"","title":"","heading_selector":"h3","title_fontsize":"","title_lineheight":"","title_fontstyle":null,"title_letterspace":"0","title_fontweight":"","title_text_color":"","title_margin_top":"","title_margin_bottom":"","html":"<span class=\"thumb-info thumb-info-hide-wrapper-bg\">\n\t\t\t\t\t\t\t\t<span class=\"thumb-info-wrapper\">\n\t\t\t\t\t\t\t\t\t<a href=\"about-me.html\">\n\t\t\t\t\t\t\t\t\t\t<img src=\"images/joomlabuff/team/team-3.jpg\" class=\"img-responsive\" alt=\"\">\n\t\t\t\t\t\t\t\t\t\t<span class=\"thumb-info-title\">\n\t\t\t\t\t\t\t\t\t\t\t<span class=\"thumb-info-inner\">Rick Edward Doe</span>\n\t\t\t\t\t\t\t\t\t\t\t<span class=\"thumb-info-type\">Developer</span>\n\t\t\t\t\t\t\t\t\t\t</span>\n\t\t\t\t\t\t\t\t\t</a>\n\t\t\t\t\t\t\t\t</span>\n\t\t\t\t\t\t\t\t<span class=\"thumb-info-caption\">\n\t\t\t\t\t\t\t\t\t<span class=\"thumb-info-caption-text\">Lorem ipsum dolor sit amet, consectetur adipiscing elit. Cras ac ligula mi, non suscipitaccumsan</span>\n\t\t\t\t\t\t\t\t\t<span class=\"thumb-info-social-icons\">\n\t\t\t\t\t\t\t\t\t\t<a target=\"_blank\" href=\"http://www.facebook.com\"><i class=\"fa fa-facebook\"></i><span>Facebook</span></a>\n\t\t\t\t\t\t\t\t\t\t<a href=\"http://www.twitter.com\"><i class=\"fa fa-twitter\"></i><span>Twitter</span></a>\n\t\t\t\t\t\t\t\t\t\t<a href=\"http://www.linkedin.com\"><i class=\"fa fa-linkedin\"></i><span>Linkedin</span></a>\n\t\t\t\t\t\t\t\t\t</span>\n\t\t\t\t\t\t\t\t</span>\n\t\t\t\t\t\t\t</span>","class":"","global_text_color":"","global_link_color":"","global_link_hover_color":"","global_use_background":"0","global_background_color":"","global_background_image":"","global_background_repeat":"no-repeat","global_background_size":"cover","global_background_attachment":"inherit","global_user_border":"0","global_border_width":"","global_border_color":"","global_boder_style":"none","global_border_radius":"","global_margin":"","global_padding":"","global_use_animation":"0","global_animation":"","global_animationduration":"300","global_animationdelay":"0","hidden_md":"0","hidden_sm":"0","hidden_xs":"0","acl":null}}]},{"id":1481042959400,"class_name":"col-md-3","visibility":true,"settings":{},"addons":[{"id":1481042959412,"name":"raw_html","visibility":true,"settings":{"admin_label":"","title":"","heading_selector":"h3","title_fontsize":"","title_lineheight":"","title_fontstyle":null,"title_letterspace":"0","title_fontweight":"","title_text_color":"","title_margin_top":"","title_margin_bottom":"","html":"<span class=\"thumb-info thumb-info-hide-wrapper-bg\">\n\t\t\t\t\t\t\t\t<span class=\"thumb-info-wrapper\">\n\t\t\t\t\t\t\t\t\t<a href=\"about-me.html\">\n\t\t\t\t\t\t\t\t\t\t<img src=\"images/joomlabuff/team/team-4.jpg\" class=\"img-responsive\" alt=\"\">\n\t\t\t\t\t\t\t\t\t\t<span class=\"thumb-info-title\">\n\t\t\t\t\t\t\t\t\t\t\t<span class=\"thumb-info-inner\">Melinda Wolosky</span>\n\t\t\t\t\t\t\t\t\t\t\t<span class=\"thumb-info-type\">Design</span>\n\t\t\t\t\t\t\t\t\t\t</span>\n\t\t\t\t\t\t\t\t\t</a>\n\t\t\t\t\t\t\t\t</span>\n\t\t\t\t\t\t\t\t<span class=\"thumb-info-caption\">\n\t\t\t\t\t\t\t\t\t<span class=\"thumb-info-caption-text\">Lorem ipsum dolor sit amet, consectetur adipiscing elit. Cras ac ligula mi, non suscipitaccumsan</span>\n\t\t\t\t\t\t\t\t\t<span class=\"thumb-info-social-icons\">\n\t\t\t\t\t\t\t\t\t\t<a target=\"_blank\" href=\"http://www.facebook.com\"><i class=\"fa fa-facebook\"></i><span>Facebook</span></a>\n\t\t\t\t\t\t\t\t\t\t<a href=\"http://www.twitter.com\"><i class=\"fa fa-twitter\"></i><span>Twitter</span></a>\n\t\t\t\t\t\t\t\t\t\t<a href=\"http://www.linkedin.com\"><i class=\"fa fa-linkedin\"></i><span>Linkedin</span></a>\n\t\t\t\t\t\t\t\t\t</span>\n\t\t\t\t\t\t\t\t</span>\n\t\t\t\t\t\t\t</span>","class":"","global_text_color":"","global_link_color":"","global_link_hover_color":"","global_use_background":"0","global_background_color":"","global_background_image":"","global_background_repeat":"no-repeat","global_background_size":"cover","global_background_attachment":"inherit","global_user_border":"0","global_border_width":"","global_border_color":"","global_boder_style":"none","global_border_radius":"","global_margin":"","global_padding":"","global_use_animation":"0","global_animation":"","global_animationduration":"300","global_animationdelay":"0","hidden_md":"0","hidden_sm":"0","hidden_xs":"0","acl":null}}]}]},{"id":1482774963990,"visibility":true,"collapse":false,"settings":{"admin_label":"","title":"","heading_selector":"h3","title_fontsize":"","title_fontweight":"","title_text_color":"","title_margin_top":"","title_margin_bottom":"","subtitle":"","subtitle_fontsize":"","title_position":"sppb-text-center","columns_equal_height":"0","fullscreen":"0","no_gutter":"0","id":"","class":"","padding":"50px 0px 50px 0px","margin":"0px 0px 0px 0px","color":"","background_color":"","background_image":"images/joomlabuff/parallax-7.jpg","overlay":"","background_repeat":"no-repeat","background_size":"cover","background_attachment":"fixed","background_position":"0 0","background_video":"0","background_video_mp4":"","background_video_ogv":"","hidden_xs":"","hidden_sm":"","hidden_md":"","animation":"","animationduration":"300","animationdelay":"0"},"layout":"12","columns":[{"id":1482774963991,"class_name":"col-md-12","visibility":true,"settings":{},"addons":[{"id":1482774963994,"name":"raw_html","visibility":true,"settings":{"admin_label":"","title":"","heading_selector":"h3","title_fontsize":"","title_lineheight":"","title_fontstyle":null,"title_letterspace":"0","title_fontweight":"","title_text_color":"","title_margin_top":"","title_margin_bottom":"","html":"<div class=\"col-md-12\">\n\t\t\t\t\t\t\t\t<i class=\"icon-featured fa fa-envelope appear-animation animated bounceIn appear-animation-visible\" data-appear-animation=\"bounceIn\"></i>\n\t\t\t\t\t\t\t\t<h2 class=\"mb-none\"><strong>Get in Touch With Us</strong></h2>\n\t\t\t\t\t\t\t</div>","class":"center","global_text_color":"","global_link_color":"","global_link_hover_color":"","global_use_background":"0","global_background_color":"","global_background_image":"","global_background_repeat":"no-repeat","global_background_size":"cover","global_background_attachment":"inherit","global_user_border":"0","global_border_width":"","global_border_color":"","global_boder_style":"none","global_border_radius":"","global_margin":"","global_padding":"","global_use_animation":"0","global_animation":"","global_animationduration":"300","global_animationdelay":"0","hidden_md":"0","hidden_sm":"0","hidden_xs":"0","acl":null}}]}]},{"id":1482774963997,"visibility":true,"collapse":false,"settings":{"admin_label":"","title":"","heading_selector":"h3","title_fontsize":"","title_fontweight":"","title_text_color":"","title_margin_top":"","title_margin_bottom":"","subtitle":"","subtitle_fontsize":"","title_position":"sppb-text-center","columns_equal_height":"0","fullscreen":"1","no_gutter":"1","id":"","class":"","padding":"0px 0px 0px 0px","margin":"0px 0px 0px 0px","color":"","background_color":"","background_image":"","overlay":"","background_repeat":"no-repeat","background_size":"cover","background_attachment":"fixed","background_position":"0 0","background_video":"0","background_video_mp4":"","background_video_ogv":"","hidden_xs":"","hidden_sm":"","hidden_md":"","animation":"","animationduration":"300","animationdelay":"0"},"layout":"12","columns":[{"id":1482774963998,"class_name":"col-md-12","visibility":true,"settings":{},"addons":[{"id":1482774964001,"name":"gmap","visibility":true,"settings":{"admin_label":"map","title":"","heading_selector":"h3","title_fontsize":"","title_lineheight":"","title_fontstyle":null,"title_letterspace":"0","title_fontweight":"","title_text_color":"","title_margin_top":"","title_margin_bottom":"","map":"40.712784, -74.005941","height":"300","type":"ROADMAP","zoom":"18","mousescroll":"true","class":"","global_text_color":"","global_link_color":"","global_link_hover_color":"","global_use_background":"0","global_background_color":"","global_background_image":"","global_background_repeat":"no-repeat","global_background_size":"cover","global_background_attachment":"inherit","global_user_border":"0","global_border_width":"","global_border_color":"","global_boder_style":"none","global_border_radius":"","global_margin":"","global_padding":"","global_use_animation":"0","global_animation":"","global_animationduration":"300","global_animationdelay":"0","hidden_md":"0","hidden_sm":"0","hidden_xs":"0","acl":null}}]}]},{"id":1482774964004,"visibility":true,"collapse":false,"settings":{"admin_label":"","title":"","heading_selector":"h3","title_fontsize":"","title_fontweight":"","title_text_color":"","title_margin_top":"","title_margin_bottom":"","subtitle":"","subtitle_fontsize":"","title_position":"sppb-text-center","columns_equal_height":"0","fullscreen":"0","no_gutter":"0","id":"contact","class":"","padding":"50px 0px 50px 0px","margin":"0px 0px 0px 0px","color":"","background_color":"","background_image":"","overlay":"","background_repeat":"no-repeat","background_size":"cover","background_attachment":"fixed","background_position":"0 0","background_video":"0","background_video_mp4":"","background_video_ogv":"","hidden_xs":"","hidden_sm":"","hidden_md":"","animation":"","animationduration":"300","animationdelay":"0"},"layout":"6,6","columns":[{"id":1482443629741,"class_name":"col-md-6","visibility":true,"settings":{},"addons":[{"id":1482443629745,"name":"module","visibility":true,"settings":{"admin_label":"","title":"<strong>Contact</strong> Us","heading_selector":"h2","title_fontsize":"","title_lineheight":"","title_fontstyle":null,"title_letterspace":"0","title_fontweight":"","title_text_color":"","title_margin_top":"","title_margin_bottom":"","module_type":"module","id":"171","position":"","class":"jb-contact-form","global_text_color":"","global_link_color":"","global_link_hover_color":"","global_use_background":"0","global_background_color":"","global_background_image":"","global_background_repeat":"no-repeat","global_background_size":"cover","global_background_attachment":"inherit","global_user_border":"0","global_border_width":"","global_border_color":"","global_boder_style":"none","global_border_radius":"","global_margin":"","global_padding":"","global_use_animation":"0","global_animation":"","global_animationduration":"300","global_animationdelay":"0","hidden_md":"0","hidden_sm":"0","hidden_xs":"0","acl":null}}]},{"id":1482443629742,"class_name":"col-md-6","visibility":true,"settings":{},"addons":[{"id":1482443629752,"name":"raw_html","visibility":true,"settings":{"admin_label":"","title":"","heading_selector":"h3","title_fontsize":"","title_lineheight":"","title_fontstyle":null,"title_letterspace":"0","title_fontweight":"","title_text_color":"","title_margin_top":"","title_margin_bottom":"","html":"<h4 class=\"heading-primary mt-lg\">Get in <strong>Touch</strong></h4>\n\t\t\t\t\t\t\t<p>Lorem ipsum dolor sit amet, consectetur adipiscing elit. Curabitur eget leo at velit imperdiet varius. In eu ipsum vitae velit congue iaculis vitae at risus. Lorem ipsum dolor sit amet, consectetur adipiscing elit.</p>\n\n\t\t\t\t\t\t\t<hr>\n\n\t\t\t\t\t\t\t<h4 class=\"heading-primary\">The <strong>Office</strong></h4>\n\t\t\t\t\t\t\t<ul class=\"list list-icons list-icons-style-3 mt-xlg\">\n\t\t\t\t\t\t\t\t<li><i class=\"fa fa-map-marker\"></i> <strong>Address:</strong> 1234 Street Name, City Name, United States</li>\n\t\t\t\t\t\t\t\t<li><i class=\"fa fa-phone\"></i> <strong>Phone:</strong> (123) 456-789</li>\n\t\t\t\t\t\t\t\t<li><i class=\"fa fa-envelope\"></i> <strong>Email:</strong> <a href=\"mailto:mail@example.com\">mail@example.com</a></li>\n\t\t\t\t\t\t\t</ul>\n\n\t\t\t\t\t\t\t<hr>\n\n\t\t\t\t\t\t\t<h4 class=\"heading-primary\">Business <strong>Hours</strong></h4>\n\t\t\t\t\t\t\t<ul class=\"list list-icons list-dark mt-xlg\">\n\t\t\t\t\t\t\t\t<li><i class=\"fa fa-clock-o\"></i> Monday - Friday - 9am to 5pm</li>\n\t\t\t\t\t\t\t\t<li><i class=\"fa fa-clock-o\"></i> Saturday - 9am to 2pm</li>\n\t\t\t\t\t\t\t\t<li><i class=\"fa fa-clock-o\"></i> Sunday - Closed</li>\n\t\t\t\t\t\t\t</ul>\n\n\t\t\t\t\t\t","class":"","global_text_color":"","global_link_color":"","global_link_hover_color":"","global_use_background":"0","global_background_color":"","global_background_image":"","global_background_repeat":"no-repeat","global_background_size":"cover","global_background_attachment":"inherit","global_user_border":"0","global_border_width":"","global_border_color":"","global_boder_style":"none","global_border_radius":"","global_margin":"","global_padding":"","global_use_animation":"0","global_animation":"","global_animationduration":"300","global_animationdelay":"0","hidden_md":"0","hidden_sm":"0","hidden_xs":"0","acl":null}}]}]}]