[{"id":1482526826374,"visibility":true,"collapse":false,"settings":{"admin_label":"","title":"","heading_selector":"h3","title_fontsize":"","title_fontweight":"","title_text_color":"","title_margin_top":"","title_margin_bottom":"","subtitle":"","subtitle_fontsize":"","title_position":"sppb-text-center","columns_equal_height":"0","fullscreen":"0","no_gutter":"0","id":"","class":"home-intro","padding":"20px 0px 20px 0px","margin":"0px 0px 0px 0px","color":"","background_color":"","background_image":"","overlay":"","background_repeat":"no-repeat","background_size":"cover","background_attachment":"fixed","background_position":"0 0","background_video":"0","background_video_mp4":"","background_video_ogv":"","hidden_xs":"","hidden_sm":"","hidden_md":"","animation":"","animationduration":"300","animationdelay":"0"},"layout":"12","columns":[{"id":1479706363937,"class_name":"col-md-12","visibility":true,"settings":{},"addons":[{"id":1479706363940,"name":"raw_html","visibility":true,"settings":{"admin_label":"call to action","title":"","heading_selector":"h3","title_fontsize":"","title_lineheight":"","title_fontstyle":null,"title_letterspace":"0","title_fontweight":"","title_text_color":"","title_margin_top":"","title_margin_bottom":"","html":"<div class=\"container\">\t\t\t\t\t\t\t\n<div class=\"col-md-8\">\n\t\t\t\t\t\t\t\t<p>\n\t\t\t\t\t\t\t\t\tThe fastest way to create your new and awesome <em>Website</em>\n\t\t\t\t\t\t\t\t\t<span>Check out our options and features included.</span>\n\t\t\t\t\t\t\t\t</p>\n\t\t\t\t\t\t\t</div>\n\t\t\t\t\t\t\t<div class=\"col-md-4\">\n\t\t\t\t\t\t\t\t<div class=\"get-started\">\n\t\t\t\t\t\t\t\t\t<a href=\"#\" class=\"btn btn-lg btn-primary\">Get Started Now!</a>\n\t\t\t\t\t\t\t\t\t<div class=\"learn-more\">or <a href=\"index.html\">learn more.</a></div>\n\t\t\t\t\t\t\t\t</div>\n\t\t\t\t\t\t\t</div>\n</div>","class":"","global_text_color":"","global_link_color":"","global_link_hover_color":"","global_use_background":"0","global_background_color":"","global_background_image":"","global_background_repeat":"no-repeat","global_background_size":"cover","global_background_attachment":"inherit","global_user_border":"0","global_border_width":"","global_border_color":"","global_boder_style":"none","global_border_radius":"","global_margin":"","global_padding":"","global_use_animation":"0","global_animation":"","global_animationduration":"300","global_animationdelay":"0","hidden_md":"0","hidden_sm":"0","hidden_xs":"0","acl":null}}]}]},{"id":1479706745258,"visibility":true,"collapse":false,"settings":{"admin_label":"","title":"","heading_selector":"h3","title_fontsize":"","title_fontweight":"","title_text_color":"","title_margin_top":"","title_margin_bottom":"","subtitle":"","subtitle_fontsize":"","title_position":"sppb-text-center","columns_equal_height":"0","fullscreen":"1","no_gutter":"1","id":"","class":"","padding":"50px 0px 0px 0px","margin":"0px 0px 0px 0px","color":"","background_color":"","background_image":"","overlay":"","background_repeat":"no-repeat","background_size":"cover","background_attachment":"fixed","background_position":"0 0","background_video":"0","background_video_mp4":"","background_video_ogv":"","hidden_xs":"","hidden_sm":"","hidden_md":"","animation":"","animationduration":"300","animationdelay":"0"},"layout":"12","columns":[{"id":1479706745259,"class_name":"col-md-12","visibility":true,"settings":{},"addons":[{"id":1479706745262,"name":"raw_html","visibility":true,"settings":{"admin_label":"Animated text","title":"","heading_selector":"h3","title_fontsize":"","title_lineheight":"","title_fontstyle":null,"title_letterspace":"0","title_fontweight":"","title_text_color":"","title_margin_top":"","title_margin_bottom":"","html":"\t\t\t\t\t\t\t<div class=\"cd-intro\">\n\t<h1 class=\"cd-headline rotate-1\">\n\t\t<span>Porto is</span> \n\t\t<span class=\"cd-words-wrapper\" style=\"width: 180px;\">\n\t\t<span class=\"cd-words-wrapper\" style=\"width: 204px;\"><b class=\"bg-brand is-visible\">incredibly</b><b class=\"bg-brand is-hidden\">especially</b><b class=\"bg-brand is-hidden\">extremely</b>\n  </span>\n<span>beautiful and fully responsive. </span>\n </h1>\n</div>\n<p class=\"lead\"> Lorem ipsum dolor sit amet, consectetur adipiscing elit. Fusce elementum, nulla vel pellentesque consequat, ante nulla hendrerit arcu, ac tincidunt mauris lacus sed leo. vamus suscipit molestie vestibulum. </p>","class":"center container","global_text_color":"","global_link_color":"","global_link_hover_color":"","global_use_background":"0","global_background_color":"","global_background_image":"","global_background_repeat":"no-repeat","global_background_size":"cover","global_background_attachment":"inherit","global_user_border":"0","global_border_width":"","global_border_color":"","global_boder_style":"none","global_border_radius":"","global_margin":"","global_padding":"","global_use_animation":"0","global_animation":"","global_animationduration":"300","global_animationdelay":"0","hidden_md":"0","hidden_sm":"0","hidden_xs":"0","acl":null}}]}]},{"id":1479706745267,"visibility":true,"collapse":false,"settings":{"admin_label":"","title":"","heading_selector":"h3","title_fontsize":"","title_fontweight":"","title_text_color":"","title_margin_top":"","title_margin_bottom":"","subtitle":"","subtitle_fontsize":"","title_position":"sppb-text-center","columns_equal_height":"0","fullscreen":"1","no_gutter":"1","id":"","class":"","padding":"0px 0px 0px 0px","margin":"0px 0px 0px 0px","color":"","background_color":"","background_image":"","overlay":"","background_repeat":"no-repeat","background_size":"cover","background_attachment":"fixed","background_position":"0 0","background_video":"0","background_video_mp4":"","background_video_ogv":"","hidden_xs":"","hidden_sm":"","hidden_md":"","animation":"","animationduration":"300","animationdelay":"0"},"layout":"12,12","columns":[{"id":1479706745268,"class_name":"col-md-12","visibility":true,"settings":{},"addons":[{"id":1480688220067,"name":"portoconcept","visibility":true,"settings":{"admin_label":"Home concept","block_1":"Strategy","block_1_image":"images/joomlabuff/home-concept-item-1.png","block_2":"Planning","block_2_image":"images/joomlabuff/home-concept-item-2.png","block_3":"Build","block_3_image":"images/joomlabuff/home-concept-item-3.png","sp_portoconcept_item":[{"title":"John Doe","c_image":"images/joomlabuff/projects/project-home-2.jpg"},{"title":"","c_image":"images/joomlabuff/projects/project-home-1.jpg"}],"block_4":"Our Work","class":"","global_text_color":"","global_link_color":"","global_link_hover_color":"","global_use_background":"0","global_background_color":"","global_background_image":"","global_background_repeat":"no-repeat","global_background_size":"cover","global_background_attachment":"inherit","global_user_border":"0","global_border_width":"","global_border_color":"","global_boder_style":"none","global_border_radius":"","global_margin":"","global_padding":"","global_use_animation":"0","global_animation":"","global_animationduration":"300","global_animationdelay":"0","hidden_md":"0","hidden_sm":"0","hidden_xs":"0","acl":null}}]},{"id":1479738462244,"class_name":"col-md-12","visibility":true,"settings":{},"addons":[{"id":1479738462248,"name":"raw_html","visibility":true,"settings":{"admin_label":"line break","title":"","heading_selector":"h3","title_fontsize":"","title_lineheight":"","title_fontstyle":null,"title_letterspace":"0","title_fontweight":"","title_text_color":"","title_margin_top":"","title_margin_bottom":"","html":"<hr class=\"tall\">","class":"","global_text_color":"","global_link_color":"","global_link_hover_color":"","global_use_background":"0","global_background_color":"","global_background_image":"","global_background_repeat":"no-repeat","global_background_size":"cover","global_background_attachment":"inherit","global_user_border":"0","global_border_width":"","global_border_color":"","global_boder_style":"none","global_border_radius":"","global_margin":"","global_padding":"","global_use_animation":"0","global_animation":"","global_animationduration":"300","global_animationdelay":"0","hidden_md":"0","hidden_sm":"0","hidden_xs":"0","acl":null}}]}]},{"id":1479706745294,"visibility":true,"collapse":false,"settings":{"admin_label":"","title":"","heading_selector":"h3","title_fontsize":"","title_fontweight":"","title_text_color":"","title_margin_top":"","title_margin_bottom":"","subtitle":"","subtitle_fontsize":"","title_position":"sppb-text-center","columns_equal_height":"0","fullscreen":"0","no_gutter":"0","id":"","class":"","padding":"0px 0px 0px 0px","margin":"0px 0px 0px 0px","color":"","background_color":"","background_image":"","overlay":"","background_repeat":"no-repeat","background_size":"cover","background_attachment":"fixed","background_position":"0 0","background_video":"0","background_video_mp4":"","background_video_ogv":"","hidden_xs":"","hidden_sm":"","hidden_md":"","animation":"","animationduration":"300","animationdelay":"0"},"layout":"8,4,12","columns":[{"id":1479706745295,"class_name":"col-md-8","visibility":true,"settings":{},"addons":[{"id":1479706745300,"name":"raw_html","visibility":true,"settings":{"admin_label":"Our Features","title":"Our <strong>Features</strong>","heading_selector":"h2","title_fontsize":"","title_lineheight":"","title_fontstyle":null,"title_letterspace":"0","title_fontweight":"","title_text_color":"","title_margin_top":"","title_margin_bottom":"","html":"<div class=\"row\">\n\t\t\t\t\t\t\t\t<div class=\"col-sm-6\">\n\t\t\t\t\t\t\t\t\t<div class=\"feature-box\">\n\t\t\t\t\t\t\t\t\t\t<div class=\"feature-box-icon\">\n\t\t\t\t\t\t\t\t\t\t\t<i class=\"fa fa-group\"></i>\n\t\t\t\t\t\t\t\t\t\t</div>\n\t\t\t\t\t\t\t\t\t\t<div class=\"feature-box-info\">\n\t\t\t\t\t\t\t\t\t\t\t<h4 class=\"heading-primary mb-none\">Customer Support</h4>\n\t\t\t\t\t\t\t\t\t\t\t<p class=\"tall\">Lorem ipsum dolor sit amet, consectetur adip.</p>\n\t\t\t\t\t\t\t\t\t\t</div>\n\t\t\t\t\t\t\t\t\t</div>\n\t\t\t\t\t\t\t\t\t<div class=\"feature-box\">\n\t\t\t\t\t\t\t\t\t\t<div class=\"feature-box-icon\">\n\t\t\t\t\t\t\t\t\t\t\t<i class=\"fa fa-file\"></i>\n\t\t\t\t\t\t\t\t\t\t</div>\n\t\t\t\t\t\t\t\t\t\t<div class=\"feature-box-info\">\n\t\t\t\t\t\t\t\t\t\t\t<h4 class=\"heading-primary mb-none\">HTML5 / CSS3 / JS</h4>\n\t\t\t\t\t\t\t\t\t\t\t<p class=\"tall\">Lorem ipsum dolor sit amet, adip.</p>\n\t\t\t\t\t\t\t\t\t\t</div>\n\t\t\t\t\t\t\t\t\t</div>\n\t\t\t\t\t\t\t\t\t<div class=\"feature-box\">\n\t\t\t\t\t\t\t\t\t\t<div class=\"feature-box-icon\">\n\t\t\t\t\t\t\t\t\t\t\t<i class=\"fa fa-google-plus\"></i>\n\t\t\t\t\t\t\t\t\t\t</div>\n\t\t\t\t\t\t\t\t\t\t<div class=\"feature-box-info\">\n\t\t\t\t\t\t\t\t\t\t\t<h4 class=\"heading-primary mb-none\">500+ Google Fonts</h4>\n\t\t\t\t\t\t\t\t\t\t\t<p class=\"tall\">Lorem ipsum dolor sit amet, consectetur adip.</p>\n\t\t\t\t\t\t\t\t\t\t</div>\n\t\t\t\t\t\t\t\t\t</div>\n\t\t\t\t\t\t\t\t\t<div class=\"feature-box\">\n\t\t\t\t\t\t\t\t\t\t<div class=\"feature-box-icon\">\n\t\t\t\t\t\t\t\t\t\t\t<i class=\"fa fa-adjust\"></i>\n\t\t\t\t\t\t\t\t\t\t</div>\n\t\t\t\t\t\t\t\t\t\t<div class=\"feature-box-info\">\n\t\t\t\t\t\t\t\t\t\t\t<h4 class=\"heading-primary mb-none\">Colors</h4>\n\t\t\t\t\t\t\t\t\t\t\t<p class=\"tall\">Lorem ipsum dolor sit amet, consectetur adip.</p>\n\t\t\t\t\t\t\t\t\t\t</div>\n\t\t\t\t\t\t\t\t\t</div>\n\t\t\t\t\t\t\t\t</div>\n\t\t\t\t\t\t\t\t<div class=\"col-sm-6\">\n\t\t\t\t\t\t\t\t\t<div class=\"feature-box\">\n\t\t\t\t\t\t\t\t\t\t<div class=\"feature-box-icon\">\n\t\t\t\t\t\t\t\t\t\t\t<i class=\"fa fa-film\"></i>\n\t\t\t\t\t\t\t\t\t\t</div>\n\t\t\t\t\t\t\t\t\t\t<div class=\"feature-box-info\">\n\t\t\t\t\t\t\t\t\t\t\t<h4 class=\"heading-primary mb-none\">Sliders</h4>\n\t\t\t\t\t\t\t\t\t\t\t<p class=\"tall\">Lorem ipsum dolor sit amet, consectetur.</p>\n\t\t\t\t\t\t\t\t\t\t</div>\n\t\t\t\t\t\t\t\t\t</div>\n\t\t\t\t\t\t\t\t\t<div class=\"feature-box\">\n\t\t\t\t\t\t\t\t\t\t<div class=\"feature-box-icon\">\n\t\t\t\t\t\t\t\t\t\t\t<i class=\"fa fa-user\"></i>\n\t\t\t\t\t\t\t\t\t\t</div>\n\t\t\t\t\t\t\t\t\t\t<div class=\"feature-box-info\">\n\t\t\t\t\t\t\t\t\t\t\t<h4 class=\"heading-primary mb-none\">Icons</h4>\n\t\t\t\t\t\t\t\t\t\t\t<p class=\"tall\">Lorem ipsum dolor sit amet, consectetur adip.</p>\n\t\t\t\t\t\t\t\t\t\t</div>\n\t\t\t\t\t\t\t\t\t</div>\n\t\t\t\t\t\t\t\t\t<div class=\"feature-box\">\n\t\t\t\t\t\t\t\t\t\t<div class=\"feature-box-icon\">\n\t\t\t\t\t\t\t\t\t\t\t<i class=\"fa fa-bars\"></i>\n\t\t\t\t\t\t\t\t\t\t</div>\n\t\t\t\t\t\t\t\t\t\t<div class=\"feature-box-info\">\n\t\t\t\t\t\t\t\t\t\t\t<h4 class=\"heading-primary mb-none\">Buttons</h4>\n\t\t\t\t\t\t\t\t\t\t\t<p class=\"tall\">Lorem ipsum dolor sit, consectetur adip.</p>\n\t\t\t\t\t\t\t\t\t\t</div>\n\t\t\t\t\t\t\t\t\t</div>\n\t\t\t\t\t\t\t\t\t<div class=\"feature-box\">\n\t\t\t\t\t\t\t\t\t\t<div class=\"feature-box-icon\">\n\t\t\t\t\t\t\t\t\t\t\t<i class=\"fa fa-desktop\"></i>\n\t\t\t\t\t\t\t\t\t\t</div>\n\t\t\t\t\t\t\t\t\t\t<div class=\"feature-box-info\">\n\t\t\t\t\t\t\t\t\t\t\t<h4 class=\"heading-primary mb-none\">Lightbox</h4>\n\t\t\t\t\t\t\t\t\t\t\t<p class=\"tall\">Lorem sit amet, consectetur adip.</p>\n\t\t\t\t\t\t\t\t\t\t</div>\n\t\t\t\t\t\t\t\t\t</div>\n\t\t\t\t\t\t\t\t</div>\n\t\t\t\t\t\t\t</div>","class":"","global_text_color":"","global_link_color":"","global_link_hover_color":"","global_use_background":"0","global_background_color":"","global_background_image":"","global_background_repeat":"no-repeat","global_background_size":"cover","global_background_attachment":"inherit","global_user_border":"0","global_border_width":"","global_border_color":"","global_boder_style":"none","global_border_radius":"","global_margin":"","global_padding":"","global_use_animation":"0","global_animation":"","global_animationduration":"300","global_animationdelay":"0","hidden_md":"0","hidden_sm":"0","hidden_xs":"0","acl":null}}]},{"id":1479706745296,"class_name":"col-md-4","visibility":true,"settings":{},"addons":[{"id":1479738462219,"name":"accordion","visibility":true,"settings":{"admin_label":"accordition","title":"and more...","heading_selector":"h2","title_fontsize":"","title_lineheight":"","title_fontstyle":["lighter"],"title_letterspace":"0","title_fontweight":"","title_text_color":"","title_margin_top":"","title_margin_bottom":"","style":"panel-default","class":"","sp_accordion_item":[{"title":"Pricing tables","icon":"fa-dollar","content":"<div id=\"collapseOne\" class=\"accordion-body collapse in\">\n<div class=\"panel-body\">Donec tellus massa, tristique sit amet condim vel, facilisis quis sapien. Praesent id enim sit amet odio vulputate eleifend in in tortor.</div>\n</div>"},{"title":"Contact Forms","icon":"fa-comment","content":"<div id=\"collapseTwo\" class=\"accordion-body collapse in\">\n<div class=\"panel-body\">Donec tellus massa, tristique sit amet condimentum vel, facilisis quis sapien.</div>\n</div>"},{"title":"Portfolio pages","icon":"fa-laptop","content":"<div id=\"collapseOne\" class=\"accordion-body collapse in\">\n<div class=\"panel-body\">\n<div id=\"collapseThree\" class=\"accordion-body collapse in\">\n<div class=\"panel-body\">Donec tellus massa, tristique sit amet condimentum vel, facilisis quis sapien.</div>\n</div>\n</div>\n</div>"}],"global_text_color":"","global_link_color":"","global_link_hover_color":"","global_use_background":"0","global_background_color":"","global_background_image":"","global_background_repeat":"no-repeat","global_background_size":"cover","global_background_attachment":"inherit","global_user_border":"0","global_border_width":"","global_border_color":"","global_boder_style":"none","global_border_radius":"","global_margin":"","global_padding":"","global_use_animation":"0","global_animation":"","global_animationduration":"300","global_animationdelay":"0","hidden_md":"0","hidden_sm":"0","hidden_xs":"0","acl":null}}]},{"id":1479738462240,"class_name":"col-md-12","visibility":true,"settings":{},"addons":[{"id":1479738462243,"name":"raw_html","visibility":true,"settings":{"admin_label":"","title":"","heading_selector":"h3","title_fontsize":"","title_lineheight":"","title_fontstyle":null,"title_letterspace":"0","title_fontweight":"","title_text_color":"","title_margin_top":"","title_margin_bottom":"","html":"<div class=\"container\">\n\t\t\t\t<div class=\"row\">\n\t\t\t\t\t<hr class=\"tall\">\n\t\t\t\t\t</div>\n\t\t\t\t</div>","class":"","global_text_color":"","global_link_color":"","global_link_hover_color":"","global_use_background":"0","global_background_color":"","global_background_image":"","global_background_repeat":"no-repeat","global_background_size":"cover","global_background_attachment":"inherit","global_user_border":"0","global_border_width":"","global_border_color":"","global_boder_style":"none","global_border_radius":"","global_margin":"","global_padding":"","global_use_animation":"0","global_animation":"","global_animationduration":"300","global_animationdelay":"0","hidden_md":"0","hidden_sm":"0","hidden_xs":"0","acl":null}}]}]},{"id":1479738462251,"visibility":true,"collapse":false,"settings":{"admin_label":"","title":"","heading_selector":"h3","title_fontsize":"","title_fontweight":"","title_text_color":"","title_margin_top":"","title_margin_bottom":"","subtitle":"","subtitle_fontsize":"","title_position":"sppb-text-center","columns_equal_height":"0","fullscreen":"0","no_gutter":"0","id":"","class":"","padding":"0px 0px 0px 0px","margin":"0px 0px 0px 0px","color":"","background_color":"","background_image":"","overlay":"","background_repeat":"no-repeat","background_size":"cover","background_attachment":"fixed","background_position":"0 0","background_video":"0","background_video_mp4":"","background_video_ogv":"","hidden_xs":"","hidden_sm":"","hidden_md":"","animation":"","animationduration":"300","animationdelay":"0"},"layout":"12","columns":[{"id":1479738462252,"class_name":"col-md-12","visibility":true,"settings":{},"addons":[{"id":1479738462255,"name":"raw_html","visibility":true,"settings":{"admin_label":"animated numbers","title":"","heading_selector":"h3","title_fontsize":"","title_lineheight":"","title_fontstyle":null,"title_letterspace":"0","title_fontweight":"","title_text_color":"","title_margin_top":"","title_margin_bottom":"","html":"\t\t\t\t\t\t\t<div class=\"cd-intro\">\n\t<h2 class=\"mb-sm cd-headline rotate-1\">\n\t\t<span> We're not the only ones </span> \n\t\t<span class=\"cd-words-wrapper\" style=\"width: 180px;\">\n\t\t<span class=\"cd-words-wrapper\" style=\"width: 204px;\"><b class=\"brand is-visible\">excited</b><b class=\"brand is-hidden\">happy</b><b class=\"brand is-hidden\">excited</b>\n  </span>\n<span>about Porto Template... </span>\n </h2>\n</div>\n<h4 class=\"heading-primary lead tall\">20,000 customers in 100 countries use Porto Template. Meet our customers.</h4>\n","class":"center","global_text_color":"","global_link_color":"","global_link_hover_color":"","global_use_background":"0","global_background_color":"","global_background_image":"","global_background_repeat":"no-repeat","global_background_size":"cover","global_background_attachment":"inherit","global_user_border":"0","global_border_width":"","global_border_color":"","global_boder_style":"none","global_border_radius":"","global_margin":"","global_padding":"","global_use_animation":"0","global_animation":"","global_animationduration":"300","global_animationdelay":"0","hidden_md":"0","hidden_sm":"0","hidden_xs":"0","acl":null}}]}]},{"id":1479738462260,"visibility":true,"collapse":false,"settings":{"padding":"50px 0px 50px 0px","margin":"0px 0px 0px 0px"},"layout":"12","columns":[{"id":1479738462261,"class_name":"col-md-12","visibility":true,"settings":{},"addons":[{"id":1480950766934,"name":"portoclients","visibility":true,"settings":{"admin_label":"Client logo","title":"","loop":"1","mouseDrag":"1","autoplay":"0","autoplay_interval":"5000","nav":"0","dots":"0","count":"5","class":"","sp_portoclients_item":[{"title":"Client 1","image":"images/joomlabuff/clients-logos/logo-3.png","url":"#"},{"title":"","image":"images/joomlabuff/clients-logos/logo-1.png","url":"#"},{"title":"","image":"images/joomlabuff/clients-logos/logo-3.png","url":"#"},{"title":"","image":"images/joomlabuff/clients-logos/logo-4.png","url":"#"},{"title":"","image":"images/joomlabuff/clients-logos/logo-5.png","url":"#"},{"title":"","image":"images/joomlabuff/clients-logos/logo-6.png","url":"#"}],"global_text_color":"","global_link_color":"","global_link_hover_color":"","global_use_background":"0","global_background_color":"","global_background_image":"","global_background_repeat":"no-repeat","global_background_size":"cover","global_background_attachment":"inherit","global_user_border":"0","global_border_width":"","global_border_color":"","global_boder_style":"none","global_border_radius":"","global_margin":"","global_padding":"","global_use_animation":"0","global_animation":"","global_animationduration":"300","global_animationdelay":"0","hidden_md":"0","hidden_sm":"0","hidden_xs":"0","acl":null}}]}]},{"id":1479738462273,"visibility":true,"collapse":false,"settings":{"admin_label":"","title":"","heading_selector":"h3","title_fontsize":"","title_fontweight":"","title_text_color":"","title_margin_top":"","title_margin_bottom":"","subtitle":"","subtitle_fontsize":"","title_position":"sppb-text-center","columns_equal_height":"0","fullscreen":"1","no_gutter":"1","id":"","class":"map-section","padding":"129px 0px 0px 0px","margin":"20px 0px 0px 0px","color":"","background_color":"","background_image":"images/2016/11/21/map.png","overlay":"","background_repeat":"no-repeat","background_size":"inherit","background_attachment":"scroll","background_position":"50% 0","background_video":"0","background_video_mp4":"","background_video_ogv":"","hidden_xs":"","hidden_sm":"","hidden_md":"","animation":"","animationduration":"300","animationdelay":"0"},"layout":"6,6","columns":[{"id":1479738462274,"class_name":"col-md-6","visibility":true,"settings":{"color":"","background":"","background_image":"","overlay":"","background_repeat":"no-repeat","background_size":"cover","background_attachment":"scroll","background_position":"0 0","padding":"","class":"section section-default section-footer","sm_col":"","xs_col":"","hidden_xs":"","hidden_sm":"","hidden_md":"","animation":"","animationduration":"300","animationdelay":"0"},"addons":[{"id":1479800399976,"name":"module","visibility":true,"settings":{"admin_label":"Blog slider","title":"Latest <strong>Blog</strong> Posts","heading_selector":"h2","title_fontsize":"","title_lineheight":"","title_fontstyle":null,"title_letterspace":"0","title_fontweight":"","title_text_color":"","title_margin_top":"","title_margin_bottom":"","module_type":"module","id":"103","position":"","class":"recent-posts mb-xl","global_text_color":"","global_link_color":"","global_link_hover_color":"","global_use_background":"0","global_background_color":"","global_background_image":"","global_background_repeat":"no-repeat","global_background_size":"cover","global_background_attachment":"inherit","global_user_border":"0","global_border_width":"","global_border_color":"","global_boder_style":"none","global_border_radius":"","global_margin":"","global_padding":"","global_use_animation":"0","global_animation":"","global_animationduration":"300","global_animationdelay":"0","hidden_md":"0","hidden_sm":"0","hidden_xs":"0","acl":null}}]},{"id":1479738462275,"class_name":"col-md-6","visibility":true,"settings":{"color":"","background":"","background_image":"","overlay":"","background_repeat":"no-repeat","background_size":"cover","background_attachment":"scroll","background_position":"0 0","padding":"","class":"section section-default section-footer","sm_col":"","xs_col":"","hidden_xs":"","hidden_sm":"","hidden_md":"","animation":"","animationduration":"300","animationdelay":"0"},"addons":[{"id":1480950766945,"name":"testimonialporto","visibility":true,"settings":{"admin_label":"What Client’s Say","title":"<strong>What</strong> Client’s Say","heading_selector":"h2","items":"1","loop":"1","mouseDrag":"1","autoplay":"0","autoplay_interval":"5000","nav":"0","dots":"1","class":"","style":"style1","sp_testimonialporto_item":[{"title":"John Doe","desc":"CEO & Founder","avatar":"images/2016/11/22/client-1.jpg","avatar_style":"sppb-img-rounded","avatar_position":"top","message":"<p>When, while the lovely valley teems with vapour around me, and the meridian sun strikes the upper surface of the impenetrable foliage of my trees, and but a few stray gleams steal into the inner sanctuary, I throw myself down among the tall grass by the trickling stream.</p>","url":"","link_target":""},{"title":"Vijayanand","desc":"Joomla","avatar":"images/2016/11/22/client-1.jpg","avatar_style":"","avatar_position":"top","message":"<p>When, while the lovely valley teems with vapour around me, and the meridian sun strikes the upper surface of the impenetrable foliage of my trees, and but a few stray gleams steal into the inner sanctuary.</p>","url":"#","link_target":""}],"global_text_color":"","global_link_color":"","global_link_hover_color":"","global_use_background":"0","global_background_color":"","global_background_image":"","global_background_repeat":"no-repeat","global_background_size":"cover","global_background_attachment":"inherit","global_user_border":"0","global_border_width":"","global_border_color":"","global_boder_style":"none","global_border_radius":"","global_margin":"","global_padding":"","global_use_animation":"0","global_animation":"","global_animationduration":"300","global_animationdelay":"0","hidden_md":"0","hidden_sm":"0","hidden_xs":"0","acl":null}}]}]}]