[{"id":1480050231025,"visibility":true,"collapse":false,"settings":{"admin_label":"","title":"","heading_selector":"h3","title_fontsize":"","title_fontweight":"","title_text_color":"","title_margin_top":"","title_margin_bottom":"","subtitle":"","subtitle_fontsize":"","title_position":"sppb-text-center","columns_equal_height":"0","fullscreen":"1","no_gutter":"1","id":"","class":"home-intro","padding":"20px 0px 20px 0px","margin":"0px 0px 0px 0px","color":"","background_color":"","background_image":"","overlay":"","background_repeat":"no-repeat","background_size":"cover","background_attachment":"fixed","background_position":"0 0","background_video":"0","background_video_mp4":"","background_video_ogv":"","hidden_xs":"","hidden_sm":"","hidden_md":"","animation":"","animationduration":"300","animationdelay":"0"},"layout":"12","columns":[{"id":1479706363937,"class_name":"col-md-12","visibility":true,"settings":{},"addons":[{"id":1479706363940,"name":"raw_html","visibility":true,"settings":{"admin_label":"call to action","title":"","heading_selector":"h3","title_fontsize":"","title_lineheight":"","title_fontstyle":null,"title_letterspace":"0","title_fontweight":"","title_text_color":"","title_margin_top":"","title_margin_bottom":"","html":"<div class=\"container\">\t\t\t\t\t\t\t\n<div class=\"col-md-8\">\n\t\t\t\t\t\t\t\t<p>\n\t\t\t\t\t\t\t\t\tThe fastest way to grow your business with the leader in <em>Technology</em>\n\t\t\t\t\t\t\t\t\t<span>Check out our options and features included.</span>\n\t\t\t\t\t\t\t\t</p>\n\t\t\t\t\t\t\t</div>\n\t\t\t\t\t\t\t<div class=\"col-md-4\">\n\t\t\t\t\t\t\t\t<div class=\"get-started\">\n\t\t\t\t\t\t\t\t\t<a href=\"#\" class=\"btn btn-lg btn-primary\">Get Started Now!</a>\n\t\t\t\t\t\t\t\t\t<div class=\"learn-more\">or <a href=\"index.html\">learn more.</a></div>\n\t\t\t\t\t\t\t\t</div>\n\t\t\t\t\t\t\t</div>\n</div>","class":"","global_text_color":"","global_link_color":"","global_link_hover_color":"","global_use_background":"0","global_background_color":"","global_background_image":"","global_background_repeat":"no-repeat","global_background_size":"cover","global_background_attachment":"inherit","global_user_border":"0","global_border_width":"","global_border_color":"","global_boder_style":"none","global_border_radius":"","global_margin":"","global_padding":"","global_use_animation":"0","global_animation":"","global_animationduration":"300","global_animationdelay":"0","hidden_md":"0","hidden_sm":"0","hidden_xs":"0","acl":null}}]}]},{"id":1480062315015,"visibility":true,"collapse":false,"settings":{"admin_label":"","title":"","heading_selector":"h3","title_fontsize":"","title_fontweight":"","title_text_color":"","title_margin_top":"","title_margin_bottom":"","subtitle":"","subtitle_fontsize":"","title_position":"sppb-text-center","columns_equal_height":"0","fullscreen":"0","no_gutter":"0","id":"","class":"","padding":"50px 0px 50px 0px","margin":"0px 0px 0px 0px","color":"","background_color":"","background_image":"","overlay":"","background_repeat":"no-repeat","background_size":"cover","background_attachment":"fixed","background_position":"0 0","background_video":"0","background_video_mp4":"","background_video_ogv":"","hidden_xs":"","hidden_sm":"","hidden_md":"","animation":"","animationduration":"300","animationdelay":"0"},"layout":"4,8","columns":[{"id":1480062315016,"class_name":"col-md-4","visibility":true,"settings":{},"addons":[{"id":1480062315020,"name":"raw_html","visibility":true,"settings":{"admin_label":"","title":"<strong>Who</strong> We Are","heading_selector":"h2","title_fontsize":"","title_lineheight":"","title_fontstyle":null,"title_letterspace":"0","title_fontweight":"","title_text_color":"","title_margin_top":"","title_margin_bottom":"","html":"<p>Proin gravida nibh vel velit auctor aliquet. Aenean sollicitudin, lorem quis bibendum auctor, nisi elit consequat ipsum, nec sagittis sem nibh id elit. Duis sed odio sit amet nibh vulputate cursus a sit amet mauris. Morbi accumsan ipsum velit. Nam nec tellus a odio tincidunt auctor a ornare odio. Sed non  mauris vitae erat consequat.</p>\n<a class=\"btn btn-borders btn-default mr-xs mb-sm\">Read More</a>","class":"","global_text_color":"","global_link_color":"","global_link_hover_color":"","global_use_background":"0","global_background_color":"","global_background_image":"","global_background_repeat":"no-repeat","global_background_size":"cover","global_background_attachment":"inherit","global_user_border":"0","global_border_width":"","global_border_color":"","global_boder_style":"none","global_border_radius":"","global_margin":"","global_padding":"","global_use_animation":"0","global_animation":"","global_animationduration":"300","global_animationdelay":"0","hidden_md":"0","hidden_sm":"0","hidden_xs":"0","acl":null}}]},{"id":1480062315017,"class_name":"col-md-8","visibility":true,"settings":{},"addons":[{"id":1480062315025,"name":"raw_html","visibility":true,"settings":{"admin_label":"","title":"<strong>Our</strong> Services","heading_selector":"h2","title_fontsize":"","title_lineheight":"","title_fontstyle":null,"title_letterspace":"0","title_fontweight":"","title_text_color":"","title_margin_top":"","title_margin_bottom":"","html":"<div class=\"row\">\n\t\t\t\t\t\t\t\t<div class=\"col-md-6\">\n\t\t\t\t\t\t\t\t\t<div class=\"feature-box feature-box-style-2 appear-animation animated fadeInLeft appear-animation-visible\" data-appear-animation=\"fadeInLeft\" data-appear-animation-delay=\"0\">\n\t\t\t\t\t\t\t\t\t\t<div class=\"feature-box-icon\">\n\t\t\t\t\t\t\t\t\t\t\t<i class=\"icon-user-following icons\"></i>\n\t\t\t\t\t\t\t\t\t\t</div>\n\t\t\t\t\t\t\t\t\t\t<div class=\"feature-box-info\">\n\t\t\t\t\t\t\t\t\t\t\t<h4 class=\"mb-sm\">Customer Support</h4>\n\t\t\t\t\t\t\t\t\t\t\t<p class=\"mb-lg\">Lorem ipsum dolor sit amet, consectetur adipiscing metus elit. Quisque rutrum pellentesque imperdiet.</p>\n\t\t\t\t\t\t\t\t\t\t</div>\n\t\t\t\t\t\t\t\t\t</div>\n\t\t\t\t\t\t\t\t</div>\n\t\t\t\t\t\t\t\t<div class=\"col-md-6\">\n\t\t\t\t\t\t\t\t\t<div class=\"feature-box feature-box-style-2 appear-animation animated fadeInLeft appear-animation-visible\" data-appear-animation=\"fadeInLeft\" data-appear-animation-delay=\"0\">\n\t\t\t\t\t\t\t\t\t\t<div class=\"feature-box-icon\">\n\t\t\t\t\t\t\t\t\t\t\t<i class=\"icon-layers icons\"></i>\n\t\t\t\t\t\t\t\t\t\t</div>\n\t\t\t\t\t\t\t\t\t\t<div class=\"feature-box-info\">\n\t\t\t\t\t\t\t\t\t\t\t<h4 class=\"mb-sm\">Sliders</h4>\n\t\t\t\t\t\t\t\t\t\t\t<p class=\"mb-lg\">Lorem ipsum dolor sit amet, consectetur adipiscing elit. Quisque rutrum pellentesque imperdiet. Nulla lacinia iaculis nulla.</p>\n\t\t\t\t\t\t\t\t\t\t</div>\n\t\t\t\t\t\t\t\t\t</div>\n\t\t\t\t\t\t\t\t</div>\n\t\t\t\t\t\t\t</div>\n<div class=\"row mt-md\">\n\t\t\t\t\t\t\t\t<div class=\"col-md-6\">\n\t\t\t\t\t\t\t\t\t<div class=\"feature-box feature-box-style-2 appear-animation animated fadeInLeft appear-animation-visible\" data-appear-animation=\"fadeInLeft\" data-appear-animation-delay=\"300\">\n\t\t\t\t\t\t\t\t\t\t<div class=\"feature-box-icon\">\n\t\t\t\t\t\t\t\t\t\t\t<i class=\"icon-star icons\"></i>\n\t\t\t\t\t\t\t\t\t\t</div>\n\t\t\t\t\t\t\t\t\t\t<div class=\"feature-box-info\">\n\t\t\t\t\t\t\t\t\t\t\t<h4 class=\"mb-sm\">Icons</h4>\n\t\t\t\t\t\t\t\t\t\t\t<p class=\"mb-lg\">Lorem ipsum dolor sit amet, consectetur adipiscing metus elit. Quisque rutrum pellentesque imperdiet.</p>\n\t\t\t\t\t\t\t\t\t\t</div>\n\t\t\t\t\t\t\t\t\t</div>\n\t\t\t\t\t\t\t\t</div>\n\t\t\t\t\t\t\t\t<div class=\"col-md-6\">\n\t\t\t\t\t\t\t\t\t<div class=\"feature-box feature-box-style-2 appear-animation animated fadeInLeft appear-animation-visible\" data-appear-animation=\"fadeInLeft\" data-appear-animation-delay=\"300\">\n\t\t\t\t\t\t\t\t\t\t<div class=\"feature-box-icon\">\n\t\t\t\t\t\t\t\t\t\t\t<i class=\"icon-drop icons\"></i>\n\t\t\t\t\t\t\t\t\t\t</div>\n\t\t\t\t\t\t\t\t\t\t<div class=\"feature-box-info\">\n\t\t\t\t\t\t\t\t\t\t\t<h4 class=\"mb-sm\">Colors</h4>\n\t\t\t\t\t\t\t\t\t\t\t<p class=\"mb-lg\">Lorem ipsum dolor sit amet, consectetur adipiscing elit. Quisque rutrum pellentesque imperdiet. Nulla lacinia iaculis nulla.</p>\n\t\t\t\t\t\t\t\t\t\t</div>\n\t\t\t\t\t\t\t\t\t</div>\n\t\t\t\t\t\t\t\t</div>\n\t\t\t\t\t\t\t</div>","class":"","global_text_color":"","global_link_color":"","global_link_hover_color":"","global_use_background":"0","global_background_color":"","global_background_image":"","global_background_repeat":"no-repeat","global_background_size":"cover","global_background_attachment":"inherit","global_user_border":"0","global_border_width":"","global_border_color":"","global_boder_style":"none","global_border_radius":"","global_margin":"","global_padding":"","global_use_animation":"1","global_animation":"fadeInLeft","global_animationduration":"300","global_animationdelay":"0","hidden_md":"0","hidden_sm":"0","hidden_xs":"0","acl":null}}]}]},{"id":1480175829626,"visibility":true,"collapse":false,"settings":{"admin_label":" Projects & Clients","title":"<strong>Projects </strong> & <strong>Clients </strong>","heading_selector":"h2","title_fontsize":"","title_fontweight":"","title_text_color":"","title_margin_top":"","title_margin_bottom":"","subtitle":"","subtitle_fontsize":"","title_position":"sppb-text-center","columns_equal_height":"0","fullscreen":"1","no_gutter":"1","id":"","class":"","padding":"50px 0px 50px 0px","margin":"0px 0px 0px 0px","color":"","background_color":"","background_image":"","overlay":"","background_repeat":"no-repeat","background_size":"cover","background_attachment":"fixed","background_position":"0 0","background_video":"0","background_video_mp4":"","background_video_ogv":"","hidden_xs":"","hidden_sm":"","hidden_md":"","animation":"","animationduration":"300","animationdelay":"0"},"layout":"12","columns":[{"id":1480175829627,"class_name":"col-md-12","visibility":true,"settings":{},"addons":[{"id":1480175829630,"name":"module","visibility":true,"settings":{"admin_label":"","title":"","heading_selector":"h3","title_fontsize":"","title_lineheight":"","title_fontstyle":null,"title_letterspace":"0","title_fontweight":"","title_text_color":"","title_margin_top":"","title_margin_bottom":"","module_type":"module","id":"124","position":"","class":"","global_text_color":"","global_link_color":"","global_link_hover_color":"","global_use_background":"0","global_background_color":"","global_background_image":"","global_background_repeat":"no-repeat","global_background_size":"cover","global_background_attachment":"inherit","global_user_border":"0","global_border_width":"","global_border_color":"","global_boder_style":"none","global_border_radius":"","global_margin":"","global_padding":"","global_use_animation":"0","global_animation":"","global_animationduration":"300","global_animationdelay":"0","hidden_md":"0","hidden_sm":"0","hidden_xs":"0","acl":null}}]}]},{"id":1480062800092,"visibility":true,"collapse":false,"settings":{"admin_label":"","title":"","heading_selector":"h3","title_fontsize":"","title_fontweight":"","title_text_color":"","title_margin_top":"","title_margin_bottom":"","subtitle":"","subtitle_fontsize":"","title_position":"sppb-text-center","columns_equal_height":"0","fullscreen":"0","no_gutter":"0","id":"","class":"","padding":"50px 0px 0px 0px","margin":"0px 0px 0px 0px","color":"","background_color":"","background_image":"","overlay":"","background_repeat":"no-repeat","background_size":"cover","background_attachment":"fixed","background_position":"0 0","background_video":"0","background_video_mp4":"","background_video_ogv":"","hidden_xs":"","hidden_sm":"","hidden_md":"","animation":"","animationduration":"300","animationdelay":"0"},"layout":"12","columns":[{"id":1479738462261,"class_name":"col-md-12","visibility":true,"settings":{},"addons":[{"id":1481181701961,"name":"portoclients","visibility":true,"settings":{"admin_label":"logo","title":"client logo","loop":"1","mouseDrag":"1","autoplay":"0","autoplay_interval":"5000","nav":"0","dots":"1","count":"6","class":"","sp_portoclients_item":[{"title":"Client 1","image":"images/joomlabuff/clients-logos/logo-2.png","url":"#"},{"title":"Client2","image":"images/joomlabuff/clients-logos/logo-1.png","url":"#"},{"title":"client 3","image":"images/joomlabuff/clients-logos/logo-3.png","url":"#"},{"title":"Client 4","image":"images/joomlabuff/clients-logos/logo-4.png","url":"#"},{"title":"Client 5","image":"images/joomlabuff/clients-logos/logo-5.png","url":"#"},{"title":"cleint 6","image":"images/joomlabuff/clients-logos/logo-6.png","url":"#"},{"title":"Client 7","image":"images/joomlabuff/clients-logos/logo-6.png","url":"#"}],"global_text_color":"","global_link_color":"","global_link_hover_color":"","global_use_background":"0","global_background_color":"","global_background_image":"","global_background_repeat":"no-repeat","global_background_size":"cover","global_background_attachment":"inherit","global_user_border":"0","global_border_width":"","global_border_color":"","global_boder_style":"none","global_border_radius":"","global_margin":"","global_padding":"","global_use_animation":"0","global_animation":"","global_animationduration":"300","global_animationdelay":"0","hidden_md":"0","hidden_sm":"0","hidden_xs":"0","acl":null}},{"id":1480062800093,"type":"inner_row","settings":{"admin_label":"","title":"","heading_selector":"h3","title_fontsize":"","title_fontweight":"","title_text_color":"","title_margin_top":"","title_margin_bottom":"","subtitle":"","subtitle_fontsize":"","title_position":"sppb-text-center","columns_equal_height":"0","fullscreen":"0","no_gutter":"0","id":"","class":"center mt-xl","padding":"0px 0px 0px 0px","margin":"0px 0px 0px 0px","color":"","background_color":"","background_image":"","overlay":"","background_repeat":"no-repeat","background_size":"cover","background_attachment":"fixed","background_position":"0 0","background_video":"0","background_video_mp4":"","background_video_ogv":"","hidden_xs":"","hidden_sm":"","hidden_md":"","animation":"","animationduration":"300","animationdelay":"0"},"layout":"12","visibility":true,"columns":[{"id":1480062800094,"class_name":"col-md-12","visibility":true,"settings":{},"addons":[{"id":1480062800110,"name":"raw_html","visibility":true,"settings":{"admin_label":"","title":"","heading_selector":"h3","title_fontsize":"","title_lineheight":"","title_fontstyle":null,"title_letterspace":"0","title_fontweight":"","title_text_color":"","title_margin_top":"","title_margin_bottom":"","html":"<div class=\"col-md-12 center mt-xl\">\n\t\t\t\t\t\t\t<hr class=\"solid mt-none mb-xl\">\n\t\t\t\t\t\t\t<img class=\"img-responsive display-inline-block mt-xl\" src=\"images/joomlabuff/map-3.png\" title=\"Map\">\n\t\t\t\t\t\t</div>","class":"","global_text_color":"","global_link_color":"","global_link_hover_color":"","global_use_background":"0","global_background_color":"","global_background_image":"","global_background_repeat":"no-repeat","global_background_size":"cover","global_background_attachment":"inherit","global_user_border":"0","global_border_width":"","global_border_color":"","global_boder_style":"none","global_border_radius":"","global_margin":"","global_padding":"","global_use_animation":"0","global_animation":"","global_animationduration":"300","global_animationdelay":"0","hidden_md":"0","hidden_sm":"0","hidden_xs":"0","acl":null}}]}]}]}]},{"id":1481182105778,"visibility":true,"collapse":false,"settings":{"admin_label":"","title":"","heading_selector":"h3","title_fontsize":"","title_fontweight":"","title_text_color":"","title_margin_top":"","title_margin_bottom":"","subtitle":"","subtitle_fontsize":"","title_position":"sppb-text-center","columns_equal_height":"0","fullscreen":"0","no_gutter":"0","id":"","class":"","padding":"50px 0px 50px 0px","margin":"0px 0px 50px 0px","color":"","background_color":"","background_image":"images/2016/11/24/parallax-6.jpg","overlay":"","background_repeat":"no-repeat","background_size":"cover","background_attachment":"fixed","background_position":"0 0","background_video":"0","background_video_mp4":"","background_video_ogv":"","hidden_xs":"","hidden_sm":"","hidden_md":"","animation":"","animationduration":"300","animationdelay":"0"},"layout":"12","columns":[{"id":1479909335628,"class_name":"col-md-12","visibility":true,"settings":{},"addons":[{"id":1481177323339,"name":"testimonialporto","visibility":true,"settings":{"admin_label":"Testimonials","title":"","heading_selector":"h3","items":"1","loop":"1","mouseDrag":"1","autoplay":"0","autoplay_interval":"5000","nav":"0","dots":"1","class":"","style":"style2","sp_testimonialporto_item":[{"title":"John Doe","desc":"CEO & Founder- Okler","avatar":"images/2016/11/22/client-1.jpg","avatar_style":"sppb-img-circle","avatar_position":"top","message":"<p>Lorem ipsum dolor sit amet, consectetur adipiscing elit. Sed eget risus porta, tincidunt turpis at, interdum tortor. Suspendisse potenti. Lorem ipsum dolor sit amet, consectetur adipiscing elit. Sociis natoque penatibus et magnis dis parturient montes, nascetur ridiculus mus. Fusce ante tellus, convallis non consectetur sed, pharetra nec ex.</p>","url":"#","link_target":""},{"title":"John smith","desc":"CEO & Founder - Okler","avatar":"images/2016/11/22/client-1.jpg","avatar_style":"sppb-img-circle","avatar_position":"top","message":"<p>Lorem ipsum dolor sit amet, consectetur adipiscing elit. Sed eget risus porta, tincidunt turpis at, interdum tortor. Suspendisse potenti. Lorem ipsum dolor sit amet, consectetur adipiscing elit. Sociis natoque penatibus et magnis dis parturient montes, nascetur ridiculus mus. Fusce ante tellus, convallis non consectetur sed, pharetra nec ex.</p>","url":"#","link_target":""}],"global_text_color":"","global_link_color":"","global_link_hover_color":"","global_use_background":"0","global_background_color":"","global_background_image":"","global_background_repeat":"no-repeat","global_background_size":"cover","global_background_attachment":"inherit","global_user_border":"0","global_border_width":"","global_border_color":"","global_boder_style":"none","global_border_radius":"","global_margin":"","global_padding":"","global_use_animation":"0","global_animation":"","global_animationduration":"300","global_animationdelay":"0","hidden_md":"0","hidden_sm":"0","hidden_xs":"0","acl":null}}]}]},{"id":1480062800118,"visibility":true,"collapse":false,"settings":{"admin_label":"","title":"","heading_selector":"h3","title_fontsize":"","title_fontweight":"","title_text_color":"","title_margin_top":"","title_margin_bottom":"","subtitle":"","subtitle_fontsize":"","title_position":"sppb-text-center","columns_equal_height":"0","fullscreen":"0","no_gutter":"0","id":"","class":"","padding":"50px 0px 50px 0px","margin":"0px 0px 0px 0px","color":"","background_color":"","background_image":"","overlay":"","background_repeat":"no-repeat","background_size":"cover","background_attachment":"fixed","background_position":"0 0","background_video":"0","background_video_mp4":"","background_video_ogv":"","hidden_xs":"","hidden_sm":"","hidden_md":"","animation":"","animationduration":"300","animationdelay":"0"},"layout":"12","columns":[{"id":1480062800119,"class_name":"col-md-12","visibility":true,"settings":{},"addons":[{"id":1480062800122,"name":"module","visibility":true,"settings":{"admin_label":" Latest Posts","title":" Latest <strong>Posts </strong>","heading_selector":"h2","title_fontsize":"","title_lineheight":"","title_fontstyle":null,"title_letterspace":"0","title_fontweight":"","title_text_color":"","title_margin_top":"","title_margin_bottom":"","module_type":"module","id":"116","position":"","class":"recent-posts title-center gray","global_text_color":"","global_link_color":"","global_link_hover_color":"","global_use_background":"0","global_background_color":"","global_background_image":"","global_background_repeat":"no-repeat","global_background_size":"cover","global_background_attachment":"inherit","global_user_border":"0","global_border_width":"","global_border_color":"","global_boder_style":"none","global_border_radius":"","global_margin":"","global_padding":"","global_use_animation":"0","global_animation":"","global_animationduration":"300","global_animationdelay":"0","hidden_md":"0","hidden_sm":"0","hidden_xs":"0","acl":null}}]}]}]