[{"id":1480066865874,"visibility":true,"collapse":false,"settings":{"admin_label":"","title":"","heading_selector":"h3","title_fontsize":"","title_fontweight":"","title_text_color":"","title_margin_top":"","title_margin_bottom":"","subtitle":"","subtitle_fontsize":"","title_position":"sppb-text-center","columns_equal_height":"0","fullscreen":"1","no_gutter":"0","id":"","class":"home-intro","padding":"20px 0px 20px 0px","margin":"0px 0px 0px 0px","color":"","background_color":"rgba(26, 28, 43, 1)","background_image":"","overlay":"","background_repeat":"no-repeat","background_size":"cover","background_attachment":"fixed","background_position":"0 0","background_video":"0","background_video_mp4":"","background_video_ogv":"","hidden_xs":"","hidden_sm":"","hidden_md":"","animation":"","animationduration":"300","animationdelay":"0"},"layout":"12","columns":[{"id":1479706363937,"class_name":"col-md-12","visibility":true,"settings":{},"addons":[{"id":1479706363940,"name":"raw_html","visibility":true,"settings":{"admin_label":"call to action","title":"","heading_selector":"h3","title_fontsize":"","title_lineheight":"","title_fontstyle":null,"title_letterspace":"0","title_fontweight":"","title_text_color":"","title_margin_top":"","title_margin_bottom":"","html":"<div class=\"container\">\t\t\t\t\t\t\t\n<div class=\"col-md-8\">\n\t\t\t\t\t\t\t\t<p>\n\t\t\t\t\t\t\t\t\tThe fastest way to grow your business with the leader in <em>Technology</em>\n\t\t\t\t\t\t\t\t\t<span>Check out our options and features included.</span>\n\t\t\t\t\t\t\t\t</p>\n\t\t\t\t\t\t\t</div>\n\t\t\t\t\t\t\t<div class=\"col-md-4\">\n\t\t\t\t\t\t\t\t<div class=\"get-started\">\n\t\t\t\t\t\t\t\t\t<a href=\"#\" class=\"btn btn-lg btn-primary\">Get Started Now!</a>\n\t\t\t\t\t\t\t\t\t<div class=\"learn-more\">or <a href=\"index.html\">learn more.</a></div>\n\t\t\t\t\t\t\t\t</div>\n\t\t\t\t\t\t\t</div>\n</div>","class":"","global_text_color":"","global_link_color":"","global_link_hover_color":"","global_use_background":"0","global_background_color":"","global_background_image":"","global_background_repeat":"no-repeat","global_background_size":"cover","global_background_attachment":"inherit","global_user_border":"0","global_border_width":"","global_border_color":"","global_boder_style":"none","global_border_radius":"","global_margin":"","global_padding":"","global_use_animation":"0","global_animation":"","global_animationduration":"300","global_animationdelay":"0","hidden_md":"0","hidden_sm":"0","hidden_xs":"0","acl":null}}]}]},{"id":1480066865875,"visibility":true,"collapse":false,"settings":{"padding":"50px 0px 50px 0px","margin":"0px 0px 0px 0px"},"layout":"12","columns":[{"id":1480066865876,"class_name":"col-md-12","visibility":true,"settings":{},"addons":[{"id":1480066865879,"name":"raw_html","visibility":true,"settings":{"admin_label":"","title":"","heading_selector":"h3","title_fontsize":"","title_lineheight":"","title_fontstyle":null,"title_letterspace":"0","title_fontweight":"","title_text_color":"","title_margin_top":"","title_margin_bottom":"","html":"<div class=\"center\">\n\t\t\t\t\t\t\t<h2 class=\"mb-xl\"><strong>Who</strong> We Are</h2>\n\t\t\t\t\t\t\t<p>Proin gravida nibh vel velit auctor aliquet. Aenean sollicitudin, lorem quis bibendum auctor, nisi elit consequat ipsum, nec sagittis sem nibh id elit. Duis sed odio sit amet nibh vulputate cursus a sit amet mauris. Morbi accumsan ipsum velit. Nam nec tellus a odio tincidunt auctor a ornare odio. Sed non  mauris vitae erat consequat.</p>\n\n\t\t\t\t\t\t\t<a class=\"btn btn-borders btn-default mr-xs mb-sm\">Read More</a>\n\t\t\t\t\t\t</div>","class":"","global_text_color":"","global_link_color":"","global_link_hover_color":"","global_use_background":"0","global_background_color":"","global_background_image":"","global_background_repeat":"no-repeat","global_background_size":"cover","global_background_attachment":"inherit","global_user_border":"0","global_border_width":"","global_border_color":"","global_boder_style":"none","global_border_radius":"","global_margin":"","global_padding":"","global_use_animation":"0","global_animation":"","global_animationduration":"300","global_animationdelay":"0","hidden_md":"0","hidden_sm":"0","hidden_xs":"0","acl":null}}]}]},{"id":1480066865882,"visibility":true,"collapse":false,"settings":{"admin_label":"our services","title":"Our <strong>Services</strong>","heading_selector":"h2","title_fontsize":"","title_fontweight":"","title_text_color":"","title_margin_top":"","title_margin_bottom":"","subtitle":"","subtitle_fontsize":"","title_position":"sppb-text-center","columns_equal_height":"0","fullscreen":"0","no_gutter":"0","id":"","class":"","padding":"50px 0px 0px 0px","margin":"0px 0px 0px 0px","color":"","background_color":"rgba(244, 245, 236, 1)","background_image":"","overlay":"","background_repeat":"no-repeat","background_size":"cover","background_attachment":"fixed","background_position":"0 0","background_video":"0","background_video_mp4":"","background_video_ogv":"","hidden_xs":"","hidden_sm":"","hidden_md":"","animation":"","animationduration":"300","animationdelay":"0"},"layout":"4,4,4","columns":[{"id":1480005584969,"class_name":"col-md-4","visibility":true,"settings":{},"addons":[{"id":1480005584974,"name":"raw_html","visibility":true,"settings":{"admin_label":"Customer Support","title":"","heading_selector":"h3","title_fontsize":"","title_lineheight":"","title_fontstyle":null,"title_letterspace":"0","title_fontweight":"","title_text_color":"","title_margin_top":"","title_margin_bottom":"","html":"<div class=\"feature-box feature-box-style-4 appear-animation animated fadeInUp appear-animation-visible\" data-appear-animation=\"fadeInUp\" data-appear-animation-delay=\"0\">\n\t\t\t\t\t\t\t\t<div class=\"feature-box-icon\">\n\t\t\t\t\t\t\t\t\t<i class=\"icon-user-following icons\"></i>\n\t\t\t\t\t\t\t\t</div>\n\t\t\t\t\t\t\t\t<div class=\"feature-box-info\">\n\t\t\t\t\t\t\t\t\t<h4 class=\"mb-sm\">Customer Support</h4>\n\t\t\t\t\t\t\t\t\t<p class=\"mb-lg\">Lorem ipsum dolor sit amet, consectetur adipiscing metus elit. Quisque rutrum pellentesque imperdiet.</p>\n\t\t\t\t\t\t\t\t</div>\n\t\t\t\t\t\t\t</div>","class":"","global_text_color":"","global_link_color":"","global_link_hover_color":"","global_use_background":"0","global_background_color":"","global_background_image":"","global_background_repeat":"no-repeat","global_background_size":"cover","global_background_attachment":"inherit","global_user_border":"0","global_border_width":"","global_border_color":"","global_boder_style":"none","global_border_radius":"","global_margin":"","global_padding":"","global_use_animation":"1","global_animation":"fadeInUp","global_animationduration":"300","global_animationdelay":"0","hidden_md":"0","hidden_sm":"0","hidden_xs":"0","acl":null}}]},{"id":1480005584970,"class_name":"col-md-4","visibility":true,"settings":{},"addons":[{"id":1480005584977,"name":"raw_html","visibility":true,"settings":{"admin_label":"Sliders","title":"","heading_selector":"h3","title_fontsize":"","title_lineheight":"","title_fontstyle":null,"title_letterspace":"0","title_fontweight":"","title_text_color":"","title_margin_top":"","title_margin_bottom":"","html":"\t<div class=\"feature-box feature-box-style-4 appear-animation animated fadeInUp appear-animation-visible\" data-appear-animation=\"fadeInUp\" data-appear-animation-delay=\"0\">\n\t\t\t\t\t\t\t\t<div class=\"feature-box-icon\">\n\t\t\t\t\t\t\t\t\t<i class=\"icon-layers icons\"></i>\n\t\t\t\t\t\t\t\t</div>\n\t\t\t\t\t\t\t\t<div class=\"feature-box-info\">\n\t\t\t\t\t\t\t\t\t<h4 class=\"mb-sm\">Sliders</h4>\n\t\t\t\t\t\t\t\t\t<p class=\"mb-lg\">Lorem ipsum dolor sit amet, consectetur adipiscing metus elit. Quisque rutrum pellentesque imperdiet.</p>\n\t\t\t\t\t\t\t\t</div>\n\t\t\t\t\t\t\t</div>","class":"","global_text_color":"","global_link_color":"","global_link_hover_color":"","global_use_background":"0","global_background_color":"","global_background_image":"","global_background_repeat":"no-repeat","global_background_size":"cover","global_background_attachment":"inherit","global_user_border":"0","global_border_width":"","global_border_color":"","global_boder_style":"none","global_border_radius":"","global_margin":"","global_padding":"","global_use_animation":"1","global_animation":"fadeInUp","global_animationduration":"300","global_animationdelay":"0","hidden_md":"0","hidden_sm":"0","hidden_xs":"0","acl":null}}]},{"id":1480005584971,"class_name":"col-md-4","visibility":true,"settings":{},"addons":[{"id":1480005584980,"name":"raw_html","visibility":true,"settings":{"admin_label":"HTML5","title":"","heading_selector":"h3","title_fontsize":"","title_lineheight":"","title_fontstyle":null,"title_letterspace":"0","title_fontweight":"","title_text_color":"","title_margin_top":"","title_margin_bottom":"","html":"\t<div class=\"feature-box feature-box-style-4 appear-animation animated fadeInUp appear-animation-visible\" data-appear-animation=\"fadeInUp\" data-appear-animation-delay=\"0\">\n\t\t\t\t\t\t\t\t<div class=\"feature-box-icon\">\n\t\t\t\t\t\t\t\t\t<i class=\"icon-calculator icons\"></i>\n\t\t\t\t\t\t\t\t</div>\n\t\t\t\t\t\t\t\t<div class=\"feature-box-info\">\n\t\t\t\t\t\t\t\t\t<h4 class=\"mb-sm\">HTML5</h4>\n\t\t\t\t\t\t\t\t\t<p class=\"mb-lg\">Lorem ipsum dolor sit amet, consectetur adipiscing metus elit. Quisque rutrum pellentesque imperdiet.</p>\n\t\t\t\t\t\t\t\t</div>\n\t\t\t\t\t\t\t</div>","class":"","global_text_color":"","global_link_color":"","global_link_hover_color":"","global_use_background":"0","global_background_color":"","global_background_image":"","global_background_repeat":"no-repeat","global_background_size":"cover","global_background_attachment":"inherit","global_user_border":"0","global_border_width":"","global_border_color":"","global_boder_style":"none","global_border_radius":"","global_margin":"","global_padding":"","global_use_animation":"1","global_animation":"fadeInUp","global_animationduration":"300","global_animationdelay":"0","hidden_md":"0","hidden_sm":"0","hidden_xs":"0","acl":null}}]}]},{"id":1480083174306,"visibility":true,"collapse":false,"settings":{"admin_label":"","title":"","heading_selector":"h3","title_fontsize":"","title_fontweight":"","title_text_color":"","title_margin_top":"","title_margin_bottom":"","subtitle":"","subtitle_fontsize":"","title_position":"sppb-text-center","columns_equal_height":"0","fullscreen":"0","no_gutter":"0","id":"","class":"","padding":"15px 0px 0px 0px","margin":"0px 0px 0px 0px","color":"","background_color":"rgba(244, 245, 236, 1)","background_image":"","overlay":"","background_repeat":"no-repeat","background_size":"cover","background_attachment":"fixed","background_position":"0 0","background_video":"0","background_video_mp4":"","background_video_ogv":"","hidden_xs":"","hidden_sm":"","hidden_md":"","animation":"","animationduration":"300","animationdelay":"0"},"layout":"4,4,4","columns":[{"id":1480005584996,"class_name":"col-md-4","visibility":true,"settings":{},"addons":[{"id":1480005585001,"name":"raw_html","visibility":true,"settings":{"admin_label":"Icons","title":"","heading_selector":"h3","title_fontsize":"","title_lineheight":"","title_fontstyle":null,"title_letterspace":"0","title_fontweight":"","title_text_color":"","title_margin_top":"","title_margin_bottom":"","html":"\t<div class=\"feature-box feature-box-style-4 appear-animation animated fadeInUp appear-animation-visible\" data-appear-animation=\"fadeInUp\" data-appear-animation-delay=\"300\">\n\t\t\t\t\t\t\t\t<div class=\"feature-box-icon\">\n\t\t\t\t\t\t\t\t\t<i class=\"icon-star icons\"></i>\n\t\t\t\t\t\t\t\t</div>\n\t\t\t\t\t\t\t\t<div class=\"feature-box-info\">\n\t\t\t\t\t\t\t\t\t<h4 class=\"mb-sm\">Icons</h4>\n\t\t\t\t\t\t\t\t\t<p class=\"mb-lg\">Lorem ipsum dolor sit amet, consectetur adipiscing metus elit. Quisque rutrum pellentesque imperdiet.</p>\n\t\t\t\t\t\t\t\t</div>\n\t\t\t\t\t\t\t</div>","class":"","global_text_color":"","global_link_color":"","global_link_hover_color":"","global_use_background":"0","global_background_color":"","global_background_image":"","global_background_repeat":"no-repeat","global_background_size":"cover","global_background_attachment":"inherit","global_user_border":"0","global_border_width":"","global_border_color":"","global_boder_style":"none","global_border_radius":"","global_margin":"","global_padding":"","global_use_animation":"1","global_animation":"fadeInUp","global_animationduration":"300","global_animationdelay":"0","hidden_md":"0","hidden_sm":"0","hidden_xs":"0","acl":null}}]},{"id":1480005584997,"class_name":"col-md-4","visibility":true,"settings":{},"addons":[{"id":1480005585004,"name":"raw_html","visibility":true,"settings":{"admin_label":"Colors","title":"","heading_selector":"h3","title_fontsize":"","title_lineheight":"","title_fontstyle":null,"title_letterspace":"0","title_fontweight":"","title_text_color":"","title_margin_top":"","title_margin_bottom":"","html":"\t<div class=\"feature-box feature-box-style-4 appear-animation animated fadeInUp appear-animation-visible\" data-appear-animation=\"fadeInUp\" data-appear-animation-delay=\"300\">\n\t\t\t\t\t\t\t\t<div class=\"feature-box-icon\">\n\t\t\t\t\t\t\t\t\t<i class=\"icon-drop icons\"></i>\n\t\t\t\t\t\t\t\t</div>\n\t\t\t\t\t\t\t\t<div class=\"feature-box-info\">\n\t\t\t\t\t\t\t\t\t<h4 class=\"mb-sm\">Colors</h4>\n\t\t\t\t\t\t\t\t\t<p class=\"mb-lg\">Lorem ipsum dolor sit amet, consectetur adipiscing metus elit. Quisque rutrum pellentesque imperdiet.</p>\n\t\t\t\t\t\t\t\t</div>\n\t\t\t\t\t\t\t</div>","class":"","global_text_color":"","global_link_color":"","global_link_hover_color":"","global_use_background":"0","global_background_color":"","global_background_image":"","global_background_repeat":"no-repeat","global_background_size":"cover","global_background_attachment":"inherit","global_user_border":"0","global_border_width":"","global_border_color":"","global_boder_style":"none","global_border_radius":"","global_margin":"","global_padding":"","global_use_animation":"1","global_animation":"fadeInUp","global_animationduration":"300","global_animationdelay":"0","hidden_md":"0","hidden_sm":"0","hidden_xs":"0","acl":null}}]},{"id":1480005584998,"class_name":"col-md-4","visibility":true,"settings":{},"addons":[{"id":1480005585013,"name":"raw_html","visibility":true,"settings":{"admin_label":"Buttons","title":"","heading_selector":"h3","title_fontsize":"","title_lineheight":"","title_fontstyle":null,"title_letterspace":"0","title_fontweight":"","title_text_color":"","title_margin_top":"","title_margin_bottom":"","html":"<div class=\"feature-box feature-box-style-4 appear-animation animated fadeInUp appear-animation-visible\" data-appear-animation=\"fadeInUp\" data-appear-animation-delay=\"300\">\n\t\t\t\t\t\t\t\t<div class=\"feature-box-icon\">\n\t\t\t\t\t\t\t\t\t<i class=\"icon-mouse icons\"></i>\n\t\t\t\t\t\t\t\t</div>\n\t\t\t\t\t\t\t\t<div class=\"feature-box-info\">\n\t\t\t\t\t\t\t\t\t<h4 class=\"mb-sm\">Buttons</h4>\n\t\t\t\t\t\t\t\t\t<p class=\"mb-lg\">Lorem ipsum dolor sit amet, consectetur adipiscing metus elit. Quisque rutrum pellentesque imperdiet.</p>\n\t\t\t\t\t\t\t\t</div>\n\t\t\t\t\t\t\t</div>","class":"","global_text_color":"","global_link_color":"","global_link_hover_color":"","global_use_background":"0","global_background_color":"","global_background_image":"","global_background_repeat":"no-repeat","global_background_size":"cover","global_background_attachment":"inherit","global_user_border":"0","global_border_width":"","global_border_color":"","global_boder_style":"none","global_border_radius":"","global_margin":"","global_padding":"","global_use_animation":"1","global_animation":"fadeInUp","global_animationduration":"300","global_animationdelay":"0","hidden_md":"0","hidden_sm":"0","hidden_xs":"0","acl":null}}]}]},{"id":1480083174315,"visibility":true,"collapse":false,"settings":{"admin_label":"","title":"","heading_selector":"h3","title_fontsize":"","title_fontweight":"","title_text_color":"","title_margin_top":"","title_margin_bottom":"","subtitle":"","subtitle_fontsize":"","title_position":"sppb-text-center","columns_equal_height":"0","fullscreen":"0","no_gutter":"0","id":"","class":"","padding":"15px 0px 50px 0px","margin":"0px 0px 0px 0px","color":"","background_color":"rgba(244, 245, 236, 1)","background_image":"","overlay":"","background_repeat":"no-repeat","background_size":"cover","background_attachment":"fixed","background_position":"0 0","background_video":"0","background_video_mp4":"","background_video_ogv":"","hidden_xs":"","hidden_sm":"","hidden_md":"","animation":"","animationduration":"300","animationdelay":"0"},"layout":"4,4,4","columns":[{"id":1480005585017,"class_name":"col-md-4","visibility":true,"settings":{},"addons":[{"id":1480005585022,"name":"raw_html","visibility":true,"settings":{"admin_label":"Lightboxes","title":"","heading_selector":"h3","title_fontsize":"","title_lineheight":"","title_fontstyle":null,"title_letterspace":"0","title_fontweight":"","title_text_color":"","title_margin_top":"","title_margin_bottom":"","html":"\t\t<div class=\"feature-box feature-box-style-4 appear-animation animated fadeInUp appear-animation-visible\" data-appear-animation=\"fadeInUp\" data-appear-animation-delay=\"600\">\n\t\t\t\t\t\t\t\t<div class=\"feature-box-icon\">\n\t\t\t\t\t\t\t\t\t<i class=\"icon-screen-desktop icons\"></i>\n\t\t\t\t\t\t\t\t</div>\n\t\t\t\t\t\t\t\t<div class=\"feature-box-info\">\n\t\t\t\t\t\t\t\t\t<h4 class=\"mb-sm\">Lightboxes</h4>\n\t\t\t\t\t\t\t\t\t<p class=\"mb-lg\">Lorem ipsum dolor sit amet, consectetur adipiscing metus elit. Quisque rutrum pellentesque imperdiet.</p>\n\t\t\t\t\t\t\t\t</div>\n\t\t\t\t\t\t\t</div>","class":"","global_text_color":"","global_link_color":"","global_link_hover_color":"","global_use_background":"0","global_background_color":"","global_background_image":"","global_background_repeat":"no-repeat","global_background_size":"cover","global_background_attachment":"inherit","global_user_border":"0","global_border_width":"","global_border_color":"","global_boder_style":"none","global_border_radius":"","global_margin":"","global_padding":"","global_use_animation":"1","global_animation":"fadeInUp","global_animationduration":"300","global_animationdelay":"0","hidden_md":"0","hidden_sm":"0","hidden_xs":"0","acl":null}}]},{"id":1480005585018,"class_name":"col-md-4","visibility":true,"settings":{},"addons":[{"id":1480005585025,"name":"raw_html","visibility":true,"settings":{"admin_label":"Shortcodes","title":"","heading_selector":"h3","title_fontsize":"","title_lineheight":"","title_fontstyle":null,"title_letterspace":"0","title_fontweight":"","title_text_color":"","title_margin_top":"","title_margin_bottom":"","html":"\t<div class=\"feature-box feature-box-style-4 appear-animation animated fadeInUp appear-animation-visible\" data-appear-animation=\"fadeInUp\" data-appear-animation-delay=\"600\">\n\t\t\t\t\t\t\t\t<div class=\"feature-box-icon\">\n\t\t\t\t\t\t\t\t\t<i class=\"icon-energy icons\"></i>\n\t\t\t\t\t\t\t\t</div>\n\t\t\t\t\t\t\t\t<div class=\"feature-box-info\">\n\t\t\t\t\t\t\t\t\t<h4 class=\"mb-sm\">Shortcodes</h4>\n\t\t\t\t\t\t\t\t\t<p class=\"mb-lg\">Lorem ipsum dolor sit amet, consectetur adipiscing metus elit. Quisque rutrum pellentesque imperdiet.</p>\n\t\t\t\t\t\t\t\t</div>\n\t\t\t\t\t\t\t</div>","class":"","global_text_color":"","global_link_color":"","global_link_hover_color":"","global_use_background":"0","global_background_color":"","global_background_image":"","global_background_repeat":"no-repeat","global_background_size":"cover","global_background_attachment":"inherit","global_user_border":"0","global_border_width":"","global_border_color":"","global_boder_style":"none","global_border_radius":"","global_margin":"","global_padding":"","global_use_animation":"1","global_animation":"fadeInUp","global_animationduration":"300","global_animationdelay":"0","hidden_md":"0","hidden_sm":"0","hidden_xs":"0","acl":null}}]},{"id":1480005585019,"class_name":"col-md-4","visibility":true,"settings":{},"addons":[{"id":1480005585028,"name":"raw_html","visibility":true,"settings":{"admin_label":"Videos","title":"","heading_selector":"h3","title_fontsize":"","title_lineheight":"","title_fontstyle":null,"title_letterspace":"0","title_fontweight":"","title_text_color":"","title_margin_top":"","title_margin_bottom":"","html":"<div class=\"feature-box feature-box-style-4 appear-animation animated fadeInUp appear-animation-visible\" data-appear-animation=\"fadeInUp\" data-appear-animation-delay=\"600\">\n\t\t\t\t\t\t\t\t<div class=\"feature-box-icon\">\n\t\t\t\t\t\t\t\t\t<i class=\"icon-social-youtube icons\"></i>\n\t\t\t\t\t\t\t\t</div>\n\t\t\t\t\t\t\t\t<div class=\"feature-box-info\">\n\t\t\t\t\t\t\t\t\t<h4 class=\"mb-sm\">Videos</h4>\n\t\t\t\t\t\t\t\t\t<p class=\"mb-lg\">Lorem ipsum dolor sit amet, consectetur adipiscing metus elit. Quisque rutrum pellentesque imperdiet.</p>\n\t\t\t\t\t\t\t\t</div>\n\t\t\t\t\t\t\t</div>","class":"","global_text_color":"","global_link_color":"","global_link_hover_color":"","global_use_background":"0","global_background_color":"","global_background_image":"","global_background_repeat":"no-repeat","global_background_size":"cover","global_background_attachment":"inherit","global_user_border":"0","global_border_width":"","global_border_color":"","global_boder_style":"none","global_border_radius":"","global_margin":"","global_padding":"","global_use_animation":"1","global_animation":"fadeInUp","global_animationduration":"300","global_animationdelay":"0","hidden_md":"0","hidden_sm":"0","hidden_xs":"0","acl":null}}]}]},{"id":1480083174322,"visibility":true,"collapse":false,"settings":{"admin_label":"Our clients","title":"Our <strong>Clients </strong>\n","heading_selector":"h2","title_fontsize":"","title_fontweight":"","title_text_color":"","title_margin_top":"","title_margin_bottom":"","subtitle":"","subtitle_fontsize":"","title_position":"sppb-text-center","columns_equal_height":"0","fullscreen":"0","no_gutter":"0","id":"","class":"","padding":"50px 0px 50px 0px","margin":"0px 0px 0px 0px","color":"","background_color":"rgba(227, 245, 226, 1)","background_image":"","overlay":"","background_repeat":"no-repeat","background_size":"cover","background_attachment":"fixed","background_position":"0 0","background_video":"0","background_video_mp4":"","background_video_ogv":"","hidden_xs":"","hidden_sm":"","hidden_md":"","animation":"","animationduration":"300","animationdelay":"0"},"layout":"6,6","columns":[{"id":1480083174323,"class_name":"col-md-6","visibility":true,"settings":{},"addons":[{"id":1480083174327,"name":"raw_html","visibility":true,"settings":{"admin_label":"testimonials left","title":"","heading_selector":"h3","title_fontsize":"","title_lineheight":"","title_fontstyle":null,"title_letterspace":"0","title_fontweight":"","title_text_color":"","title_margin_top":"","title_margin_bottom":"","html":"<div class=\"testimonial testimonial-style-4 testimonial-no-borders appear-animation animated fadeInLeft appear-animation-visible\" data-appear-animation=\"fadeInLeft\" data-appear-animation-delay=\"0\">\n\t\t\t\t\t\t\t\t\t<blockquote>\n\t\t\t\t\t\t\t\t\t\t<p>Lorem ipsum dolor sit amet, consectetur adipiscing elit. Donec hendrerit vehicula est, in consequat. Lorem ipsum dolor sit amet, consectetur adipiscing elit. Donec hendrerit vehicula est, in consequatt, in consequat.</p>\n\t\t\t\t\t\t\t\t\t</blockquote>\n\t\t\t\t\t\t\t\t\t<div class=\"testimonial-arrow-down\"></div>\n\t\t\t\t\t\t\t\t\t<div class=\"testimonial-author\">\n\t\t\t\t\t\t\t\t\t\t<div class=\"testimonial-author-thumbnail\">\n\t\t\t\t\t\t\t\t\t\t\t<img src=\"images/joomlabuff/clients/client-1.jpg\" class=\"img-responsive img-circle\" alt=\"\">\n\t\t\t\t\t\t\t\t\t\t</div>\n\t\t\t\t\t\t\t\t\t\t<p><strong>John Smith</strong><span>CEO &amp; Founder - Okler</span></p>\n\t\t\t\t\t\t\t\t\t</div>\n\t\t\t\t\t\t\t\t</div>","class":"","global_text_color":"","global_link_color":"","global_link_hover_color":"","global_use_background":"0","global_background_color":"","global_background_image":"","global_background_repeat":"no-repeat","global_background_size":"cover","global_background_attachment":"inherit","global_user_border":"0","global_border_width":"","global_border_color":"","global_boder_style":"none","global_border_radius":"","global_margin":"","global_padding":"","global_use_animation":"1","global_animation":"fadeInLeft","global_animationduration":"300","global_animationdelay":"0","hidden_md":"0","hidden_sm":"0","hidden_xs":"0","acl":null}}]},{"id":1480083174324,"class_name":"col-md-6","visibility":true,"settings":{"color":"","background":"","background_image":"","overlay":"","background_repeat":"no-repeat","background_size":"cover","background_attachment":"scroll","background_position":"0 0","padding":"","class":"","sm_col":"","xs_col":"","hidden_xs":"","hidden_sm":"","hidden_md":"","animation":"fadeInRight","animationduration":"300","animationdelay":"0"},"addons":[{"id":1480085033577,"name":"raw_html","visibility":true,"settings":{"admin_label":"","title":"","heading_selector":"h3","title_fontsize":"","title_lineheight":"","title_fontstyle":null,"title_letterspace":"0","title_fontweight":"","title_text_color":"","title_margin_top":"","title_margin_bottom":"","html":"<div class=\"testimonial testimonial-style-4 testimonial-no-borders appear-animation animated fadeInRight appear-animation-visible\" data-appear-animation=\"fadeInRight\" data-appear-animation-delay=\"0\">\n\t\t\t\t\t\t\t\t\t<blockquote>\n\t\t\t\t\t\t\t\t\t\t<p>Lorem ipsum dolor sit amet, consectetur adipiscing elit. Donec hendrerit vehicula est, in consequat. Lorem ipsum dolor sit amet, consectetur adipiscing elit. Donec hendrerit vehicula est, in consequatt, in consequat.</p>\n\t\t\t\t\t\t\t\t\t</blockquote>\n\t\t\t\t\t\t\t\t\t<div class=\"testimonial-arrow-down\"></div>\n\t\t\t\t\t\t\t\t\t<div class=\"testimonial-author\">\n\t\t\t\t\t\t\t\t\t\t<div class=\"testimonial-author-thumbnail\">\n\t\t\t\t\t\t\t\t\t\t\t<img src=\"images/joomlabuff/clients/client-1.jpg\" class=\"img-responsive img-circle\" alt=\"\">\n\t\t\t\t\t\t\t\t\t\t</div>\n\t\t\t\t\t\t\t\t\t\t<p><strong>John Smith</strong><span>CEO &amp; Founder - Okler</span></p>\n\t\t\t\t\t\t\t\t\t</div>\n\t\t\t\t\t\t\t\t</div>","class":"","global_text_color":"","global_link_color":"","global_link_hover_color":"","global_use_background":"0","global_background_color":"","global_background_image":"","global_background_repeat":"no-repeat","global_background_size":"cover","global_background_attachment":"inherit","global_user_border":"0","global_border_width":"","global_border_color":"","global_boder_style":"none","global_border_radius":"","global_margin":"","global_padding":"","global_use_animation":"0","global_animation":"","global_animationduration":"300","global_animationdelay":"0","hidden_md":"0","hidden_sm":"0","hidden_xs":"0","acl":null}}]}]},{"id":1480085033580,"visibility":true,"collapse":false,"settings":{"admin_label":"Our Portfolio","title":"Our <strong>Portfolio</strong>","heading_selector":"h3","title_fontsize":"","title_fontweight":"","title_text_color":"","title_margin_top":"","title_margin_bottom":"","subtitle":"","subtitle_fontsize":"","title_position":"sppb-text-center","columns_equal_height":"0","fullscreen":"0","no_gutter":"0","id":"","class":"","padding":"50px 0px 50px 0px","margin":"0px 0px 0px 0px","color":"","background_color":"","background_image":"","overlay":"","background_repeat":"no-repeat","background_size":"cover","background_attachment":"fixed","background_position":"0 0","background_video":"0","background_video_mp4":"","background_video_ogv":"","hidden_xs":"","hidden_sm":"","hidden_md":"","animation":"","animationduration":"300","animationdelay":"0"},"layout":"12","columns":[{"id":1480049301160,"class_name":"col-md-12","visibility":true,"settings":{},"addons":[{"id":1481208664614,"name":"module","visibility":true,"settings":{"admin_label":"portfolio slider","title":"","heading_selector":"h3","title_fontsize":"","title_lineheight":"","title_fontstyle":null,"title_letterspace":"0","title_fontweight":"","title_text_color":"","title_margin_top":"","title_margin_bottom":"","module_type":"module","id":"127","position":"","class":"","global_text_color":"","global_link_color":"","global_link_hover_color":"","global_use_background":"0","global_background_color":"","global_background_image":"","global_background_repeat":"no-repeat","global_background_size":"cover","global_background_attachment":"inherit","global_user_border":"0","global_border_width":"","global_border_color":"","global_boder_style":"none","global_border_radius":"","global_margin":"","global_padding":"","global_use_animation":"0","global_animation":"","global_animationduration":"300","global_animationdelay":"0","hidden_md":"0","hidden_sm":"0","hidden_xs":"0","acl":null}}]}]},{"id":1480085033587,"visibility":true,"collapse":false,"settings":{"admin_label":"","title":"","heading_selector":"h3","title_fontsize":"","title_fontweight":"","title_text_color":"","title_margin_top":"","title_margin_bottom":"","subtitle":"","subtitle_fontsize":"","title_position":"sppb-text-center","columns_equal_height":"0","fullscreen":"0","no_gutter":"0","id":"","class":"","padding":"50px 0px 50px 0px","margin":"0px 0px 0px 0px","color":"","background_color":"rgba(244, 245, 236, 1)","background_image":"","overlay":"","background_repeat":"no-repeat","background_size":"cover","background_attachment":"fixed","background_position":"0 0","background_video":"0","background_video_mp4":"","background_video_ogv":"","hidden_xs":"","hidden_sm":"","hidden_md":"","animation":"","animationduration":"300","animationdelay":"0"},"layout":"12","columns":[{"id":1480062800119,"class_name":"col-md-12","visibility":true,"settings":{},"addons":[{"id":1480062800122,"name":"module","visibility":true,"settings":{"admin_label":"Our blog","title":"Our <strong>Blog </strong>","heading_selector":"h2","title_fontsize":"","title_lineheight":"","title_fontstyle":null,"title_letterspace":"0","title_fontweight":"","title_text_color":"","title_margin_top":"","title_margin_bottom":"","module_type":"module","id":"116","position":"","class":"recent-posts title-center","global_text_color":"","global_link_color":"","global_link_hover_color":"","global_use_background":"0","global_background_color":"","global_background_image":"","global_background_repeat":"no-repeat","global_background_size":"cover","global_background_attachment":"inherit","global_user_border":"0","global_border_width":"","global_border_color":"","global_boder_style":"none","global_border_radius":"","global_margin":"","global_padding":"","global_use_animation":"0","global_animation":"","global_animationduration":"300","global_animationdelay":"0","hidden_md":"0","hidden_sm":"0","hidden_xs":"0","acl":null}}]}]},{"id":1481182253139,"visibility":true,"collapse":false,"settings":{"admin_label":"","title":"","heading_selector":"h3","title_fontsize":"","title_fontweight":"","title_text_color":"","title_margin_top":"","title_margin_bottom":"","subtitle":"","subtitle_fontsize":"","title_position":"sppb-text-center","columns_equal_height":"0","fullscreen":"0","no_gutter":"0","id":"","class":"","padding":"50px 0px 50px 0px","margin":"0px 0px 0px 0px","color":"","background_color":"","background_image":"","overlay":"","background_repeat":"no-repeat","background_size":"cover","background_attachment":"fixed","background_position":"0 0","background_video":"0","background_video_mp4":"","background_video_ogv":"","hidden_xs":"","hidden_sm":"","hidden_md":"","animation":"","animationduration":"300","animationdelay":"0"},"layout":"12","columns":[{"id":1479738462261,"class_name":"col-md-12","visibility":true,"settings":{},"addons":[{"id":1481181701961,"name":"portoclients","visibility":true,"settings":{"admin_label":"logo","title":"client logo","loop":"1","mouseDrag":"1","autoplay":"0","autoplay_interval":"5000","nav":"0","dots":"1","count":"6","class":"","sp_portoclients_item":[{"title":"Client 1","image":"images/joomlabuff/clients-logos/logo-2.png","url":"#"},{"title":"Client2","image":"images/joomlabuff/clients-logos/logo-1.png","url":"#"},{"title":"client 3","image":"images/joomlabuff/clients-logos/logo-3.png","url":"#"},{"title":"Client 4","image":"images/joomlabuff/clients-logos/logo-4.png","url":"#"},{"title":"Client 5","image":"images/joomlabuff/clients-logos/logo-5.png","url":"#"},{"title":"cleint 6","image":"images/joomlabuff/clients-logos/logo-6.png","url":"#"},{"title":"Client 7","image":"images/joomlabuff/clients-logos/logo-6.png","url":"#"}],"global_text_color":"","global_link_color":"","global_link_hover_color":"","global_use_background":"0","global_background_color":"","global_background_image":"","global_background_repeat":"no-repeat","global_background_size":"cover","global_background_attachment":"inherit","global_user_border":"0","global_border_width":"","global_border_color":"","global_boder_style":"none","global_border_radius":"","global_margin":"","global_padding":"","global_use_animation":"0","global_animation":"","global_animationduration":"300","global_animationdelay":"0","hidden_md":"0","hidden_sm":"0","hidden_xs":"0","acl":null}}]}]}]