[{"id":1479995391106,"visibility":true,"collapse":false,"settings":{"admin_label":"Service icons","title":"Our <strong>Services</strong>","heading_selector":"h2","title_fontsize":"","title_fontweight":"","title_text_color":"","title_margin_top":"","title_margin_bottom":"","subtitle":"","subtitle_fontsize":"","title_position":"sppb-text-center","columns_equal_height":"0","fullscreen":"0","no_gutter":"0","id":"","class":"m-none","padding":"50px 0px 50px 0px","margin":"0px 0px 0px 0px","color":"","background_color":"rgba(244, 244, 244, 1)","background_image":"","overlay":"","background_repeat":"no-repeat","background_size":"cover","background_attachment":"fixed","background_position":"0 0","background_video":"0","background_video_mp4":"","background_video_ogv":"","hidden_xs":"","hidden_sm":"","hidden_md":"","animation":"","animationduration":"300","animationdelay":"0"},"layout":"4,4,4","columns":[{"id":1479995391107,"class_name":"col-md-4","visibility":true,"settings":{"color":"","background":"","background_image":"","overlay":"","background_repeat":"no-repeat","background_size":"cover","background_attachment":"scroll","background_position":"0 0","padding":"","class":"","sm_col":"","xs_col":"","hidden_xs":"","hidden_sm":"","hidden_md":"","animation":"","animationduration":"300","animationdelay":"0"},"addons":[{"id":1479995391112,"name":"raw_html","visibility":true,"settings":{"admin_label":"SEO Optimization","title":"","heading_selector":"h3","title_fontsize":"","title_lineheight":"","title_fontstyle":null,"title_letterspace":"0","title_fontweight":"","title_text_color":"","title_margin_top":"","title_margin_bottom":"","html":"<div class=\"row\">\n\t\t\t\t\t\t\t\t\t<div class=\"col-md-4\">\n\t\t\t\t\t\t\t\t\t\t<img class=\"img-responsive mb-lg\" src=\"images/joomlabuff/icons/seo-grey.png\" alt=\"seo-grey\">\n\t\t\t\t\t\t\t\t\t</div>\n\t\t\t\t\t\t\t\t\t<div class=\"col-md-8\">\n\t\t\t\t\t\t\t\t\t\t<h4 class=\"mb-xs\">SEO Optimization</h4>\n\t\t\t\t\t\t\t\t\t\t<p>Lorem ipsum dolor sit amet, consectetur adipiscing elit.</p>\n\t\t\t\t\t\t\t\t\t\t<p><a class=\"btn-flat btn-xs\" href=\"#\">View More <i class=\"fa fa-arrow-right\"></i></a></p>\n\t\t\t\t\t\t\t\t\t</div>\n\t\t\t\t\t\t\t\t</div>","class":"","global_text_color":"","global_link_color":"","global_link_hover_color":"","global_use_background":"0","global_background_color":"","global_background_image":"","global_background_repeat":"no-repeat","global_background_size":"cover","global_background_attachment":"inherit","global_user_border":"0","global_border_width":"","global_border_color":"","global_boder_style":"none","global_border_radius":"","global_margin":"","global_padding":"","global_use_animation":"0","global_animation":"","global_animationduration":"300","global_animationdelay":"0","hidden_md":"0","hidden_sm":"0","hidden_xs":"0","acl":null}}]},{"id":1479995391108,"class_name":"col-md-4","visibility":true,"settings":{},"addons":[{"id":1479995975523,"name":"raw_html","visibility":true,"settings":{"admin_label":"Marketing","title":"","heading_selector":"h3","title_fontsize":"","title_lineheight":"","title_fontstyle":null,"title_letterspace":"0","title_fontweight":"","title_text_color":"","title_margin_top":"","title_margin_bottom":"","html":"<div class=\"row\">\n\t\t\t\t\t\t\t\t\t<div class=\"col-md-4\">\n\t\t\t\t\t\t\t\t\t\t<img class=\"img-responsive mb-lg\" src=\"images/joomlabuff/icons/marketing-grey.png\" alt=\"\">\n\t\t\t\t\t\t\t\t\t</div>\n\t\t\t\t\t\t\t\t\t<div class=\"col-md-8\">\n\t\t\t\t\t\t\t\t\t\t<h4 class=\"mb-xs\">Marketing</h4>\n\t\t\t\t\t\t\t\t\t\t<p>Lorem ipsum dolor sit amet, consectetur adipiscing elit.</p>\n\t\t\t\t\t\t\t\t\t\t<p><a class=\"btn-flat btn-xs\" href=\"#\">View More <i class=\"fa fa-arrow-right\"></i></a></p>\n\t\t\t\t\t\t\t\t\t</div>\n\t\t\t\t\t\t\t\t</div>","class":"","global_text_color":"","global_link_color":"","global_link_hover_color":"","global_use_background":"0","global_background_color":"","global_background_image":"","global_background_repeat":"no-repeat","global_background_size":"cover","global_background_attachment":"inherit","global_user_border":"0","global_border_width":"","global_border_color":"","global_boder_style":"none","global_border_radius":"","global_margin":"","global_padding":"","global_use_animation":"0","global_animation":"","global_animationduration":"300","global_animationdelay":"0","hidden_md":"0","hidden_sm":"0","hidden_xs":"0","acl":null}}]},{"id":1479995391109,"class_name":"col-md-4","visibility":true,"settings":{},"addons":[{"id":1479995975526,"name":"raw_html","visibility":true,"settings":{"admin_label":"Support Services","title":"","heading_selector":"h3","title_fontsize":"","title_lineheight":"","title_fontstyle":null,"title_letterspace":"0","title_fontweight":"","title_text_color":"","title_margin_top":"","title_margin_bottom":"","html":"<div class=\"row\">\n\t\t\t\t\t\t\t\t\t<div class=\"col-md-4\">\n\t\t\t\t\t\t\t\t\t\t<img class=\"img-responsive mb-lg\" src=\"images/joomlabuff/icons/support-grey.png\" alt=\"\">\n\t\t\t\t\t\t\t\t\t</div>\n\t\t\t\t\t\t\t\t\t<div class=\"col-md-8\">\n\t\t\t\t\t\t\t\t\t\t<h4 class=\"mb-xs\">Support Services</h4>\n\t\t\t\t\t\t\t\t\t\t<p>Lorem ipsum dolor sit amet, consectetur adipiscing elit.</p>\n\t\t\t\t\t\t\t\t\t\t<p><a class=\"btn-flat btn-xs\" href=\"#\">View More <i class=\"fa fa-arrow-right\"></i></a></p>\n\t\t\t\t\t\t\t\t\t</div>\n\t\t\t\t\t\t\t\t</div>","class":"","global_text_color":"","global_link_color":"","global_link_hover_color":"","global_use_background":"0","global_background_color":"","global_background_image":"","global_background_repeat":"no-repeat","global_background_size":"cover","global_background_attachment":"inherit","global_user_border":"0","global_border_width":"","global_border_color":"","global_boder_style":"none","global_border_radius":"","global_margin":"","global_padding":"","global_use_animation":"0","global_animation":"","global_animationduration":"300","global_animationdelay":"0","hidden_md":"0","hidden_sm":"0","hidden_xs":"0","acl":null}}]}]},{"id":1479995975533,"visibility":true,"collapse":false,"settings":{"padding":"50px 0px 50px 0px","margin":"0px 0px 0px 0px"},"layout":"3,9","columns":[{"id":1479995975534,"class_name":"col-md-3","visibility":true,"settings":{},"addons":[{"id":1479995975541,"name":"raw_html","visibility":true,"settings":{"admin_label":"","title":"","heading_selector":"h3","title_fontsize":"","title_lineheight":"","title_fontstyle":null,"title_letterspace":"0","title_fontweight":"","title_text_color":"","title_margin_top":"","title_margin_bottom":"","html":"<img class=\"img-responsive mb-lg\" src=\"images/joomlabuff/office/our-office-9.jpg\" alt=\"Office\">","class":"","global_text_color":"","global_link_color":"","global_link_hover_color":"","global_use_background":"0","global_background_color":"","global_background_image":"","global_background_repeat":"no-repeat","global_background_size":"cover","global_background_attachment":"inherit","global_user_border":"0","global_border_width":"","global_border_color":"","global_boder_style":"none","global_border_radius":"","global_margin":"","global_padding":"","global_use_animation":"0","global_animation":"","global_animationduration":"300","global_animationdelay":"0","hidden_md":"0","hidden_sm":"0","hidden_xs":"0","acl":null}}]},{"id":1479995975535,"class_name":"col-md-9","visibility":true,"settings":{},"addons":[{"id":1479995975538,"name":"raw_html","visibility":true,"settings":{"admin_label":"Our company","title":"","heading_selector":"h3","title_fontsize":"","title_lineheight":"","title_fontstyle":null,"title_letterspace":"0","title_fontweight":"","title_text_color":"","title_margin_top":"","title_margin_bottom":"","html":"<h2 class=\"mb-lg\">Our <strong>Company</strong></h2>\n\t\t\t\t\t\t\t\t<p class=\"lead\">Lorem ipsum dolor sit amet, consectetur adipiscing elit. Ut feugiat urna arcu. Mauris lobortis nulla ut aliquet interdum.</p>\n\t\t\t\t\t\t\t\t<p>Mauris lobortis nulla ut aliquet interdum. Donec commodo ac elit sed placerat. Mauris rhoncus est ac sodales gravida. In eros felis, elementum aliquam nisi vel, pellentesque faucibus nulla. Lorem ipsum dolor. <a class=\"btn-flat btn-xs\" href=\"#\">View More <i class=\"fa fa-arrow-right\"></i></a></p>","class":"","global_text_color":"","global_link_color":"","global_link_hover_color":"","global_use_background":"0","global_background_color":"","global_background_image":"","global_background_repeat":"no-repeat","global_background_size":"cover","global_background_attachment":"inherit","global_user_border":"0","global_border_width":"","global_border_color":"","global_boder_style":"none","global_border_radius":"","global_margin":"","global_padding":"","global_use_animation":"0","global_animation":"","global_animationduration":"300","global_animationdelay":"0","hidden_md":"0","hidden_sm":"0","hidden_xs":"0","acl":null}}]}]},{"id":1479995975542,"visibility":true,"collapse":false,"settings":{"admin_label":"Team section","title":"Our <strong>Team</strong>","heading_selector":"h2","title_fontsize":"","title_fontweight":"","title_text_color":"","title_margin_top":"","title_margin_bottom":"","subtitle":"","subtitle_fontsize":"","title_position":"sppb-text-center","columns_equal_height":"0","fullscreen":"0","no_gutter":"0","id":"","class":"","padding":"50px 0px 50px 0px","margin":"0px 0px 0px 0px","color":"","background_color":"rgba(244, 244, 244, 1)","background_image":"","overlay":"","background_repeat":"no-repeat","background_size":"cover","background_attachment":"fixed","background_position":"0 0","background_video":"0","background_video_mp4":"","background_video_ogv":"","hidden_xs":"","hidden_sm":"","hidden_md":"","animation":"","animationduration":"300","animationdelay":"0"},"layout":"12","columns":[{"id":1479995975543,"class_name":"col-md-12","visibility":true,"settings":{},"addons":[{"id":1479995975546,"name":"raw_html","visibility":true,"settings":{"admin_label":"","title":"","heading_selector":"h3","title_fontsize":"","title_lineheight":"","title_fontstyle":null,"title_letterspace":"0","title_fontweight":"","title_text_color":"","title_margin_top":"","title_margin_bottom":"","html":"<div class=\"row mt-lg\">\n\t\t\t\t\t\t\t<div class=\"col-md-2 col-xs-6 center mb-lg\">\n\t\t\t\t\t\t\t\t<img src=\"images/joomlabuff/team/team-11.jpg\" class=\"img-responsive\" alt=\"\">\n\t\t\t\t\t\t\t\t<h5 class=\"mt-sm mb-none\">Bruno Doe</h5>\n\t\t\t\t\t\t\t\t<p class=\"mb-none\">CEO</p>\n\t\t\t\t\t\t\t</div>\n\t\t\t\t\t\t\t<div class=\"col-md-2 col-xs-6 center mb-lg\">\n\t\t\t\t\t\t\t\t<img src=\"images/joomlabuff/team/team-12.jpg\" class=\"img-responsive\" alt=\"\">\n\t\t\t\t\t\t\t\t<h5 class=\"mt-sm mb-none\">Jeff Doe</h5>\n\t\t\t\t\t\t\t\t<p class=\"mb-none\">Developer</p>\n\t\t\t\t\t\t\t</div>\n\t\t\t\t\t\t\t<div class=\"col-md-2 col-xs-6 center mb-lg\">\n\t\t\t\t\t\t\t\t<img src=\"images/joomlabuff/team/team-13.jpg\" class=\"img-responsive\" alt=\"\">\n\t\t\t\t\t\t\t\t<h5 class=\"mt-sm mb-none\">Jessica Doe</h5>\n\t\t\t\t\t\t\t\t<p class=\"mb-none\">Marketing</p>\n\t\t\t\t\t\t\t</div>\n\t\t\t\t\t\t\t<div class=\"col-md-2 col-xs-6 center mb-lg\">\n\t\t\t\t\t\t\t\t<img src=\"images/joomlabuff/team/team-14.jpg\" class=\"img-responsive\" alt=\"\">\n\t\t\t\t\t\t\t\t<h5 class=\"mt-sm mb-none\">Greg Doe</h5>\n\t\t\t\t\t\t\t\t<p class=\"mb-none\">SEO</p>\n\t\t\t\t\t\t\t</div>\n\t\t\t\t\t\t\t<div class=\"col-md-2 col-xs-6 center mb-lg\">\n\t\t\t\t\t\t\t\t<img src=\"images/joomlabuff/team/team-15.jpg\" class=\"img-responsive\" alt=\"\">\n\t\t\t\t\t\t\t\t<h5 class=\"mt-sm mb-none\">Alex Doe</h5>\n\t\t\t\t\t\t\t\t<p class=\"mb-none\">Support</p>\n\t\t\t\t\t\t\t</div>\n\t\t\t\t\t\t\t<div class=\"col-md-2 col-xs-6 center mb-lg\">\n\t\t\t\t\t\t\t\t<img src=\"images/joomlabuff/team/team-16.jpg\" class=\"img-responsive\" alt=\"\">\n\t\t\t\t\t\t\t\t<h5 class=\"mt-sm mb-none\">Melissa Doe</h5>\n\t\t\t\t\t\t\t\t<p class=\"mb-none\">Support</p>\n\t\t\t\t\t\t\t</div>\n\t\t\t\t\t\t</div>","class":"","global_text_color":"","global_link_color":"","global_link_hover_color":"","global_use_background":"0","global_background_color":"","global_background_image":"","global_background_repeat":"no-repeat","global_background_size":"cover","global_background_attachment":"inherit","global_user_border":"0","global_border_width":"","global_border_color":"","global_boder_style":"none","global_border_radius":"","global_margin":"","global_padding":"","global_use_animation":"0","global_animation":"","global_animationduration":"300","global_animationdelay":"0","hidden_md":"0","hidden_sm":"0","hidden_xs":"0","acl":null}}]}]},{"id":1481181224929,"visibility":true,"collapse":false,"settings":{"admin_label":"","title":"","heading_selector":"h3","title_fontsize":"","title_fontweight":"","title_text_color":"","title_margin_top":"","title_margin_bottom":"","subtitle":"","subtitle_fontsize":"","title_position":"sppb-text-center","columns_equal_height":"0","fullscreen":"0","no_gutter":"0","id":"","class":"","padding":"50px 0px 50px 0px","margin":"0px 0px 0px 0px","color":"","background_color":"","background_image":"images/2016/11/23/parallax-2.jpg","overlay":"","background_repeat":"no-repeat","background_size":"cover","background_attachment":"fixed","background_position":"0 0","background_video":"0","background_video_mp4":"","background_video_ogv":"","hidden_xs":"","hidden_sm":"","hidden_md":"","animation":"","animationduration":"300","animationdelay":"0"},"layout":"12","columns":[{"id":1479909335628,"class_name":"col-md-12","visibility":true,"settings":{},"addons":[{"id":1481177323339,"name":"testimonialporto","visibility":true,"settings":{"admin_label":"Testimonials","title":"","heading_selector":"h3","items":"1","loop":"1","mouseDrag":"1","autoplay":"0","autoplay_interval":"5000","nav":"0","dots":"1","class":"","style":"style2","sp_testimonialporto_item":[{"title":"John Doe","desc":"CEO & Founder- Okler","avatar":"images/2016/11/22/client-1.jpg","avatar_style":"sppb-img-circle","avatar_position":"top","message":"<p>Lorem ipsum dolor sit amet, consectetur adipiscing elit. Sed eget risus porta, tincidunt turpis at, interdum tortor. Suspendisse potenti. Lorem ipsum dolor sit amet, consectetur adipiscing elit. Sociis natoque penatibus et magnis dis parturient montes, nascetur ridiculus mus. Fusce ante tellus, convallis non consectetur sed, pharetra nec ex.</p>","url":"#","link_target":""},{"title":"John smith","desc":"CEO & Founder - Okler","avatar":"images/2016/11/22/client-1.jpg","avatar_style":"sppb-img-circle","avatar_position":"top","message":"<p>Lorem ipsum dolor sit amet, consectetur adipiscing elit. Sed eget risus porta, tincidunt turpis at, interdum tortor. Suspendisse potenti. Lorem ipsum dolor sit amet, consectetur adipiscing elit. Sociis natoque penatibus et magnis dis parturient montes, nascetur ridiculus mus. Fusce ante tellus, convallis non consectetur sed, pharetra nec ex.</p>","url":"#","link_target":""}],"global_text_color":"","global_link_color":"","global_link_hover_color":"","global_use_background":"0","global_background_color":"","global_background_image":"","global_background_repeat":"no-repeat","global_background_size":"cover","global_background_attachment":"inherit","global_user_border":"0","global_border_width":"","global_border_color":"","global_boder_style":"none","global_border_radius":"","global_margin":"","global_padding":"","global_use_animation":"0","global_animation":"","global_animationduration":"300","global_animationdelay":"0","hidden_md":"0","hidden_sm":"0","hidden_xs":"0","acl":null}}]}]},{"id":1479999030538,"visibility":true,"collapse":false,"settings":{"admin_label":"","title":"Our <strong>Blog</strong>","heading_selector":"h2","title_fontsize":"","title_fontweight":"","title_text_color":"","title_margin_top":"","title_margin_bottom":"","subtitle":"","subtitle_fontsize":"","title_position":"sppb-text-center","columns_equal_height":"0","fullscreen":"0","no_gutter":"0","id":"","class":"","padding":"50px 0px 50px 0px","margin":"0px 0px 0px 0px","color":"","background_color":"rgba(244, 244, 244, 1)","background_image":"","overlay":"","background_repeat":"no-repeat","background_size":"cover","background_attachment":"fixed","background_position":"0 0","background_video":"0","background_video_mp4":"","background_video_ogv":"","hidden_xs":"","hidden_sm":"","hidden_md":"","animation":"","animationduration":"300","animationdelay":"0"},"layout":"12","columns":[{"id":1479999030539,"class_name":"col-md-12","visibility":true,"settings":{},"addons":[{"id":1479999030542,"name":"module","visibility":true,"settings":{"admin_label":"","title":"","heading_selector":"h3","title_fontsize":"","title_lineheight":"","title_fontstyle":null,"title_letterspace":"0","title_fontweight":"","title_text_color":"","title_margin_top":"","title_margin_bottom":"","module_type":"module","id":"111","position":"","class":"","global_text_color":"","global_link_color":"","global_link_hover_color":"","global_use_background":"0","global_background_color":"","global_background_image":"","global_background_repeat":"no-repeat","global_background_size":"cover","global_background_attachment":"inherit","global_user_border":"0","global_border_width":"","global_border_color":"","global_boder_style":"none","global_border_radius":"","global_margin":"","global_padding":"","global_use_animation":"0","global_animation":"","global_animationduration":"300","global_animationdelay":"0","hidden_md":"0","hidden_sm":"0","hidden_xs":"0","acl":null}}]}]}]