[{"id":1480005584967,"visibility":true,"collapse":false,"settings":{"admin_label":"","title":"","heading_selector":"h3","title_fontsize":"","title_fontweight":"","title_text_color":"","title_margin_top":"","title_margin_bottom":"","subtitle":"","subtitle_fontsize":"","title_position":"sppb-text-center","columns_equal_height":"0","fullscreen":"1","no_gutter":"0","id":"","class":"home-intro","padding":"20px 0px 20px 0px","margin":"0px 0px 0px 0px","color":"","background_color":"","background_image":"","overlay":"","background_repeat":"no-repeat","background_size":"cover","background_attachment":"fixed","background_position":"0 0","background_video":"0","background_video_mp4":"","background_video_ogv":"","hidden_xs":"","hidden_sm":"","hidden_md":"","animation":"","animationduration":"300","animationdelay":"0"},"layout":"12","columns":[{"id":1479706363937,"class_name":"col-md-12","visibility":true,"settings":{},"addons":[{"id":1479706363940,"name":"raw_html","visibility":true,"settings":{"admin_label":"call to action","title":"","heading_selector":"h3","title_fontsize":"","title_lineheight":"","title_fontstyle":null,"title_letterspace":"0","title_fontweight":"","title_text_color":"","title_margin_top":"","title_margin_bottom":"","html":"<div class=\"container\">\t\t\t\t\t\t\t\n<div class=\"col-md-8\">\n\t\t\t\t\t\t\t\t<p>\n\t\t\t\t\t\t\t\t\tThe fastest way to grow your business with the leader in <em>Technology</em>\n\t\t\t\t\t\t\t\t\t<span>Check out our options and features included.</span>\n\t\t\t\t\t\t\t\t</p>\n\t\t\t\t\t\t\t</div>\n\t\t\t\t\t\t\t<div class=\"col-md-4\">\n\t\t\t\t\t\t\t\t<div class=\"get-started\">\n\t\t\t\t\t\t\t\t\t<a href=\"#\" class=\"btn btn-lg btn-primary\">Get Started Now!</a>\n\t\t\t\t\t\t\t\t\t<div class=\"learn-more\">or <a href=\"index.html\">learn more.</a></div>\n\t\t\t\t\t\t\t\t</div>\n\t\t\t\t\t\t\t</div>\n</div>","class":"","global_text_color":"","global_link_color":"","global_link_hover_color":"","global_use_background":"0","global_background_color":"","global_background_image":"","global_background_repeat":"no-repeat","global_background_size":"cover","global_background_attachment":"inherit","global_user_border":"0","global_border_width":"","global_border_color":"","global_boder_style":"none","global_border_radius":"","global_margin":"","global_padding":"","global_use_animation":"0","global_animation":"","global_animationduration":"300","global_animationdelay":"0","hidden_md":"0","hidden_sm":"0","hidden_xs":"0","acl":null}}]}]},{"id":1480005584968,"visibility":true,"collapse":false,"settings":{"admin_label":"our services","title":"Our <strong>Services</strong>","heading_selector":"h2","title_fontsize":"","title_fontweight":"","title_text_color":"","title_margin_top":"","title_margin_bottom":"","subtitle":"","subtitle_fontsize":"","title_position":"sppb-text-left","columns_equal_height":"0","fullscreen":"0","no_gutter":"0","id":"","class":"","padding":"50px 0px 0px 0px","margin":"0px 0px 0px 0px","color":"","background_color":"","background_image":"","overlay":"","background_repeat":"no-repeat","background_size":"cover","background_attachment":"fixed","background_position":"0 0","background_video":"0","background_video_mp4":"","background_video_ogv":"","hidden_xs":"","hidden_sm":"","hidden_md":"","animation":"","animationduration":"300","animationdelay":"0"},"layout":"4,4,4","columns":[{"id":1480005584969,"class_name":"col-md-4","visibility":true,"settings":{},"addons":[{"id":1480005584974,"name":"raw_html","visibility":true,"settings":{"admin_label":"Customer Support","title":"","heading_selector":"h3","title_fontsize":"","title_lineheight":"","title_fontstyle":null,"title_letterspace":"0","title_fontweight":"","title_text_color":"","title_margin_top":"","title_margin_bottom":"","html":"<div class=\"feature-box feature-box-style-2 appear-animation animated fadeInUp appear-animation-visible\" data-appear-animation=\"fadeInUp\" data-appear-animation-delay=\"0\">\n\t\t\t\t\t\t\t\t<div class=\"feature-box-icon\">\n\t\t\t\t\t\t\t\t\t<i class=\"icon-user-following icons\"></i>\n\t\t\t\t\t\t\t\t</div>\n\t\t\t\t\t\t\t\t<div class=\"feature-box-info\">\n\t\t\t\t\t\t\t\t\t<h4 class=\"mb-sm\">Customer Support</h4>\n\t\t\t\t\t\t\t\t\t<p class=\"mb-lg\">Lorem ipsum dolor sit amet, consectetur adipiscing metus elit. Quisque rutrum pellentesque imperdiet.</p>\n\t\t\t\t\t\t\t\t</div>\n\t\t\t\t\t\t\t</div>","class":"","global_text_color":"","global_link_color":"","global_link_hover_color":"","global_use_background":"0","global_background_color":"","global_background_image":"","global_background_repeat":"no-repeat","global_background_size":"cover","global_background_attachment":"inherit","global_user_border":"0","global_border_width":"","global_border_color":"","global_boder_style":"none","global_border_radius":"","global_margin":"","global_padding":"","global_use_animation":"1","global_animation":"fadeInUp","global_animationduration":"300","global_animationdelay":"0","hidden_md":"0","hidden_sm":"0","hidden_xs":"0","acl":null}}]},{"id":1480005584970,"class_name":"col-md-4","visibility":true,"settings":{},"addons":[{"id":1480005584977,"name":"raw_html","visibility":true,"settings":{"admin_label":"Sliders","title":"","heading_selector":"h3","title_fontsize":"","title_lineheight":"","title_fontstyle":null,"title_letterspace":"0","title_fontweight":"","title_text_color":"","title_margin_top":"","title_margin_bottom":"","html":"\t<div class=\"feature-box feature-box-style-2 appear-animation animated fadeInUp appear-animation-visible\" data-appear-animation=\"fadeInUp\" data-appear-animation-delay=\"0\">\n\t\t\t\t\t\t\t\t<div class=\"feature-box-icon\">\n\t\t\t\t\t\t\t\t\t<i class=\"icon-layers icons\"></i>\n\t\t\t\t\t\t\t\t</div>\n\t\t\t\t\t\t\t\t<div class=\"feature-box-info\">\n\t\t\t\t\t\t\t\t\t<h4 class=\"mb-sm\">Sliders</h4>\n\t\t\t\t\t\t\t\t\t<p class=\"mb-lg\">Lorem ipsum dolor sit amet, consectetur adipiscing metus elit. Quisque rutrum pellentesque imperdiet.</p>\n\t\t\t\t\t\t\t\t</div>\n\t\t\t\t\t\t\t</div>","class":"","global_text_color":"","global_link_color":"","global_link_hover_color":"","global_use_background":"0","global_background_color":"","global_background_image":"","global_background_repeat":"no-repeat","global_background_size":"cover","global_background_attachment":"inherit","global_user_border":"0","global_border_width":"","global_border_color":"","global_boder_style":"none","global_border_radius":"","global_margin":"","global_padding":"","global_use_animation":"1","global_animation":"fadeInUp","global_animationduration":"300","global_animationdelay":"0","hidden_md":"0","hidden_sm":"0","hidden_xs":"0","acl":null}}]},{"id":1480005584971,"class_name":"col-md-4","visibility":true,"settings":{},"addons":[{"id":1480005584980,"name":"raw_html","visibility":true,"settings":{"admin_label":"HTML5","title":"","heading_selector":"h3","title_fontsize":"","title_lineheight":"","title_fontstyle":null,"title_letterspace":"0","title_fontweight":"","title_text_color":"","title_margin_top":"","title_margin_bottom":"","html":"\t<div class=\"feature-box feature-box-style-2 appear-animation animated fadeInUp appear-animation-visible\" data-appear-animation=\"fadeInUp\" data-appear-animation-delay=\"0\">\n\t\t\t\t\t\t\t\t<div class=\"feature-box-icon\">\n\t\t\t\t\t\t\t\t\t<i class=\"icon-calculator icons\"></i>\n\t\t\t\t\t\t\t\t</div>\n\t\t\t\t\t\t\t\t<div class=\"feature-box-info\">\n\t\t\t\t\t\t\t\t\t<h4 class=\"mb-sm\">HTML5</h4>\n\t\t\t\t\t\t\t\t\t<p class=\"mb-lg\">Lorem ipsum dolor sit amet, consectetur adipiscing metus elit. Quisque rutrum pellentesque imperdiet.</p>\n\t\t\t\t\t\t\t\t</div>\n\t\t\t\t\t\t\t</div>","class":"","global_text_color":"","global_link_color":"","global_link_hover_color":"","global_use_background":"0","global_background_color":"","global_background_image":"","global_background_repeat":"no-repeat","global_background_size":"cover","global_background_attachment":"inherit","global_user_border":"0","global_border_width":"","global_border_color":"","global_boder_style":"none","global_border_radius":"","global_margin":"","global_padding":"","global_use_animation":"1","global_animation":"fadeInUp","global_animationduration":"300","global_animationdelay":"0","hidden_md":"0","hidden_sm":"0","hidden_xs":"0","acl":null}}]}]},{"id":1480005584995,"visibility":true,"collapse":false,"settings":{"admin_label":"","title":"","heading_selector":"h3","title_fontsize":"","title_fontweight":"","title_text_color":"","title_margin_top":"","title_margin_bottom":"","subtitle":"","subtitle_fontsize":"","title_position":"sppb-text-center","columns_equal_height":"0","fullscreen":"0","no_gutter":"0","id":"","class":"","padding":"15px 0px 0px 0px","margin":"0px 0px 0px 0px","color":"","background_color":"","background_image":"","overlay":"","background_repeat":"no-repeat","background_size":"cover","background_attachment":"fixed","background_position":"0 0","background_video":"0","background_video_mp4":"","background_video_ogv":"","hidden_xs":"","hidden_sm":"","hidden_md":"","animation":"","animationduration":"300","animationdelay":"0"},"layout":"4,4,4","columns":[{"id":1480005584996,"class_name":"col-md-4","visibility":true,"settings":{},"addons":[{"id":1480005585001,"name":"raw_html","visibility":true,"settings":{"admin_label":"Icons","title":"","heading_selector":"h3","title_fontsize":"","title_lineheight":"","title_fontstyle":null,"title_letterspace":"0","title_fontweight":"","title_text_color":"","title_margin_top":"","title_margin_bottom":"","html":"\t<div class=\"feature-box feature-box-style-2 appear-animation animated fadeInUp appear-animation-visible\" data-appear-animation=\"fadeInUp\" data-appear-animation-delay=\"300\">\n\t\t\t\t\t\t\t\t<div class=\"feature-box-icon\">\n\t\t\t\t\t\t\t\t\t<i class=\"icon-star icons\"></i>\n\t\t\t\t\t\t\t\t</div>\n\t\t\t\t\t\t\t\t<div class=\"feature-box-info\">\n\t\t\t\t\t\t\t\t\t<h4 class=\"mb-sm\">Icons</h4>\n\t\t\t\t\t\t\t\t\t<p class=\"mb-lg\">Lorem ipsum dolor sit amet, consectetur adipiscing metus elit. Quisque rutrum pellentesque imperdiet.</p>\n\t\t\t\t\t\t\t\t</div>\n\t\t\t\t\t\t\t</div>","class":"","global_text_color":"","global_link_color":"","global_link_hover_color":"","global_use_background":"0","global_background_color":"","global_background_image":"","global_background_repeat":"no-repeat","global_background_size":"cover","global_background_attachment":"inherit","global_user_border":"0","global_border_width":"","global_border_color":"","global_boder_style":"none","global_border_radius":"","global_margin":"","global_padding":"","global_use_animation":"1","global_animation":"fadeInUp","global_animationduration":"300","global_animationdelay":"0","hidden_md":"0","hidden_sm":"0","hidden_xs":"0","acl":null}}]},{"id":1480005584997,"class_name":"col-md-4","visibility":true,"settings":{},"addons":[{"id":1480005585004,"name":"raw_html","visibility":true,"settings":{"admin_label":"Colors","title":"","heading_selector":"h3","title_fontsize":"","title_lineheight":"","title_fontstyle":null,"title_letterspace":"0","title_fontweight":"","title_text_color":"","title_margin_top":"","title_margin_bottom":"","html":"\t<div class=\"feature-box feature-box-style-2 appear-animation animated fadeInUp appear-animation-visible\" data-appear-animation=\"fadeInUp\" data-appear-animation-delay=\"300\">\n\t\t\t\t\t\t\t\t<div class=\"feature-box-icon\">\n\t\t\t\t\t\t\t\t\t<i class=\"icon-drop icons\"></i>\n\t\t\t\t\t\t\t\t</div>\n\t\t\t\t\t\t\t\t<div class=\"feature-box-info\">\n\t\t\t\t\t\t\t\t\t<h4 class=\"mb-sm\">Colors</h4>\n\t\t\t\t\t\t\t\t\t<p class=\"mb-lg\">Lorem ipsum dolor sit amet, consectetur adipiscing metus elit. Quisque rutrum pellentesque imperdiet.</p>\n\t\t\t\t\t\t\t\t</div>\n\t\t\t\t\t\t\t</div>","class":"","global_text_color":"","global_link_color":"","global_link_hover_color":"","global_use_background":"0","global_background_color":"","global_background_image":"","global_background_repeat":"no-repeat","global_background_size":"cover","global_background_attachment":"inherit","global_user_border":"0","global_border_width":"","global_border_color":"","global_boder_style":"none","global_border_radius":"","global_margin":"","global_padding":"","global_use_animation":"1","global_animation":"fadeInUp","global_animationduration":"300","global_animationdelay":"0","hidden_md":"0","hidden_sm":"0","hidden_xs":"0","acl":null}}]},{"id":1480005584998,"class_name":"col-md-4","visibility":true,"settings":{},"addons":[{"id":1480005585013,"name":"raw_html","visibility":true,"settings":{"admin_label":"Buttons","title":"","heading_selector":"h3","title_fontsize":"","title_lineheight":"","title_fontstyle":null,"title_letterspace":"0","title_fontweight":"","title_text_color":"","title_margin_top":"","title_margin_bottom":"","html":"<div class=\"feature-box feature-box-style-2 appear-animation animated fadeInUp appear-animation-visible\" data-appear-animation=\"fadeInUp\" data-appear-animation-delay=\"300\">\n\t\t\t\t\t\t\t\t<div class=\"feature-box-icon\">\n\t\t\t\t\t\t\t\t\t<i class=\"icon-mouse icons\"></i>\n\t\t\t\t\t\t\t\t</div>\n\t\t\t\t\t\t\t\t<div class=\"feature-box-info\">\n\t\t\t\t\t\t\t\t\t<h4 class=\"mb-sm\">Buttons</h4>\n\t\t\t\t\t\t\t\t\t<p class=\"mb-lg\">Lorem ipsum dolor sit amet, consectetur adipiscing metus elit. Quisque rutrum pellentesque imperdiet.</p>\n\t\t\t\t\t\t\t\t</div>\n\t\t\t\t\t\t\t</div>","class":"","global_text_color":"","global_link_color":"","global_link_hover_color":"","global_use_background":"0","global_background_color":"","global_background_image":"","global_background_repeat":"no-repeat","global_background_size":"cover","global_background_attachment":"inherit","global_user_border":"0","global_border_width":"","global_border_color":"","global_boder_style":"none","global_border_radius":"","global_margin":"","global_padding":"","global_use_animation":"1","global_animation":"fadeInUp","global_animationduration":"300","global_animationdelay":"0","hidden_md":"0","hidden_sm":"0","hidden_xs":"0","acl":null}}]}]},{"id":1480005585016,"visibility":true,"collapse":false,"settings":{"admin_label":"","title":"","heading_selector":"h3","title_fontsize":"","title_fontweight":"","title_text_color":"","title_margin_top":"","title_margin_bottom":"","subtitle":"","subtitle_fontsize":"","title_position":"sppb-text-center","columns_equal_height":"0","fullscreen":"0","no_gutter":"0","id":"","class":"","padding":"15px 0px 50px 0px","margin":"0px 0px 0px 0px","color":"","background_color":"","background_image":"","overlay":"","background_repeat":"no-repeat","background_size":"cover","background_attachment":"fixed","background_position":"0 0","background_video":"0","background_video_mp4":"","background_video_ogv":"","hidden_xs":"","hidden_sm":"","hidden_md":"","animation":"","animationduration":"300","animationdelay":"0"},"layout":"4,4,4","columns":[{"id":1480005585017,"class_name":"col-md-4","visibility":true,"settings":{},"addons":[{"id":1480005585022,"name":"raw_html","visibility":true,"settings":{"admin_label":"Lightboxes","title":"","heading_selector":"h3","title_fontsize":"","title_lineheight":"","title_fontstyle":null,"title_letterspace":"0","title_fontweight":"","title_text_color":"","title_margin_top":"","title_margin_bottom":"","html":"\t\t<div class=\"feature-box feature-box-style-2 appear-animation animated fadeInUp appear-animation-visible\" data-appear-animation=\"fadeInUp\" data-appear-animation-delay=\"600\">\n\t\t\t\t\t\t\t\t<div class=\"feature-box-icon\">\n\t\t\t\t\t\t\t\t\t<i class=\"icon-screen-desktop icons\"></i>\n\t\t\t\t\t\t\t\t</div>\n\t\t\t\t\t\t\t\t<div class=\"feature-box-info\">\n\t\t\t\t\t\t\t\t\t<h4 class=\"mb-sm\">Lightboxes</h4>\n\t\t\t\t\t\t\t\t\t<p class=\"mb-lg\">Lorem ipsum dolor sit amet, consectetur adipiscing metus elit. Quisque rutrum pellentesque imperdiet.</p>\n\t\t\t\t\t\t\t\t</div>\n\t\t\t\t\t\t\t</div>","class":"","global_text_color":"","global_link_color":"","global_link_hover_color":"","global_use_background":"0","global_background_color":"","global_background_image":"","global_background_repeat":"no-repeat","global_background_size":"cover","global_background_attachment":"inherit","global_user_border":"0","global_border_width":"","global_border_color":"","global_boder_style":"none","global_border_radius":"","global_margin":"","global_padding":"","global_use_animation":"1","global_animation":"fadeInUp","global_animationduration":"300","global_animationdelay":"0","hidden_md":"0","hidden_sm":"0","hidden_xs":"0","acl":null}}]},{"id":1480005585018,"class_name":"col-md-4","visibility":true,"settings":{},"addons":[{"id":1480005585025,"name":"raw_html","visibility":true,"settings":{"admin_label":"Shortcodes","title":"","heading_selector":"h3","title_fontsize":"","title_lineheight":"","title_fontstyle":null,"title_letterspace":"0","title_fontweight":"","title_text_color":"","title_margin_top":"","title_margin_bottom":"","html":"\t<div class=\"feature-box feature-box-style-2 appear-animation animated fadeInUp appear-animation-visible\" data-appear-animation=\"fadeInUp\" data-appear-animation-delay=\"600\">\n\t\t\t\t\t\t\t\t<div class=\"feature-box-icon\">\n\t\t\t\t\t\t\t\t\t<i class=\"icon-energy icons\"></i>\n\t\t\t\t\t\t\t\t</div>\n\t\t\t\t\t\t\t\t<div class=\"feature-box-info\">\n\t\t\t\t\t\t\t\t\t<h4 class=\"mb-sm\">Shortcodes</h4>\n\t\t\t\t\t\t\t\t\t<p class=\"mb-lg\">Lorem ipsum dolor sit amet, consectetur adipiscing metus elit. Quisque rutrum pellentesque imperdiet.</p>\n\t\t\t\t\t\t\t\t</div>\n\t\t\t\t\t\t\t</div>","class":"","global_text_color":"","global_link_color":"","global_link_hover_color":"","global_use_background":"0","global_background_color":"","global_background_image":"","global_background_repeat":"no-repeat","global_background_size":"cover","global_background_attachment":"inherit","global_user_border":"0","global_border_width":"","global_border_color":"","global_boder_style":"none","global_border_radius":"","global_margin":"","global_padding":"","global_use_animation":"1","global_animation":"fadeInUp","global_animationduration":"300","global_animationdelay":"0","hidden_md":"0","hidden_sm":"0","hidden_xs":"0","acl":null}}]},{"id":1480005585019,"class_name":"col-md-4","visibility":true,"settings":{},"addons":[{"id":1480005585028,"name":"raw_html","visibility":true,"settings":{"admin_label":"Videos","title":"","heading_selector":"h3","title_fontsize":"","title_lineheight":"","title_fontstyle":null,"title_letterspace":"0","title_fontweight":"","title_text_color":"","title_margin_top":"","title_margin_bottom":"","html":"<div class=\"feature-box feature-box-style-2 appear-animation animated fadeInUp appear-animation-visible\" data-appear-animation=\"fadeInUp\" data-appear-animation-delay=\"600\">\n\t\t\t\t\t\t\t\t<div class=\"feature-box-icon\">\n\t\t\t\t\t\t\t\t\t<i class=\"icon-social-youtube icons\"></i>\n\t\t\t\t\t\t\t\t</div>\n\t\t\t\t\t\t\t\t<div class=\"feature-box-info\">\n\t\t\t\t\t\t\t\t\t<h4 class=\"mb-sm\">Videos</h4>\n\t\t\t\t\t\t\t\t\t<p class=\"mb-lg\">Lorem ipsum dolor sit amet, consectetur adipiscing metus elit. Quisque rutrum pellentesque imperdiet.</p>\n\t\t\t\t\t\t\t\t</div>\n\t\t\t\t\t\t\t</div>","class":"","global_text_color":"","global_link_color":"","global_link_hover_color":"","global_use_background":"0","global_background_color":"","global_background_image":"","global_background_repeat":"no-repeat","global_background_size":"cover","global_background_attachment":"inherit","global_user_border":"0","global_border_width":"","global_border_color":"","global_boder_style":"none","global_border_radius":"","global_margin":"","global_padding":"","global_use_animation":"1","global_animation":"fadeInUp","global_animationduration":"300","global_animationdelay":"0","hidden_md":"0","hidden_sm":"0","hidden_xs":"0","acl":null}}]}]},{"id":1481181374990,"visibility":true,"collapse":false,"settings":{"admin_label":"","title":"","heading_selector":"h3","title_fontsize":"","title_fontweight":"","title_text_color":"","title_margin_top":"","title_margin_bottom":"","subtitle":"","subtitle_fontsize":"","title_position":"sppb-text-center","columns_equal_height":"0","fullscreen":"0","no_gutter":"0","id":"","class":"","padding":"50px 0px 50px 0px","margin":"0px 0px 50px 0px","color":"","background_color":"","background_image":"images/2016/11/24/parallax-6.jpg","overlay":"","background_repeat":"no-repeat","background_size":"cover","background_attachment":"fixed","background_position":"0 0","background_video":"0","background_video_mp4":"","background_video_ogv":"","hidden_xs":"","hidden_sm":"","hidden_md":"","animation":"","animationduration":"300","animationdelay":"0"},"layout":"12","columns":[{"id":1479909335628,"class_name":"col-md-12","visibility":true,"settings":{},"addons":[{"id":1481177323339,"name":"testimonialporto","visibility":true,"settings":{"admin_label":"Testimonials","title":"","heading_selector":"h3","items":"1","loop":"1","mouseDrag":"1","autoplay":"0","autoplay_interval":"5000","nav":"0","dots":"1","class":"","style":"style2","sp_testimonialporto_item":[{"title":"John Doe","desc":"CEO & Founder- Okler","avatar":"images/2016/11/22/client-1.jpg","avatar_style":"sppb-img-circle","avatar_position":"top","message":"<p>Lorem ipsum dolor sit amet, consectetur adipiscing elit. Sed eget risus porta, tincidunt turpis at, interdum tortor. Suspendisse potenti. Lorem ipsum dolor sit amet, consectetur adipiscing elit. Sociis natoque penatibus et magnis dis parturient montes, nascetur ridiculus mus. Fusce ante tellus, convallis non consectetur sed, pharetra nec ex.</p>","url":"#","link_target":""},{"title":"John smith","desc":"CEO & Founder - Okler","avatar":"images/2016/11/22/client-1.jpg","avatar_style":"sppb-img-circle","avatar_position":"top","message":"<p>Lorem ipsum dolor sit amet, consectetur adipiscing elit. Sed eget risus porta, tincidunt turpis at, interdum tortor. Suspendisse potenti. Lorem ipsum dolor sit amet, consectetur adipiscing elit. Sociis natoque penatibus et magnis dis parturient montes, nascetur ridiculus mus. Fusce ante tellus, convallis non consectetur sed, pharetra nec ex.</p>","url":"#","link_target":""}],"global_text_color":"","global_link_color":"","global_link_hover_color":"","global_use_background":"0","global_background_color":"","global_background_image":"","global_background_repeat":"no-repeat","global_background_size":"cover","global_background_attachment":"inherit","global_user_border":"0","global_border_width":"","global_border_color":"","global_boder_style":"none","global_border_radius":"","global_margin":"","global_padding":"","global_use_animation":"0","global_animation":"","global_animationduration":"300","global_animationdelay":"0","hidden_md":"0","hidden_sm":"0","hidden_xs":"0","acl":null}}]}]},{"id":1480009231200,"visibility":false,"collapse":false,"settings":{"admin_label":"","title":"","heading_selector":"h3","title_fontsize":"","title_fontweight":"","title_text_color":"","title_margin_top":"","title_margin_bottom":"","subtitle":"","subtitle_fontsize":"","title_position":"sppb-text-center","columns_equal_height":"0","fullscreen":"1","no_gutter":"0","id":"","class":"","padding":"0px 0px 0px 0px","margin":"0px 0px 0px 0px","color":"","background_color":"","background_image":"","overlay":"","background_repeat":"no-repeat","background_size":"cover","background_attachment":"fixed","background_position":"0 0","background_video":"0","background_video_mp4":"","background_video_ogv":"","hidden_xs":"","hidden_sm":"","hidden_md":"","animation":"","animationduration":"300","animationdelay":"0"},"layout":"6,6","columns":[{"id":1480009231201,"class_name":"col-md-6","visibility":true,"settings":{"color":"","background":"rgba(230, 240, 242, 1)","background_image":"","overlay":"","background_repeat":"no-repeat","background_size":"cover","background_attachment":"scroll","background_position":"0 0","padding":"45 15 15 15","class":"","sm_col":"","xs_col":"","hidden_xs":"","hidden_sm":"","hidden_md":"","animation":"","animationduration":"300","animationdelay":"0"},"addons":[{"id":1480009231219,"type":"inner_row","settings":{"admin_label":"Latest Posts","title":"","heading_selector":"h2","title_fontsize":"","title_fontweight":"","title_text_color":"","title_margin_top":"","title_margin_bottom":"","subtitle":"","subtitle_fontsize":"","title_position":"sppb-text-left","columns_equal_height":"0","fullscreen":"0","no_gutter":"0","id":"","class":"","padding":"50px 0px 50px 0px","margin":"0px 0px 0px 0px","color":"","background_color":"","background_image":"","overlay":"","background_repeat":"no-repeat","background_size":"cover","background_attachment":"fixed","background_position":"0 0","background_video":"0","background_video_mp4":"","background_video_ogv":"","hidden_xs":"","hidden_sm":"","hidden_md":"","animation":"","animationduration":"300","animationdelay":"0"},"layout":"12","visibility":true,"columns":[{"id":1480009231220,"class_name":"col-md-12","visibility":true,"settings":{"color":"","background":"","background_image":"","overlay":"","background_repeat":"no-repeat","background_size":"cover","background_attachment":"scroll","background_position":"0 0","padding":"","class":"","sm_col":"","xs_col":"","hidden_xs":"","hidden_sm":"","hidden_md":"","animation":"","animationduration":"300","animationdelay":"0"},"addons":[{"id":1480009231290,"name":"raw_html","visibility":true,"settings":{"admin_label":"","title":"","heading_selector":"h3","title_fontsize":"","title_lineheight":"","title_fontstyle":null,"title_letterspace":"0","title_fontweight":"","title_text_color":"","title_margin_top":"","title_margin_bottom":"","html":"<h2>Latest  <strong>Posts</strong></h2>","class":"","global_text_color":"","global_link_color":"","global_link_hover_color":"","global_use_background":"0","global_background_color":"","global_background_image":"","global_background_repeat":"no-repeat","global_background_size":"cover","global_background_attachment":"inherit","global_user_border":"0","global_border_width":"","global_border_color":"","global_boder_style":"none","global_border_radius":"","global_margin":"","global_padding":"","global_use_animation":"0","global_animation":"","global_animationduration":"300","global_animationdelay":"0","hidden_md":"0","hidden_sm":"0","hidden_xs":"0","acl":null}},{"id":1480009231230,"name":"module","visibility":true,"settings":{"admin_label":"","title":"","heading_selector":"h3","title_fontsize":"","title_lineheight":"","title_fontstyle":null,"title_letterspace":"0","title_fontweight":"","title_text_color":"","title_margin_top":"","title_margin_bottom":"","module_type":"module","id":"103","position":"","class":"recent-posts","global_text_color":"","global_link_color":"","global_link_hover_color":"","global_use_background":"0","global_background_color":"","global_background_image":"","global_background_repeat":"no-repeat","global_background_size":"cover","global_background_attachment":"inherit","global_user_border":"0","global_border_width":"","global_border_color":"","global_boder_style":"none","global_border_radius":"","global_margin":"","global_padding":"","global_use_animation":"0","global_animation":"","global_animationduration":"300","global_animationdelay":"0","hidden_md":"0","hidden_sm":"0","hidden_xs":"0","acl":null}}]}]}]},{"id":1480009231202,"class_name":"col-md-6","visibility":true,"settings":{"color":"","background":"rgba(241, 246, 249, 1)","background_image":"","overlay":"","background_repeat":"no-repeat","background_size":"cover","background_attachment":"scroll","background_position":"0 0","padding":"","class":"","sm_col":"","xs_col":"","hidden_xs":"","hidden_sm":"","hidden_md":"","animation":"","animationduration":"300","animationdelay":"0"},"addons":[{"id":1480009231241,"type":"inner_row","settings":{"admin_label":"Our Clients","title":"Our <strong>Clients</strong>","heading_selector":"h2","title_fontsize":"","title_fontweight":"","title_text_color":"","title_margin_top":"","title_margin_bottom":"","subtitle":"","subtitle_fontsize":"","title_position":"sppb-text-left","columns_equal_height":"0","fullscreen":"0","no_gutter":"0","id":"","class":"","padding":"50px 0px 50px 0px","margin":"0px 0px 0px 0px","color":"","background_color":"","background_image":"","overlay":"","background_repeat":"no-repeat","background_size":"cover","background_attachment":"fixed","background_position":"0 0","background_video":"0","background_video_mp4":"","background_video_ogv":"","hidden_xs":"","hidden_sm":"","hidden_md":"","animation":"","animationduration":"300","animationdelay":"0"},"layout":"12","visibility":true,"columns":[{"id":1480009231242,"class_name":"col-md-12","visibility":true,"settings":{"color":"","background":"","background_image":"","overlay":"","background_repeat":"no-repeat","background_size":"cover","background_attachment":"scroll","background_position":"0 0","padding":"","class":"","sm_col":"","xs_col":"","hidden_xs":"","hidden_sm":"","hidden_md":"","animation":"","animationduration":"300","animationdelay":"0"},"addons":[{"id":1480009231247,"name":"raw_html","visibility":true,"settings":{"admin_label":"","title":"","heading_selector":"h3","title_fontsize":"","title_lineheight":"","title_fontstyle":null,"title_letterspace":"0","title_fontweight":"","title_text_color":"","title_margin_top":"","title_margin_bottom":"","html":"<div class=\"content-grid content-grid-dashed mt-xlg mb-lg\">\n\t\t\t\t\t\t\t\t\t\t\t<div class=\"row content-grid-row\">\n\t\t\t\t\t\t\t\t\t\t\t\t<div class=\"content-grid-item col-md-6 center\">\n\t\t\t\t\t\t\t\t\t\t\t\t\t<img class=\"img-responsive\" src=\"images/joomlabuff/clients-logos/logo-1.png\" alt=\"\">\n\t\t\t\t\t\t\t\t\t\t\t\t</div>\n\t\t\t\t\t\t\t\t\t\t\t\t<div class=\"content-grid-item col-md-6 center\">\n\t\t\t\t\t\t\t\t\t\t\t\t\t<img class=\"img-responsive\" src=\"images/joomlabuff/clients-logos/logo-2.png\" alt=\"\">\n\t\t\t\t\t\t\t\t\t\t\t\t</div>\n\t\t\t\t\t\t\t\t\t\t\t</div>\n\t\t\t\t\t\t\t\t\t\t\t<div class=\"row content-grid-row\">\n\t\t\t\t\t\t\t\t\t\t\t\t<div class=\"content-grid-item col-md-6 center\">\n\t\t\t\t\t\t\t\t\t\t\t\t\t<img class=\"img-responsive\" src=\"images/joomlabuff/clients-logos/logo-5.png\" alt=\"\">\n\t\t\t\t\t\t\t\t\t\t\t\t</div>\n\t\t\t\t\t\t\t\t\t\t\t\t<div class=\"content-grid-item col-md-6 center\">\n\t\t\t\t\t\t\t\t\t\t\t\t\t<img class=\"img-responsive\" src=\"images/joomlabuff/clients-logos/logo-6.png\" alt=\"\">\n\t\t\t\t\t\t\t\t\t\t\t\t</div>\n\t\t\t\t\t\t\t\t\t\t\t</div>\n\t\t\t\t\t\t\t\t\t\t</div>","class":"","global_text_color":"","global_link_color":"","global_link_hover_color":"","global_use_background":"0","global_background_color":"","global_background_image":"","global_background_repeat":"no-repeat","global_background_size":"cover","global_background_attachment":"inherit","global_user_border":"0","global_border_width":"","global_border_color":"","global_boder_style":"none","global_border_radius":"","global_margin":"","global_padding":"","global_use_animation":"0","global_animation":"","global_animationduration":"300","global_animationdelay":"0","hidden_md":"0","hidden_sm":"0","hidden_xs":"0","acl":null}}]}]}]}]},{"id":1480049301159,"visibility":true,"collapse":false,"settings":{"admin_label":"Our Portfolio","title":"Our <strong>Portfolio</strong>","heading_selector":"h3","title_fontsize":"","title_fontweight":"","title_text_color":"","title_margin_top":"","title_margin_bottom":"","subtitle":"","subtitle_fontsize":"","title_position":"sppb-text-left","columns_equal_height":"0","fullscreen":"0","no_gutter":"0","id":"","class":"","padding":"50px 0px 50px 0px","margin":"0px 0px 0px 0px","color":"","background_color":"","background_image":"","overlay":"","background_repeat":"no-repeat","background_size":"cover","background_attachment":"fixed","background_position":"0 0","background_video":"0","background_video_mp4":"","background_video_ogv":"","hidden_xs":"","hidden_sm":"","hidden_md":"","animation":"","animationduration":"300","animationdelay":"0"},"layout":"12","columns":[{"id":1480049301160,"class_name":"col-md-12","visibility":true,"settings":{},"addons":[{"id":1481207962702,"name":"module","visibility":true,"settings":{"admin_label":"portfolio slider","title":"","heading_selector":"h3","title_fontsize":"","title_lineheight":"","title_fontstyle":null,"title_letterspace":"0","title_fontweight":"","title_text_color":"","title_margin_top":"","title_margin_bottom":"","module_type":"module","id":"126","position":"","class":"","global_text_color":"","global_link_color":"","global_link_hover_color":"","global_use_background":"0","global_background_color":"","global_background_image":"","global_background_repeat":"no-repeat","global_background_size":"cover","global_background_attachment":"inherit","global_user_border":"0","global_border_width":"","global_border_color":"","global_boder_style":"none","global_border_radius":"","global_margin":"","global_padding":"","global_use_animation":"0","global_animation":"","global_animationduration":"300","global_animationdelay":"0","hidden_md":"0","hidden_sm":"0","hidden_xs":"0","acl":null}}]}]}]